"year","sci_name_out","count","area_sampled_m2","Long_LAEA","Lat_LAEA","siteID","scheme_code"
2003,"Species1",28,1507968,4828204.1977902,2807416.77406439,"Site_1","scheme_code1"
2006,"Species1",20,1507968,4828204.1977902,2807416.77406439,"Site_1","scheme_code1"
2009,"Species1",18,1507968,4828204.1977902,2807416.77406439,"Site_1","scheme_code1"
2001,"Species1",14,1507968,4828204.1977902,2807416.77406439,"Site_1","scheme_code1"
2004,"Species1",28,1507968,4828204.1977902,2807416.77406439,"Site_1","scheme_code1"
2002,"Species1",18,1507968,4828204.1977902,2807416.77406439,"Site_1","scheme_code1"
2005,"Species1",20,1507968,4828204.1977902,2807416.77406439,"Site_1","scheme_code1"
2000,"Species1",15,1507968,4828204.1977902,2807416.77406439,"Site_1","scheme_code1"
2010,"Species1",23,1507968,4828204.1977902,2807416.77406439,"Site_1","scheme_code1"
2008,"Species1",23,1507968,4828204.1977902,2807416.77406439,"Site_1","scheme_code1"
2009,"Species1",55,1709030.4,4796136.8846993,2794400.06607198,"Site_2","scheme_code1"
2008,"Species1",55,1709030.4,4796136.8846993,2794400.06607198,"Site_2","scheme_code1"
2019,"Species1",55,1709030.4,4796136.8846993,2794400.06607198,"Site_2","scheme_code1"
2014,"Species1",55,1709030.4,4796136.8846993,2794400.06607198,"Site_2","scheme_code1"
2006,"Species1",55,1709030.4,4796136.8846993,2794400.06607198,"Site_2","scheme_code1"
2007,"Species1",55,1709030.4,4796136.8846993,2794400.06607198,"Site_2","scheme_code1"
2013,"Species1",55,1709030.4,4796136.8846993,2794400.06607198,"Site_2","scheme_code1"
2020,"Species1",55,1709030.4,4796136.8846993,2794400.06607198,"Site_2","scheme_code1"
2016,"Species1",55,1709030.4,4796136.8846993,2794400.06607198,"Site_2","scheme_code1"
2010,"Species1",55,1709030.4,4796136.8846993,2794400.06607198,"Site_2","scheme_code1"
2012,"Species1",55,1709030.4,4796136.8846993,2794400.06607198,"Site_2","scheme_code1"
2011,"Species1",55,1709030.4,4796136.8846993,2794400.06607198,"Site_2","scheme_code1"
2001,"Species1",47,1709030.4,4796136.8846993,2794400.06607198,"Site_2","scheme_code1"
2015,"Species1",55,1709030.4,4796136.8846993,2794400.06607198,"Site_2","scheme_code1"
2005,"Species1",55,1709030.4,4796136.8846993,2794400.06607198,"Site_2","scheme_code1"
2002,"Species1",55,1709030.4,4796136.8846993,2794400.06607198,"Site_2","scheme_code1"
2017,"Species1",55,1709030.4,4796136.8846993,2794400.06607198,"Site_2","scheme_code1"
2018,"Species1",55,1709030.4,4796136.8846993,2794400.06607198,"Site_2","scheme_code1"
2003,"Species1",55,1709030.4,4796136.8846993,2794400.06607198,"Site_2","scheme_code1"
2004,"Species1",55,1709030.4,4796136.8846993,2794400.06607198,"Site_2","scheme_code1"
2006,"Species1",55,1633632,4818354.86190969,2807358.70180574,"Site_3","scheme_code1"
2019,"Species1",55,1633632,4818354.86190969,2807358.70180574,"Site_3","scheme_code1"
2008,"Species1",55,1633632,4818354.86190969,2807358.70180574,"Site_3","scheme_code1"
2015,"Species1",55,1633632,4818354.86190969,2807358.70180574,"Site_3","scheme_code1"
2004,"Species1",55,1633632,4818354.86190969,2807358.70180574,"Site_3","scheme_code1"
2016,"Species1",55,1633632,4818354.86190969,2807358.70180574,"Site_3","scheme_code1"
2020,"Species1",55,1633632,4818354.86190969,2807358.70180574,"Site_3","scheme_code1"
2010,"Species1",55,1633632,4818354.86190969,2807358.70180574,"Site_3","scheme_code1"
2017,"Species1",55,1633632,4818354.86190969,2807358.70180574,"Site_3","scheme_code1"
2005,"Species1",55,1633632,4818354.86190969,2807358.70180574,"Site_3","scheme_code1"
2009,"Species1",55,1633632,4818354.86190969,2807358.70180574,"Site_3","scheme_code1"
2018,"Species1",55,1633632,4818354.86190969,2807358.70180574,"Site_3","scheme_code1"
2014,"Species1",55,1633632,4818354.86190969,2807358.70180574,"Site_3","scheme_code1"
2012,"Species1",55,1633632,4818354.86190969,2807358.70180574,"Site_3","scheme_code1"
2021,"Species1",45,1633632,4818354.86190969,2807358.70180574,"Site_3","scheme_code1"
2013,"Species1",55,1633632,4818354.86190969,2807358.70180574,"Site_3","scheme_code1"
2011,"Species1",55,1633632,4818354.86190969,2807358.70180574,"Site_3","scheme_code1"
2012,"Species1",15,1759296,4704152.36601611,2870604.15508216,"Site_4","scheme_code1"
2021,"Species1",7,1759296,4652010.06698774,2842246.61858392,"Site_5","scheme_code1"
2018,"Species1",4,1759296,4652010.06698774,2842246.61858392,"Site_5","scheme_code1"
2020,"Species1",8,1759296,4652010.06698774,2842246.61858392,"Site_5","scheme_code1"
2020,"Species1",30,1759296,4823439.58782216,2867858.2163183,"Site_6","scheme_code1"
2019,"Species1",24,1759296,4823439.58782216,2867858.2163183,"Site_6","scheme_code1"
2021,"Species1",24,1759296,4823439.58782216,2867858.2163183,"Site_6","scheme_code1"
2009,"Species1",6,1327667.47826086,4671332.5169494,2838525.13692158,"Site_7","scheme_code1"
2005,"Species1",6,1327667.47826086,4671332.5169494,2838525.13692158,"Site_7","scheme_code1"
2004,"Species1",7,1327667.47826086,4671332.5169494,2838525.13692158,"Site_7","scheme_code1"
2021,"Species1",5,1327667.47826086,4671332.5169494,2838525.13692158,"Site_7","scheme_code1"
2008,"Species1",9,1327667.47826086,4671332.5169494,2838525.13692158,"Site_7","scheme_code1"
2011,"Species1",4,1327667.47826086,4671332.5169494,2838525.13692158,"Site_7","scheme_code1"
2013,"Species1",3,1327667.47826086,4671332.5169494,2838525.13692158,"Site_7","scheme_code1"
2014,"Species1",1,1327667.47826086,4671332.5169494,2838525.13692158,"Site_7","scheme_code1"
2000,"Species1",8,1327667.47826086,4671332.5169494,2838525.13692158,"Site_7","scheme_code1"
2003,"Species1",4,1327667.47826086,4671332.5169494,2838525.13692158,"Site_7","scheme_code1"
2016,"Species1",2,1327667.47826086,4671332.5169494,2838525.13692158,"Site_7","scheme_code1"
2018,"Species1",2,1327667.47826086,4671332.5169494,2838525.13692158,"Site_7","scheme_code1"
2015,"Species1",3,1327667.47826086,4671332.5169494,2838525.13692158,"Site_7","scheme_code1"
2017,"Species1",2,1327667.47826086,4671332.5169494,2838525.13692158,"Site_7","scheme_code1"
2012,"Species1",3,1327667.47826086,4671332.5169494,2838525.13692158,"Site_7","scheme_code1"
2001,"Species1",7,1327667.47826086,4671332.5169494,2838525.13692158,"Site_7","scheme_code1"
2006,"Species1",2,1327667.47826086,4671332.5169494,2838525.13692158,"Site_7","scheme_code1"
2020,"Species1",3,1327667.47826086,4671332.5169494,2838525.13692158,"Site_7","scheme_code1"
2019,"Species1",2,1327667.47826086,4671332.5169494,2838525.13692158,"Site_7","scheme_code1"
2010,"Species1",6,1327667.47826086,4671332.5169494,2838525.13692158,"Site_7","scheme_code1"
2007,"Species1",2,1327667.47826086,4671332.5169494,2838525.13692158,"Site_7","scheme_code1"
2001,"Species1",4,1884960,3887744.08113842,3076789.77047863,"Site_8","scheme_code2"
2006,"Species1",4,1884960,3887744.08113842,3076789.77047863,"Site_8","scheme_code2"
2000,"Species1",7,1884960,3887744.08113842,3076789.77047863,"Site_8","scheme_code2"
2003,"Species1",2,1884960,3887744.08113842,3076789.77047863,"Site_8","scheme_code2"
2012,"Species1",12,1884960,3882968.22160086,3070962.93049068,"Site_9","scheme_code2"
2013,"Species1",15,1884960,3882968.22160086,3070962.93049068,"Site_9","scheme_code2"
2014,"Species1",7,1884960,3877453.71518937,3056121.9442532,"Site_10","scheme_code2"
2018,"Species1",13,1884960,3877453.71518937,3056121.9442532,"Site_10","scheme_code2"
2015,"Species1",8,1884960,3877453.71518937,3056121.9442532,"Site_10","scheme_code2"
2017,"Species1",8,1884960,3877453.71518937,3056121.9442532,"Site_10","scheme_code2"
2016,"Species1",13,1884960,3877453.71518937,3056121.9442532,"Site_10","scheme_code2"
2017,"Species1",4,1130976,3931355.89178521,3060778.83451905,"Site_11","scheme_code2"
2016,"Species1",8,1130976,3931355.89178521,3060778.83451905,"Site_11","scheme_code2"
2018,"Species1",2,1130976,3931355.89178521,3060778.83451905,"Site_11","scheme_code2"
2015,"Species1",8,1130976,3931355.89178521,3060778.83451905,"Site_11","scheme_code2"
2021,"Species1",8,1130976,3931355.89178521,3060778.83451905,"Site_11","scheme_code2"
2020,"Species1",7,1130976,3931355.89178521,3060778.83451905,"Site_11","scheme_code2"
2010,"Species1",55,4e+05,5388763.63961611,2288019.3433832,"Site_12","scheme_code3"
2012,"Species1",55,4e+05,5388763.63961611,2288019.3433832,"Site_12","scheme_code3"
2013,"Species1",49,4e+05,5388763.63961611,2288019.3433832,"Site_12","scheme_code3"
2005,"Species1",55,4e+05,5388763.63961611,2288019.3433832,"Site_12","scheme_code3"
2009,"Species1",55,4e+05,5388763.63961611,2288019.3433832,"Site_12","scheme_code3"
2007,"Species1",55,4e+05,5388763.63961611,2288019.3433832,"Site_12","scheme_code3"
2011,"Species1",55,4e+05,5388763.63961611,2288019.3433832,"Site_12","scheme_code3"
2008,"Species1",55,4e+05,5388763.63961611,2288019.3433832,"Site_12","scheme_code3"
2006,"Species1",55,4e+05,5388763.63961611,2288019.3433832,"Site_12","scheme_code3"
2006,"Species1",1,4e+05,5430059.65698791,2269569.14023419,"Site_13","scheme_code3"
2019,"Species1",37,4e+05,5430059.65698791,2269569.14023419,"Site_13","scheme_code3"
2021,"Species1",25,4e+05,5430059.65698791,2269569.14023419,"Site_13","scheme_code3"
2005,"Species1",1,4e+05,5430059.65698791,2269569.14023419,"Site_13","scheme_code3"
2018,"Species1",40,4e+05,5430059.65698791,2269569.14023419,"Site_13","scheme_code3"
2017,"Species1",51,4e+05,5430059.65698791,2269569.14023419,"Site_13","scheme_code3"
2007,"Species1",0,4e+05,5430059.65698791,2269569.14023419,"Site_13","scheme_code3"
2020,"Species1",29,4e+05,5430059.65698791,2269569.14023419,"Site_13","scheme_code3"
2013,"Species1",7,4e+05,5595289.03788721,2367345.01092531,"Site_14","scheme_code3"
2017,"Species1",1,4e+05,5595289.03788721,2367345.01092531,"Site_14","scheme_code3"
2014,"Species1",2,4e+05,5595289.03788721,2367345.01092531,"Site_14","scheme_code3"
2016,"Species1",21,4e+05,5595289.03788721,2367345.01092531,"Site_14","scheme_code3"
2012,"Species1",0,4e+05,5595289.03788721,2367345.01092531,"Site_14","scheme_code3"
2010,"Species1",24,4e+05,5595289.03788721,2367345.01092531,"Site_14","scheme_code3"
2011,"Species1",15,4e+05,5595289.03788721,2367345.01092531,"Site_14","scheme_code3"
2015,"Species1",7,4e+05,5650251.13526881,2377890.00132899,"Site_15","scheme_code3"
2012,"Species1",0,4e+05,5650251.13526881,2377890.00132899,"Site_15","scheme_code3"
2014,"Species1",10,4e+05,5650251.13526881,2377890.00132899,"Site_15","scheme_code3"
2013,"Species1",5,4e+05,5650251.13526881,2377890.00132899,"Site_15","scheme_code3"
2012,"Species1",2,4e+05,5756731.47536955,2319867.1828698,"Site_16","scheme_code3"
2014,"Species1",3,4e+05,5756731.47536955,2319867.1828698,"Site_16","scheme_code3"
2011,"Species1",0,4e+05,5756731.47536955,2319867.1828698,"Site_16","scheme_code3"
2015,"Species1",6,1e+06,4209176.30632333,2612922.59125038,"Site_17","scheme_code4"
2014,"Species1",8,1e+06,4209176.30632333,2612922.59125038,"Site_17","scheme_code4"
2010,"Species1",8,1e+06,4209176.30632333,2612922.59125038,"Site_17","scheme_code4"
2011,"Species1",6,1e+06,4209176.30632333,2612922.59125038,"Site_17","scheme_code4"
2002,"Species1",8,1e+06,4209176.30632333,2612922.59125038,"Site_17","scheme_code4"
2000,"Species1",6,1e+06,4209176.30632333,2612922.59125038,"Site_17","scheme_code4"
2021,"Species1",8,1e+06,4209176.30632333,2612922.59125038,"Site_17","scheme_code4"
2018,"Species1",6,1e+06,4209176.30632333,2612922.59125038,"Site_17","scheme_code4"
2001,"Species1",10,1e+06,4209176.30632333,2612922.59125038,"Site_17","scheme_code4"
2004,"Species1",8,1e+06,4209176.30632333,2612922.59125038,"Site_17","scheme_code4"
2008,"Species1",6,1e+06,4209176.30632333,2612922.59125038,"Site_17","scheme_code4"
2020,"Species1",8,1e+06,4209176.30632333,2612922.59125038,"Site_17","scheme_code4"
2012,"Species1",4,1e+06,4209176.30632333,2612922.59125038,"Site_17","scheme_code4"
2019,"Species1",6,1e+06,4209176.30632333,2612922.59125038,"Site_17","scheme_code4"
2009,"Species1",6,1e+06,4209176.30632333,2612922.59125038,"Site_17","scheme_code4"
2016,"Species1",8,1e+06,4209176.30632333,2612922.59125038,"Site_17","scheme_code4"
2007,"Species1",12,1e+06,4209176.30632333,2612922.59125038,"Site_17","scheme_code4"
2003,"Species1",6,1e+06,4209176.30632333,2612922.59125038,"Site_17","scheme_code4"
2006,"Species1",10,1e+06,4209176.30632333,2612922.59125038,"Site_17","scheme_code4"
2017,"Species1",6,1e+06,4209176.30632333,2612922.59125038,"Site_17","scheme_code4"
2013,"Species1",8,1e+06,4209176.30632333,2612922.59125038,"Site_17","scheme_code4"
2005,"Species1",4,1e+06,4209176.30632333,2612922.59125038,"Site_17","scheme_code4"
2008,"Species1",46,1e+06,4182350.93466741,2703126.35830267,"Site_18","scheme_code4"
2005,"Species1",54,1e+06,4182350.93466741,2703126.35830267,"Site_18","scheme_code4"
2019,"Species1",44,1e+06,4182350.93466741,2703126.35830267,"Site_18","scheme_code4"
2000,"Species1",50,1e+06,4182350.93466741,2703126.35830267,"Site_18","scheme_code4"
2009,"Species1",38,1e+06,4182350.93466741,2703126.35830267,"Site_18","scheme_code4"
2014,"Species1",28,1e+06,4182350.93466741,2703126.35830267,"Site_18","scheme_code4"
2010,"Species1",38,1e+06,4182350.93466741,2703126.35830267,"Site_18","scheme_code4"
2021,"Species1",42,1e+06,4182350.93466741,2703126.35830267,"Site_18","scheme_code4"
2003,"Species1",46,1e+06,4182350.93466741,2703126.35830267,"Site_18","scheme_code4"
2007,"Species1",50,1e+06,4182350.93466741,2703126.35830267,"Site_18","scheme_code4"
2015,"Species1",38,1e+06,4182350.93466741,2703126.35830267,"Site_18","scheme_code4"
2020,"Species1",38,1e+06,4182350.93466741,2703126.35830267,"Site_18","scheme_code4"
2016,"Species1",26,1e+06,4182350.93466741,2703126.35830267,"Site_18","scheme_code4"
2004,"Species1",52,1e+06,4182350.93466741,2703126.35830267,"Site_18","scheme_code4"
2001,"Species1",44,1e+06,4182350.93466741,2703126.35830267,"Site_18","scheme_code4"
2018,"Species1",30,1e+06,4182350.93466741,2703126.35830267,"Site_18","scheme_code4"
2002,"Species1",38,1e+06,4182350.93466741,2703126.35830267,"Site_18","scheme_code4"
2012,"Species1",40,1e+06,4182350.93466741,2703126.35830267,"Site_18","scheme_code4"
2006,"Species1",48,1e+06,4182350.93466741,2703126.35830267,"Site_18","scheme_code4"
2017,"Species1",34,1e+06,4182350.93466741,2703126.35830267,"Site_18","scheme_code4"
2011,"Species1",28,1e+06,4182350.93466741,2703126.35830267,"Site_18","scheme_code4"
2013,"Species1",24,1e+06,4182350.93466741,2703126.35830267,"Site_18","scheme_code4"
2000,"Species1",0,1e+06,4158224.44522817,2669478.48459342,"Site_19","scheme_code4"
2003,"Species1",0,1e+06,4158224.44522817,2669478.48459342,"Site_19","scheme_code4"
2014,"Species1",0,1e+06,4158224.44522817,2669478.48459342,"Site_19","scheme_code4"
2015,"Species1",0,1e+06,4158224.44522817,2669478.48459342,"Site_19","scheme_code4"
2002,"Species1",0,1e+06,4158224.44522817,2669478.48459342,"Site_19","scheme_code4"
2004,"Species1",0,1e+06,4158224.44522817,2669478.48459342,"Site_19","scheme_code4"
2012,"Species1",0,1e+06,4158224.44522817,2669478.48459342,"Site_19","scheme_code4"
2006,"Species1",2,1e+06,4158224.44522817,2669478.48459342,"Site_19","scheme_code4"
2016,"Species1",0,1e+06,4158224.44522817,2669478.48459342,"Site_19","scheme_code4"
2017,"Species1",0,1e+06,4158224.44522817,2669478.48459342,"Site_19","scheme_code4"
2019,"Species1",0,1e+06,4158224.44522817,2669478.48459342,"Site_19","scheme_code4"
2010,"Species1",0,1e+06,4158224.44522817,2669478.48459342,"Site_19","scheme_code4"
2001,"Species1",0,1e+06,4158224.44522817,2669478.48459342,"Site_19","scheme_code4"
2011,"Species1",0,1e+06,4158224.44522817,2669478.48459342,"Site_19","scheme_code4"
2008,"Species1",0,1e+06,4158224.44522817,2669478.48459342,"Site_19","scheme_code4"
2013,"Species1",0,1e+06,4158224.44522817,2669478.48459342,"Site_19","scheme_code4"
2021,"Species1",0,1e+06,4158224.44522817,2669478.48459342,"Site_19","scheme_code4"
2009,"Species1",0,1e+06,4158224.44522817,2669478.48459342,"Site_19","scheme_code4"
2018,"Species1",0,1e+06,4158224.44522817,2669478.48459342,"Site_19","scheme_code4"
2020,"Species1",0,1e+06,4158224.44522817,2669478.48459342,"Site_19","scheme_code4"
2005,"Species1",4,1e+06,4158224.44522817,2669478.48459342,"Site_19","scheme_code4"
2007,"Species1",0,1e+06,4158224.44522817,2669478.48459342,"Site_19","scheme_code4"
2001,"Species1",0,1e+06,4244188.72607578,2717656.28266611,"Site_20","scheme_code4"
2013,"Species1",0,1e+06,4244188.72607578,2717656.28266611,"Site_20","scheme_code4"
2010,"Species1",2,1e+06,4244188.72607578,2717656.28266611,"Site_20","scheme_code4"
2007,"Species1",2,1e+06,4244188.72607578,2717656.28266611,"Site_20","scheme_code4"
2000,"Species1",2,1e+06,4244188.72607578,2717656.28266611,"Site_20","scheme_code4"
2005,"Species1",2,1e+06,4244188.72607578,2717656.28266611,"Site_20","scheme_code4"
2006,"Species1",2,1e+06,4244188.72607578,2717656.28266611,"Site_20","scheme_code4"
2014,"Species1",0,1e+06,4244188.72607578,2717656.28266611,"Site_20","scheme_code4"
2011,"Species1",2,1e+06,4244188.72607578,2717656.28266611,"Site_20","scheme_code4"
2012,"Species1",2,1e+06,4244188.72607578,2717656.28266611,"Site_20","scheme_code4"
2019,"Species1",0,1e+06,4244188.72607578,2717656.28266611,"Site_20","scheme_code4"
2016,"Species1",0,1e+06,4244188.72607578,2717656.28266611,"Site_20","scheme_code4"
2017,"Species1",0,1e+06,4244188.72607578,2717656.28266611,"Site_20","scheme_code4"
2021,"Species1",0,1e+06,4244188.72607578,2717656.28266611,"Site_20","scheme_code4"
2009,"Species1",4,1e+06,4244188.72607578,2717656.28266611,"Site_20","scheme_code4"
2015,"Species1",0,1e+06,4244188.72607578,2717656.28266611,"Site_20","scheme_code4"
2003,"Species1",2,1e+06,4244188.72607578,2717656.28266611,"Site_20","scheme_code4"
2018,"Species1",0,1e+06,4244188.72607578,2717656.28266611,"Site_20","scheme_code4"
2020,"Species1",0,1e+06,4244188.72607578,2717656.28266611,"Site_20","scheme_code4"
2002,"Species1",4,1e+06,4244188.72607578,2717656.28266611,"Site_20","scheme_code4"
2004,"Species1",6,1e+06,4244188.72607578,2717656.28266611,"Site_20","scheme_code4"
2008,"Species1",2,1e+06,4244188.72607578,2717656.28266611,"Site_20","scheme_code4"
2001,"Species1",21,2513274.12287183,4606620.42686036,2952361.9772425,"Site_21","scheme_code5"
2002,"Species1",20,2513274.12287183,4606620.42686036,2952361.9772425,"Site_21","scheme_code5"
2000,"Species1",15,2513274.12287183,4606620.42686036,2952361.9772425,"Site_21","scheme_code5"
2011,"Species1",9,2513274.12287183,4513492.05736616,3003625.7796328,"Site_22","scheme_code5"
2008,"Species1",4,2513274.12287183,4513492.05736616,3003625.7796328,"Site_22","scheme_code5"
2010,"Species1",11,2513274.12287183,4513492.05736616,3003625.7796328,"Site_22","scheme_code5"
2005,"Species1",5,2513274.12287183,4513492.05736616,3003625.7796328,"Site_22","scheme_code5"
2013,"Species1",10,2513274.12287183,4513492.05736616,3003625.7796328,"Site_22","scheme_code5"
2006,"Species1",5,2513274.12287183,4513492.05736616,3003625.7796328,"Site_22","scheme_code5"
2004,"Species1",4,2513274.12287183,4513492.05736616,3003625.7796328,"Site_22","scheme_code5"
2009,"Species1",10,2513274.12287183,4513492.05736616,3003625.7796328,"Site_22","scheme_code5"
2007,"Species1",5,2513274.12287183,4513492.05736616,3003625.7796328,"Site_22","scheme_code5"
2002,"Species1",1,2513274.12287183,4513492.05736616,3003625.7796328,"Site_22","scheme_code5"
2012,"Species1",9,2513274.12287183,4513492.05736616,3003625.7796328,"Site_22","scheme_code5"
2012,"Species1",11,2513274.12287183,4835859.17984943,2999814.97368589,"Site_23","scheme_code5"
2011,"Species1",8,2513274.12287183,4835859.17984943,2999814.97368589,"Site_23","scheme_code5"
2014,"Species1",4,1200000,4078220.16864295,3174713.50443683,"Site_24","scheme_code6"
2017,"Species1",0,1200000,4078220.16864295,3174713.50443683,"Site_24","scheme_code6"
2005,"Species1",6,1200000,4078220.16864295,3174713.50443683,"Site_24","scheme_code6"
2015,"Species1",0,1200000,4078220.16864295,3174713.50443683,"Site_24","scheme_code6"
2008,"Species1",4,1200000,4078220.16864295,3174713.50443683,"Site_24","scheme_code6"
2009,"Species1",0,1200000,4078220.16864295,3174713.50443683,"Site_24","scheme_code6"
2011,"Species1",4,1200000,4078220.16864295,3174713.50443683,"Site_24","scheme_code6"
2018,"Species1",4,1200000,4078220.16864295,3174713.50443683,"Site_24","scheme_code6"
2012,"Species1",4,1200000,4078220.16864295,3174713.50443683,"Site_24","scheme_code6"
2019,"Species1",0,1200000,4078220.16864295,3174713.50443683,"Site_24","scheme_code6"
2006,"Species1",2,1200000,4078220.16864295,3174713.50443683,"Site_24","scheme_code6"
2010,"Species1",0,1200000,4078220.16864295,3174713.50443683,"Site_24","scheme_code6"
2011,"Species1",22,1200000,4564567.09445912,3214772.50391311,"Site_25","scheme_code6"
2016,"Species1",26,1200000,4564567.09445912,3214772.50391311,"Site_25","scheme_code6"
2007,"Species1",20,1200000,4564567.09445912,3214772.50391311,"Site_25","scheme_code6"
2010,"Species1",22,1200000,4564567.09445912,3214772.50391311,"Site_25","scheme_code6"
2019,"Species1",8,1200000,4564567.09445912,3214772.50391311,"Site_25","scheme_code6"
2018,"Species1",16,1200000,4564567.09445912,3214772.50391311,"Site_25","scheme_code6"
2012,"Species1",24,1200000,4564567.09445912,3214772.50391311,"Site_25","scheme_code6"
2008,"Species1",20,1200000,4564567.09445912,3214772.50391311,"Site_25","scheme_code6"
2013,"Species1",18,1200000,4564567.09445912,3214772.50391311,"Site_25","scheme_code6"
2017,"Species1",18,1200000,4564567.09445912,3214772.50391311,"Site_25","scheme_code6"
2014,"Species1",18,1200000,4564567.09445912,3214772.50391311,"Site_25","scheme_code6"
2009,"Species1",22,1200000,4564567.09445912,3214772.50391311,"Site_25","scheme_code6"
2015,"Species1",18,1200000,4564567.09445912,3214772.50391311,"Site_25","scheme_code6"
2012,"Species1",24,1200000,4614685.92058855,3243891.81801535,"Site_26","scheme_code6"
2008,"Species1",18,1200000,4614685.92058855,3243891.81801535,"Site_26","scheme_code6"
2010,"Species1",24,1200000,4614685.92058855,3243891.81801535,"Site_26","scheme_code6"
2017,"Species1",18,1200000,4614685.92058855,3243891.81801535,"Site_26","scheme_code6"
2013,"Species1",24,1200000,4614685.92058855,3243891.81801535,"Site_26","scheme_code6"
2015,"Species1",20,1200000,4614685.92058855,3243891.81801535,"Site_26","scheme_code6"
2011,"Species1",20,1200000,4614685.92058855,3243891.81801535,"Site_26","scheme_code6"
2020,"Species1",38,1200000,4614685.92058855,3243891.81801535,"Site_26","scheme_code6"
2014,"Species1",18,1200000,4614685.92058855,3243891.81801535,"Site_26","scheme_code6"
2021,"Species1",30,1200000,4614685.92058855,3243891.81801535,"Site_26","scheme_code6"
2018,"Species1",24,1200000,4614685.92058855,3243891.81801535,"Site_26","scheme_code6"
2009,"Species1",20,1200000,4614685.92058855,3243891.81801535,"Site_26","scheme_code6"
2019,"Species1",30,1200000,4614685.92058855,3243891.81801535,"Site_26","scheme_code6"
2007,"Species1",30,1200000,4614685.92058855,3243891.81801535,"Site_26","scheme_code6"
2014,"Species1",16,1200000,4451131.84624557,3358162.88795107,"Site_27","scheme_code6"
2015,"Species1",20,1200000,4451131.84624557,3358162.88795107,"Site_27","scheme_code6"
2009,"Species1",14,1200000,4451131.84624557,3358162.88795107,"Site_27","scheme_code6"
2021,"Species1",14,1200000,4451131.84624557,3358162.88795107,"Site_27","scheme_code6"
2007,"Species1",14,1200000,4451131.84624557,3358162.88795107,"Site_27","scheme_code6"
2017,"Species1",24,1200000,4451131.84624557,3358162.88795107,"Site_27","scheme_code6"
2011,"Species1",20,1200000,4451131.84624557,3358162.88795107,"Site_27","scheme_code6"
2020,"Species1",24,1200000,4451131.84624557,3358162.88795107,"Site_27","scheme_code6"
2018,"Species1",18,1200000,4451131.84624557,3358162.88795107,"Site_27","scheme_code6"
2019,"Species1",14,1200000,4451131.84624557,3358162.88795107,"Site_27","scheme_code6"
2010,"Species1",12,1200000,4451131.84624557,3358162.88795107,"Site_27","scheme_code6"
2013,"Species1",18,1200000,4451131.84624557,3358162.88795107,"Site_27","scheme_code6"
2008,"Species1",14,1200000,4451131.84624557,3358162.88795107,"Site_27","scheme_code6"
2012,"Species1",14,1200000,4451131.84624557,3358162.88795107,"Site_27","scheme_code6"
2016,"Species1",24,1200000,4451131.84624557,3358162.88795107,"Site_27","scheme_code6"
2021,"Species1",18,1200000,4604958.71916739,3358551.30492508,"Site_28","scheme_code6"
2010,"Species1",10,1200000,4604958.71916739,3358551.30492508,"Site_28","scheme_code6"
2018,"Species1",12,1200000,4604958.71916739,3358551.30492508,"Site_28","scheme_code6"
2011,"Species1",4,1200000,4604958.71916739,3358551.30492508,"Site_28","scheme_code6"
2012,"Species1",10,1200000,4604958.71916739,3358551.30492508,"Site_28","scheme_code6"
2017,"Species1",14,1200000,4604958.71916739,3358551.30492508,"Site_28","scheme_code6"
2020,"Species1",18,1200000,4604958.71916739,3358551.30492508,"Site_28","scheme_code6"
2013,"Species1",10,1200000,4604958.71916739,3358551.30492508,"Site_28","scheme_code6"
2016,"Species1",12,1200000,4604958.71916739,3358551.30492508,"Site_28","scheme_code6"
2015,"Species1",12,1200000,4604958.71916739,3358551.30492508,"Site_28","scheme_code6"
2009,"Species1",10,1200000,4604958.71916739,3358551.30492508,"Site_28","scheme_code6"
2014,"Species1",12,1200000,4604958.71916739,3358551.30492508,"Site_28","scheme_code6"
2019,"Species1",14,1200000,4604958.71916739,3358551.30492508,"Site_28","scheme_code6"
2009,"Species1",16,1200000,4511989.46264098,3327343.45386165,"Site_29","scheme_code6"
2006,"Species1",10,1200000,4511989.46264098,3327343.45386165,"Site_29","scheme_code6"
2005,"Species1",10,1200000,4511989.46264098,3327343.45386165,"Site_29","scheme_code6"
2008,"Species1",12,1200000,4511989.46264098,3327343.45386165,"Site_29","scheme_code6"
2007,"Species1",16,1200000,4511989.46264098,3327343.45386165,"Site_29","scheme_code6"
2020,"Species1",55,1200000,4117863.45920823,3022051.08155484,"Site_30","scheme_code6"
2021,"Species1",55,1200000,4117863.45920823,3022051.08155484,"Site_30","scheme_code6"
2020,"Species1",0,1200000,4253242.53052789,3443239.05508351,"Site_31","scheme_code6"
2012,"Species1",0,1200000,4253242.53052789,3443239.05508351,"Site_31","scheme_code6"
2016,"Species1",2,1200000,4253242.53052789,3443239.05508351,"Site_31","scheme_code6"
2015,"Species1",2,1200000,4253242.53052789,3443239.05508351,"Site_31","scheme_code6"
2013,"Species1",2,1200000,4253242.53052789,3443239.05508351,"Site_31","scheme_code6"
2011,"Species1",0,1200000,4253242.53052789,3443239.05508351,"Site_31","scheme_code6"
2014,"Species1",0,1200000,4253242.53052789,3443239.05508351,"Site_31","scheme_code6"
2017,"Species1",4,1200000,4253242.53052789,3443239.05508351,"Site_31","scheme_code6"
2018,"Species1",2,1200000,4253242.53052789,3443239.05508351,"Site_31","scheme_code6"
2021,"Species1",0,1200000,4253242.53052789,3443239.05508351,"Site_31","scheme_code6"
2019,"Species1",2,1200000,4253242.53052789,3443239.05508351,"Site_31","scheme_code6"
2013,"Species1",6,1200000,4240159.63822467,3475161.99602077,"Site_32","scheme_code6"
2021,"Species1",8,1200000,4265863.10011668,3482602.04500138,"Site_33","scheme_code6"
2015,"Species1",16,1200000,4265863.10011668,3482602.04500138,"Site_33","scheme_code6"
2016,"Species1",10,1200000,4265863.10011668,3482602.04500138,"Site_33","scheme_code6"
2014,"Species1",0,1200000,4265863.10011668,3482602.04500138,"Site_33","scheme_code6"
2007,"Species1",14,1200000,4265863.10011668,3482602.04500138,"Site_33","scheme_code6"
2011,"Species1",8,1200000,4265863.10011668,3482602.04500138,"Site_33","scheme_code6"
2009,"Species1",10,1200000,4265863.10011668,3482602.04500138,"Site_33","scheme_code6"
2020,"Species1",8,1200000,4265863.10011668,3482602.04500138,"Site_33","scheme_code6"
2012,"Species1",6,1200000,4265863.10011668,3482602.04500138,"Site_33","scheme_code6"
2013,"Species1",6,1200000,4265863.10011668,3482602.04500138,"Site_33","scheme_code6"
2008,"Species1",10,1200000,4265863.10011668,3482602.04500138,"Site_33","scheme_code6"
2010,"Species1",10,1200000,4265863.10011668,3482602.04500138,"Site_33","scheme_code6"
2019,"Species1",10,1200000,4265863.10011668,3482602.04500138,"Site_33","scheme_code6"
2013,"Species1",18,1200000,4550086.31080387,3098654.65520787,"Site_34","scheme_code6"
2020,"Species1",16,1200000,4550086.31080387,3098654.65520787,"Site_34","scheme_code6"
2016,"Species1",8,1200000,4550086.31080387,3098654.65520787,"Site_34","scheme_code6"
2012,"Species1",18,1200000,4550086.31080387,3098654.65520787,"Site_34","scheme_code6"
2019,"Species1",8,1200000,4550086.31080387,3098654.65520787,"Site_34","scheme_code6"
2017,"Species1",16,1200000,4550086.31080387,3098654.65520787,"Site_34","scheme_code6"
2014,"Species1",16,1200000,4550086.31080387,3098654.65520787,"Site_34","scheme_code6"
2015,"Species1",14,1200000,4550086.31080387,3098654.65520787,"Site_34","scheme_code6"
2018,"Species1",14,1200000,4550086.31080387,3098654.65520787,"Site_34","scheme_code6"
2018,"Species1",4,1200000,4510814.4150993,3157798.55752828,"Site_35","scheme_code6"
2015,"Species1",4,1200000,4510814.4150993,3157798.55752828,"Site_35","scheme_code6"
2014,"Species1",4,1200000,4510814.4150993,3157798.55752828,"Site_35","scheme_code6"
2016,"Species1",4,1200000,4510814.4150993,3157798.55752828,"Site_35","scheme_code6"
2019,"Species1",2,1200000,4510814.4150993,3157798.55752828,"Site_35","scheme_code6"
2021,"Species1",4,1200000,4510814.4150993,3157798.55752828,"Site_35","scheme_code6"
2017,"Species1",4,1200000,4510814.4150993,3157798.55752828,"Site_35","scheme_code6"
2020,"Species1",4,1200000,4510814.4150993,3157798.55752828,"Site_35","scheme_code6"
2006,"Species1",4,1200000,4618397.92709159,3146597.47101444,"Site_36","scheme_code6"
2020,"Species1",4,1200000,4618397.92709159,3146597.47101444,"Site_36","scheme_code6"
2019,"Species1",0,1200000,4618397.92709159,3146597.47101444,"Site_36","scheme_code6"
2021,"Species1",6,1200000,4547897.20453491,3092063.63651697,"Site_37","scheme_code6"
2006,"Species1",4,1200000,4547897.20453491,3092063.63651697,"Site_37","scheme_code6"
2018,"Species1",8,1200000,4547897.20453491,3092063.63651697,"Site_37","scheme_code6"
2020,"Species1",8,1200000,4547897.20453491,3092063.63651697,"Site_37","scheme_code6"
2019,"Species1",8,1200000,4547897.20453491,3092063.63651697,"Site_37","scheme_code6"
2009,"Species1",12,1200000,4547897.20453491,3092063.63651697,"Site_37","scheme_code6"
2008,"Species1",8,1200000,4547897.20453491,3092063.63651697,"Site_37","scheme_code6"
2016,"Species1",14,1200000,4547897.20453491,3092063.63651697,"Site_37","scheme_code6"
2014,"Species1",12,1200000,4547897.20453491,3092063.63651697,"Site_37","scheme_code6"
2015,"Species1",12,1200000,4547897.20453491,3092063.63651697,"Site_37","scheme_code6"
2013,"Species1",18,1200000,4547897.20453491,3092063.63651697,"Site_37","scheme_code6"
2021,"Species1",32,1200000,4571446.06339991,3087349.39066754,"Site_38","scheme_code6"
2014,"Species1",10,1200000,4428241.72321127,3172020.76771547,"Site_39","scheme_code6"
2019,"Species1",12,1200000,4428241.72321127,3172020.76771547,"Site_39","scheme_code6"
2020,"Species1",6,1200000,4428241.72321127,3172020.76771547,"Site_39","scheme_code6"
2015,"Species1",2,1200000,4428241.72321127,3172020.76771547,"Site_39","scheme_code6"
2018,"Species1",12,1200000,4428241.72321127,3172020.76771547,"Site_39","scheme_code6"
2016,"Species1",0,1200000,4428241.72321127,3172020.76771547,"Site_39","scheme_code6"
2021,"Species1",48,1200000,4461916.36651946,3317244.5926028,"Site_40","scheme_code6"
2008,"Species1",20,1200000,4450915.67821763,3247985.6325032,"Site_41","scheme_code6"
2011,"Species1",14,1200000,4450915.67821763,3247985.6325032,"Site_41","scheme_code6"
2014,"Species1",12,1200000,4450915.67821763,3247985.6325032,"Site_41","scheme_code6"
2021,"Species1",20,1200000,4450915.67821763,3247985.6325032,"Site_41","scheme_code6"
2018,"Species1",14,1200000,4450915.67821763,3247985.6325032,"Site_41","scheme_code6"
2013,"Species1",14,1200000,4450915.67821763,3247985.6325032,"Site_41","scheme_code6"
2015,"Species1",12,1200000,4450915.67821763,3247985.6325032,"Site_41","scheme_code6"
2010,"Species1",10,1200000,4450915.67821763,3247985.6325032,"Site_41","scheme_code6"
2009,"Species1",14,1200000,4450915.67821763,3247985.6325032,"Site_41","scheme_code6"
2007,"Species1",16,1200000,4450915.67821763,3247985.6325032,"Site_41","scheme_code6"
2020,"Species1",16,1200000,4450915.67821763,3247985.6325032,"Site_41","scheme_code6"
2012,"Species1",14,1200000,4450915.67821763,3247985.6325032,"Site_41","scheme_code6"
2016,"Species1",12,1200000,4450915.67821763,3247985.6325032,"Site_41","scheme_code6"
2017,"Species1",12,1200000,4450915.67821763,3247985.6325032,"Site_41","scheme_code6"
2019,"Species1",12,1200000,4450915.67821763,3247985.6325032,"Site_41","scheme_code6"
2008,"Species1",16,1200000,4461998.23990344,3213768.57776887,"Site_42","scheme_code6"
2007,"Species1",18,1200000,4461998.23990344,3213768.57776887,"Site_42","scheme_code6"
2007,"Species1",16,1200000,4311056.5116718,3131159.31112737,"Site_43","scheme_code6"
2015,"Species1",2,1200000,4406991.49735064,3106618.69920101,"Site_44","scheme_code6"
2014,"Species1",4,1200000,4406991.49735064,3106618.69920101,"Site_44","scheme_code6"
2011,"Species1",2,1200000,4406991.49735064,3106618.69920101,"Site_44","scheme_code6"
2020,"Species1",2,1200000,4406991.49735064,3106618.69920101,"Site_44","scheme_code6"
2012,"Species1",0,1200000,4406991.49735064,3106618.69920101,"Site_44","scheme_code6"
2010,"Species1",6,1200000,4406991.49735064,3106618.69920101,"Site_44","scheme_code6"
2018,"Species1",0,1200000,4406991.49735064,3106618.69920101,"Site_44","scheme_code6"
2016,"Species1",2,1200000,4406991.49735064,3106618.69920101,"Site_44","scheme_code6"
2007,"Species1",10,1200000,4406991.49735064,3106618.69920101,"Site_44","scheme_code6"
2019,"Species1",2,1200000,4406991.49735064,3106618.69920101,"Site_44","scheme_code6"
2009,"Species1",2,1200000,4406991.49735064,3106618.69920101,"Site_44","scheme_code6"
2017,"Species1",2,1200000,4406991.49735064,3106618.69920101,"Site_44","scheme_code6"
2008,"Species1",4,1200000,4406991.49735064,3106618.69920101,"Site_44","scheme_code6"
2012,"Species1",8,1200000,4236037.39267031,2806088.16565996,"Site_45","scheme_code6"
2016,"Species1",2,1200000,4236037.39267031,2806088.16565996,"Site_45","scheme_code6"
2010,"Species1",2,1200000,4236037.39267031,2806088.16565996,"Site_45","scheme_code6"
2017,"Species1",6,1200000,4236037.39267031,2806088.16565996,"Site_45","scheme_code6"
2011,"Species1",12,1200000,4236037.39267031,2806088.16565996,"Site_45","scheme_code6"
2019,"Species1",2,1200000,4236037.39267031,2806088.16565996,"Site_45","scheme_code6"
2014,"Species1",6,1200000,4236037.39267031,2806088.16565996,"Site_45","scheme_code6"
2015,"Species1",6,1200000,4236037.39267031,2806088.16565996,"Site_45","scheme_code6"
2020,"Species1",6,1200000,4236037.39267031,2806088.16565996,"Site_45","scheme_code6"
2013,"Species1",4,1200000,4236037.39267031,2806088.16565996,"Site_45","scheme_code6"
2009,"Species1",8,1200000,4236037.39267031,2806088.16565996,"Site_45","scheme_code6"
2008,"Species1",6,1200000,4236037.39267031,2806088.16565996,"Site_45","scheme_code6"
2017,"Species1",6,1200000,4307133.4658031,2809630.75076862,"Site_46","scheme_code6"
2020,"Species1",10,1200000,4307133.4658031,2809630.75076862,"Site_46","scheme_code6"
2019,"Species1",8,1200000,4307133.4658031,2809630.75076862,"Site_46","scheme_code6"
2016,"Species1",8,1200000,4307133.4658031,2809630.75076862,"Site_46","scheme_code6"
2018,"Species1",8,1200000,4307133.4658031,2809630.75076862,"Site_46","scheme_code6"
2021,"Species1",16,1200000,4307133.4658031,2809630.75076862,"Site_46","scheme_code6"
2015,"Species1",8,1200000,4307133.4658031,2809630.75076862,"Site_46","scheme_code6"
2020,"Species1",28,1200000,4229698.38309665,2766382.12821066,"Site_47","scheme_code6"
2021,"Species1",22,1200000,4229698.38309665,2766382.12821066,"Site_47","scheme_code6"
2019,"Species1",26,1200000,4229698.38309665,2766382.12821066,"Site_47","scheme_code6"
2021,"Species1",6,1200000,4317708.88725662,2813044.23523065,"Site_48","scheme_code6"
2019,"Species1",10,1200000,4317708.88725662,2813044.23523065,"Site_48","scheme_code6"
2020,"Species1",6,1200000,4317708.88725662,2813044.23523065,"Site_48","scheme_code6"
2020,"Species1",2,1200000,4286082.04335296,2738727.20387386,"Site_49","scheme_code6"
2021,"Species1",0,1200000,4286082.04335296,2738727.20387386,"Site_49","scheme_code6"
2019,"Species1",0,1200000,4286082.04335296,2738727.20387386,"Site_49","scheme_code6"
2014,"Species1",20,1200000,4392674.24425778,2943339.57064848,"Site_50","scheme_code6"
2016,"Species1",28,1200000,4392674.24425778,2943339.57064848,"Site_50","scheme_code6"
2013,"Species1",20,1200000,4392674.24425778,2943339.57064848,"Site_50","scheme_code6"
2006,"Species1",22,1200000,4392674.24425778,2943339.57064848,"Site_50","scheme_code6"
2015,"Species1",26,1200000,4392674.24425778,2943339.57064848,"Site_50","scheme_code6"
2020,"Species1",22,1200000,4392674.24425778,2943339.57064848,"Site_50","scheme_code6"
2018,"Species1",18,1200000,4392674.24425778,2943339.57064848,"Site_50","scheme_code6"
2007,"Species1",18,1200000,4392674.24425778,2943339.57064848,"Site_50","scheme_code6"
2021,"Species1",22,1200000,4392674.24425778,2943339.57064848,"Site_50","scheme_code6"
2017,"Species1",24,1200000,4392674.24425778,2943339.57064848,"Site_50","scheme_code6"
2019,"Species1",18,1200000,4392674.24425778,2943339.57064848,"Site_50","scheme_code6"
2021,"Species1",2,1200000,4408111.9994745,2872319.85490631,"Site_51","scheme_code6"
2018,"Species1",4,1200000,4408111.9994745,2872319.85490631,"Site_51","scheme_code6"
2017,"Species1",2,1200000,4408111.9994745,2872319.85490631,"Site_51","scheme_code6"
2019,"Species1",6,1200000,4408111.9994745,2872319.85490631,"Site_51","scheme_code6"
2009,"Species1",2,1200000,4408111.9994745,2872319.85490631,"Site_51","scheme_code6"
2014,"Species1",2,1200000,4408111.9994745,2872319.85490631,"Site_51","scheme_code6"
2020,"Species1",4,1200000,4408111.9994745,2872319.85490631,"Site_51","scheme_code6"
2013,"Species1",4,1200000,4408111.9994745,2872319.85490631,"Site_51","scheme_code6"
2015,"Species1",2,1200000,4408111.9994745,2872319.85490631,"Site_51","scheme_code6"
2011,"Species1",0,1200000,4408111.9994745,2872319.85490631,"Site_51","scheme_code6"
2007,"Species1",6,1200000,4408111.9994745,2872319.85490631,"Site_51","scheme_code6"
2012,"Species1",2,1200000,4408111.9994745,2872319.85490631,"Site_51","scheme_code6"
2016,"Species1",4,1200000,4408111.9994745,2872319.85490631,"Site_51","scheme_code6"
2010,"Species1",0,1200000,4408111.9994745,2872319.85490631,"Site_51","scheme_code6"
2008,"Species1",2,1200000,4408111.9994745,2872319.85490631,"Site_51","scheme_code6"
2020,"Species1",20,1200000,4426398.75415929,2897049.05793845,"Site_52","scheme_code6"
2016,"Species1",10,1200000,4426398.75415929,2897049.05793845,"Site_52","scheme_code6"
2019,"Species1",20,1200000,4426398.75415929,2897049.05793845,"Site_52","scheme_code6"
2017,"Species1",16,1200000,4426398.75415929,2897049.05793845,"Site_52","scheme_code6"
2021,"Species1",12,1200000,4426398.75415929,2897049.05793845,"Site_52","scheme_code6"
2008,"Species1",2,1200000,4448000.89062085,2858595.4137147,"Site_53","scheme_code6"
2009,"Species1",4,1200000,4448000.89062085,2858595.4137147,"Site_53","scheme_code6"
2021,"Species1",4,1200000,4381566.51093091,2998288.07494928,"Site_54","scheme_code6"
2009,"Species1",16,1200000,4441903.23313484,3018093.87193591,"Site_55","scheme_code6"
2013,"Species1",18,1200000,4441903.23313484,3018093.87193591,"Site_55","scheme_code6"
2016,"Species1",6,1200000,4441903.23313484,3018093.87193591,"Site_55","scheme_code6"
2007,"Species1",18,1200000,4441903.23313484,3018093.87193591,"Site_55","scheme_code6"
2008,"Species1",12,1200000,4441903.23313484,3018093.87193591,"Site_55","scheme_code6"
2018,"Species1",18,1200000,4441903.23313484,3018093.87193591,"Site_55","scheme_code6"
2010,"Species1",14,1200000,4441903.23313484,3018093.87193591,"Site_55","scheme_code6"
2020,"Species1",18,1200000,4441903.23313484,3018093.87193591,"Site_55","scheme_code6"
2014,"Species1",22,1200000,4441903.23313484,3018093.87193591,"Site_55","scheme_code6"
2012,"Species1",24,1200000,4441903.23313484,3018093.87193591,"Site_55","scheme_code6"
2015,"Species1",10,1200000,4441903.23313484,3018093.87193591,"Site_55","scheme_code6"
2020,"Species1",2,1200000,4465902.38426575,3020815.86746135,"Site_56","scheme_code6"
2021,"Species1",2,1200000,4465902.38426575,3020815.86746135,"Site_56","scheme_code6"
2016,"Species1",0,1200000,4465902.38426575,3020815.86746135,"Site_56","scheme_code6"
2015,"Species1",0,1200000,4465902.38426575,3020815.86746135,"Site_56","scheme_code6"
2018,"Species1",0,1200000,4465902.38426575,3020815.86746135,"Site_56","scheme_code6"
2017,"Species1",0,1200000,4465902.38426575,3020815.86746135,"Site_56","scheme_code6"
2019,"Species1",0,1200000,4465902.38426575,3020815.86746135,"Site_56","scheme_code6"
2014,"Species1",2,1200000,4465902.38426575,3020815.86746135,"Site_56","scheme_code6"
2021,"Species1",0,1200000,4288954.24053068,3128285.48172257,"Site_57","scheme_code6"
2018,"Species1",2,1200000,4288954.24053068,3128285.48172257,"Site_57","scheme_code6"
2017,"Species1",2,1200000,4288954.24053068,3128285.48172257,"Site_57","scheme_code6"
2019,"Species1",2,1200000,4288954.24053068,3128285.48172257,"Site_57","scheme_code6"
2020,"Species1",0,1200000,4288954.24053068,3128285.48172257,"Site_57","scheme_code6"
2014,"Species1",10,1200000,4313610.40134407,3116886.32865201,"Site_58","scheme_code6"
2006,"Species1",16,1200000,4313610.40134407,3116886.32865201,"Site_58","scheme_code6"
2009,"Species1",14,1200000,4313610.40134407,3116886.32865201,"Site_58","scheme_code6"
2017,"Species1",16,1200000,4313610.40134407,3116886.32865201,"Site_58","scheme_code6"
2021,"Species1",22,1200000,4313610.40134407,3116886.32865201,"Site_58","scheme_code6"
2005,"Species1",16,1200000,4313610.40134407,3116886.32865201,"Site_58","scheme_code6"
2016,"Species1",10,1200000,4313610.40134407,3116886.32865201,"Site_58","scheme_code6"
2019,"Species1",6,1200000,4313610.40134407,3116886.32865201,"Site_58","scheme_code6"
2010,"Species1",14,1200000,4313610.40134407,3116886.32865201,"Site_58","scheme_code6"
2020,"Species1",18,1200000,4313610.40134407,3116886.32865201,"Site_58","scheme_code6"
2018,"Species1",10,1200000,4313610.40134407,3116886.32865201,"Site_58","scheme_code6"
2007,"Species1",14,1200000,4313610.40134407,3116886.32865201,"Site_58","scheme_code6"
2013,"Species1",10,1200000,4313610.40134407,3116886.32865201,"Site_58","scheme_code6"
2015,"Species1",16,1200000,4313610.40134407,3116886.32865201,"Site_58","scheme_code6"
2012,"Species1",18,1200000,4313610.40134407,3116886.32865201,"Site_58","scheme_code6"
2011,"Species1",22,1200000,4313610.40134407,3116886.32865201,"Site_58","scheme_code6"
2008,"Species1",12,1200000,4313610.40134407,3116886.32865201,"Site_58","scheme_code6"
2018,"Species1",55,1200000,4573970.51697043,3399651.38921968,"Site_59","scheme_code6"
2017,"Species1",55,1200000,4573970.51697043,3399651.38921968,"Site_59","scheme_code6"
2021,"Species1",0,1200000,4573970.51697043,3399651.38921968,"Site_59","scheme_code6"
2019,"Species1",55,1200000,4573970.51697043,3399651.38921968,"Site_59","scheme_code6"
2020,"Species1",55,1200000,4573970.51697043,3399651.38921968,"Site_59","scheme_code6"
2018,"Species1",20,1200000,4494239.90283716,3410306.64280856,"Site_60","scheme_code6"
2020,"Species1",28,1200000,4494239.90283716,3410306.64280856,"Site_60","scheme_code6"
2017,"Species1",30,1200000,4494239.90283716,3410306.64280856,"Site_60","scheme_code6"
2019,"Species1",24,1200000,4494239.90283716,3410306.64280856,"Site_60","scheme_code6"
2014,"Species1",22,1200000,4477762.17108356,3414894.56451746,"Site_61","scheme_code6"
2015,"Species1",30,1200000,4477762.17108356,3414894.56451746,"Site_61","scheme_code6"
2021,"Species1",12,1200000,4457429.7791969,3407397.22016988,"Site_62","scheme_code6"
2008,"Species1",0,1200000,4221818.07728099,3343380.23671884,"Site_63","scheme_code6"
2009,"Species1",0,1200000,4221818.07728099,3343380.23671884,"Site_63","scheme_code6"
2006,"Species1",4,1200000,4221818.07728099,3343380.23671884,"Site_63","scheme_code6"
2010,"Species1",0,1200000,4221818.07728099,3343380.23671884,"Site_63","scheme_code6"
2018,"Species1",0,1200000,4221818.07728099,3343380.23671884,"Site_63","scheme_code6"
2007,"Species1",0,1200000,4221818.07728099,3343380.23671884,"Site_63","scheme_code6"
2012,"Species1",0,1200000,4221818.07728099,3343380.23671884,"Site_63","scheme_code6"
2005,"Species1",2,1200000,4221818.07728099,3343380.23671884,"Site_63","scheme_code6"
2016,"Species1",0,1200000,4221818.07728099,3343380.23671884,"Site_63","scheme_code6"
2015,"Species1",0,1200000,4221818.07728099,3343380.23671884,"Site_63","scheme_code6"
2021,"Species1",0,1200000,4221818.07728099,3343380.23671884,"Site_63","scheme_code6"
2011,"Species1",0,1200000,4221818.07728099,3343380.23671884,"Site_63","scheme_code6"
2017,"Species1",0,1200000,4221818.07728099,3343380.23671884,"Site_63","scheme_code6"
2014,"Species1",0,1200000,4221818.07728099,3343380.23671884,"Site_63","scheme_code6"
2020,"Species1",0,1200000,4221818.07728099,3343380.23671884,"Site_63","scheme_code6"
2013,"Species1",0,1200000,4221818.07728099,3343380.23671884,"Site_63","scheme_code6"
2019,"Species1",0,1200000,4221818.07728099,3343380.23671884,"Site_63","scheme_code6"
2015,"Species1",4,1200000,4320927.02079093,3336501.23676675,"Site_64","scheme_code6"
2018,"Species1",2,1200000,4320927.02079093,3336501.23676675,"Site_64","scheme_code6"
2016,"Species1",2,1200000,4320927.02079093,3336501.23676675,"Site_64","scheme_code6"
2020,"Species1",4,1200000,4320927.02079093,3336501.23676675,"Site_64","scheme_code6"
2017,"Species1",0,1200000,4320927.02079093,3336501.23676675,"Site_64","scheme_code6"
2019,"Species1",4,1200000,4320927.02079093,3336501.23676675,"Site_64","scheme_code6"
2021,"Species1",2,1200000,4320927.02079093,3336501.23676675,"Site_64","scheme_code6"
2016,"Species1",4,1200000,4333528.38166671,3243398.8624859,"Site_65","scheme_code6"
2015,"Species1",0,1200000,4333528.38166671,3243398.8624859,"Site_65","scheme_code6"
2017,"Species1",6,1200000,4333528.38166671,3243398.8624859,"Site_65","scheme_code6"
2010,"Species1",12,1200000,4129253.8905396,3272404.23522088,"Site_66","scheme_code6"
2011,"Species1",16,1200000,4129253.8905396,3272404.23522088,"Site_66","scheme_code6"
2007,"Species1",24,1200000,4129253.8905396,3272404.23522088,"Site_66","scheme_code6"
2008,"Species1",14,1200000,4129253.8905396,3272404.23522088,"Site_66","scheme_code6"
2005,"Species1",10,1200000,4129253.8905396,3272404.23522088,"Site_66","scheme_code6"
2009,"Species1",14,1200000,4129253.8905396,3272404.23522088,"Site_66","scheme_code6"
2006,"Species1",16,1200000,4129253.8905396,3272404.23522088,"Site_66","scheme_code6"
2013,"Species1",0,2513280,4251133.22853748,3771153.68107726,"Site_67","scheme_code7"
2012,"Species1",0,2513280,4251133.22853748,3771153.68107726,"Site_67","scheme_code7"
2015,"Species1",1,2513280,4251133.22853748,3771153.68107726,"Site_67","scheme_code7"
2019,"Species1",0,2513280,4251133.22853748,3771153.68107726,"Site_67","scheme_code7"
2018,"Species1",0,2513280,4251133.22853748,3771153.68107726,"Site_67","scheme_code7"
2010,"Species1",2,2513280,4251133.22853748,3771153.68107726,"Site_67","scheme_code7"
2005,"Species1",0,2513280,4251133.22853748,3771153.68107726,"Site_67","scheme_code7"
2006,"Species1",0,2513280,4251133.22853748,3771153.68107726,"Site_67","scheme_code7"
2014,"Species1",0,2513280,4251133.22853748,3771153.68107726,"Site_67","scheme_code7"
2003,"Species1",0,2513280,4251133.22853748,3771153.68107726,"Site_67","scheme_code7"
2004,"Species1",0,2513280,4251133.22853748,3771153.68107726,"Site_67","scheme_code7"
2017,"Species1",0,2513280,4251133.22853748,3771153.68107726,"Site_67","scheme_code7"
2020,"Species1",1,2513280,4251133.22853748,3771153.68107726,"Site_67","scheme_code7"
2001,"Species1",2,2513280,4251133.22853748,3771153.68107726,"Site_67","scheme_code7"
2008,"Species1",0,2513280,4251133.22853748,3771153.68107726,"Site_67","scheme_code7"
2011,"Species1",1,2513280,4251133.22853748,3771153.68107726,"Site_67","scheme_code7"
2009,"Species1",4,2513280,4251133.22853748,3771153.68107726,"Site_67","scheme_code7"
2000,"Species1",0,2513280,4251133.22853748,3771153.68107726,"Site_67","scheme_code7"
2002,"Species1",0,2513280,4251133.22853748,3771153.68107726,"Site_67","scheme_code7"
2021,"Species1",0,2513280,4251133.22853748,3771153.68107726,"Site_67","scheme_code7"
2007,"Species1",0,2513280,4251133.22853748,3771153.68107726,"Site_67","scheme_code7"
2003,"Species1",4,1759296,4472848.89379271,3650014.19430937,"Site_68","scheme_code7"
2002,"Species1",8,1759296,4472848.89379271,3650014.19430937,"Site_68","scheme_code7"
2004,"Species1",7,2513280,4347385.31479696,3677597.85731466,"Site_69","scheme_code7"
2005,"Species1",20,1256640,4293466.16625433,3564912.12836797,"Site_70","scheme_code7"
2018,"Species1",15,1256640,4293466.16625433,3564912.12836797,"Site_70","scheme_code7"
2016,"Species1",21,1256640,4293466.16625433,3564912.12836797,"Site_70","scheme_code7"
2011,"Species1",20,1256640,4293466.16625433,3564912.12836797,"Site_70","scheme_code7"
2009,"Species1",12,1256640,4293466.16625433,3564912.12836797,"Site_70","scheme_code7"
2006,"Species1",14,1256640,4293466.16625433,3564912.12836797,"Site_70","scheme_code7"
2013,"Species1",30,1256640,4293466.16625433,3564912.12836797,"Site_70","scheme_code7"
2012,"Species1",20,1256640,4293466.16625433,3564912.12836797,"Site_70","scheme_code7"
2015,"Species1",20,1256640,4293466.16625433,3564912.12836797,"Site_70","scheme_code7"
2014,"Species1",20,1256640,4293466.16625433,3564912.12836797,"Site_70","scheme_code7"
2020,"Species1",10,1256640,4293466.16625433,3564912.12836797,"Site_70","scheme_code7"
2004,"Species1",17,1256640,4293466.16625433,3564912.12836797,"Site_70","scheme_code7"
2008,"Species1",12,1256640,4293466.16625433,3564912.12836797,"Site_70","scheme_code7"
2019,"Species1",13,1256640,4293466.16625433,3564912.12836797,"Site_70","scheme_code7"
2017,"Species1",20,1256640,4293466.16625433,3564912.12836797,"Site_70","scheme_code7"
2021,"Species1",20,1256640,4293466.16625433,3564912.12836797,"Site_70","scheme_code7"
2010,"Species1",14,1256640,4293466.16625433,3564912.12836797,"Site_70","scheme_code7"
2007,"Species1",14,1256640,4293466.16625433,3564912.12836797,"Site_70","scheme_code7"
2005,"Species1",5,1759296,4428670.72726804,3645676.897555,"Site_71","scheme_code7"
2004,"Species1",20,1759296,4428670.72726804,3645676.897555,"Site_71","scheme_code7"
2006,"Species1",8,1759296,4428670.72726804,3645676.897555,"Site_71","scheme_code7"
2008,"Species1",2,1256640,4291107.42600674,3666818.73606867,"Site_72","scheme_code7"
2013,"Species1",1,1256640,4291107.42600674,3666818.73606867,"Site_72","scheme_code7"
2009,"Species1",1,1256640,4291107.42600674,3666818.73606867,"Site_72","scheme_code7"
2006,"Species1",4,1256640,4291107.42600674,3666818.73606867,"Site_72","scheme_code7"
2016,"Species1",1,1256640,4291107.42600674,3666818.73606867,"Site_72","scheme_code7"
2012,"Species1",2,1256640,4291107.42600674,3666818.73606867,"Site_72","scheme_code7"
2014,"Species1",2,1256640,4291107.42600674,3666818.73606867,"Site_72","scheme_code7"
2007,"Species1",1,1256640,4291107.42600674,3666818.73606867,"Site_72","scheme_code7"
2010,"Species1",1,1256640,4291107.42600674,3666818.73606867,"Site_72","scheme_code7"
2011,"Species1",1,1256640,4291107.42600674,3666818.73606867,"Site_72","scheme_code7"
2015,"Species1",1,1256640,4291107.42600674,3666818.73606867,"Site_72","scheme_code7"
2013,"Species1",39,1256640,4439320.05202454,3545263.62344139,"Site_73","scheme_code7"
2011,"Species1",24,1256640,4439320.05202454,3545263.62344139,"Site_73","scheme_code7"
2014,"Species1",29,1256640,4439320.05202454,3545263.62344139,"Site_73","scheme_code7"
2009,"Species1",20,1256640,4439320.05202454,3545263.62344139,"Site_73","scheme_code7"
2008,"Species1",22,1256640,4439320.05202454,3545263.62344139,"Site_73","scheme_code7"
2015,"Species1",38,1256640,4439320.05202454,3545263.62344139,"Site_73","scheme_code7"
2012,"Species1",23,1256640,4439320.05202454,3545263.62344139,"Site_73","scheme_code7"
2007,"Species1",15,1256640,4439320.05202454,3545263.62344139,"Site_73","scheme_code7"
2016,"Species1",40,1256640,4439320.05202454,3545263.62344139,"Site_73","scheme_code7"
2010,"Species1",37,1256640,4439320.05202454,3545263.62344139,"Site_73","scheme_code7"
2006,"Species1",16,1256640,4439320.05202454,3545263.62344139,"Site_73","scheme_code7"
2018,"Species1",0,1256640,4272765.21462508,3630865.93318844,"Site_74","scheme_code7"
2007,"Species1",0,1256640,4272765.21462508,3630865.93318844,"Site_74","scheme_code7"
2019,"Species1",0,1256640,4272765.21462508,3630865.93318844,"Site_74","scheme_code7"
2017,"Species1",0,1256640,4272765.21462508,3630865.93318844,"Site_74","scheme_code7"
2006,"Species1",0,1256640,4272765.21462508,3630865.93318844,"Site_74","scheme_code7"
2008,"Species1",0,1256640,4272765.21462508,3630865.93318844,"Site_74","scheme_code7"
2020,"Species1",0,1256640,4272765.21462508,3630865.93318844,"Site_74","scheme_code7"
2015,"Species1",0,1256640,4272765.21462508,3630865.93318844,"Site_74","scheme_code7"
2010,"Species1",0,1256640,4272765.21462508,3630865.93318844,"Site_74","scheme_code7"
2013,"Species1",0,1256640,4272765.21462508,3630865.93318844,"Site_74","scheme_code7"
2009,"Species1",2,1256640,4272765.21462508,3630865.93318844,"Site_74","scheme_code7"
2014,"Species1",0,1256640,4272765.21462508,3630865.93318844,"Site_74","scheme_code7"
2021,"Species1",0,1256640,4272765.21462508,3630865.93318844,"Site_74","scheme_code7"
2012,"Species1",0,1256640,4272765.21462508,3630865.93318844,"Site_74","scheme_code7"
2016,"Species1",0,1256640,4272765.21462508,3630865.93318844,"Site_74","scheme_code7"
2011,"Species1",0,1256640,4272765.21462508,3630865.93318844,"Site_74","scheme_code7"
2020,"Species1",0,1256640,4253395.91756456,3657446.16042933,"Site_75","scheme_code7"
2016,"Species1",0,1256640,4253395.91756456,3657446.16042933,"Site_75","scheme_code7"
2019,"Species1",0,1256640,4253395.91756456,3657446.16042933,"Site_75","scheme_code7"
2014,"Species1",1,1256640,4253395.91756456,3657446.16042933,"Site_75","scheme_code7"
2013,"Species1",4,1256640,4253395.91756456,3657446.16042933,"Site_75","scheme_code7"
2018,"Species1",0,1256640,4253395.91756456,3657446.16042933,"Site_75","scheme_code7"
2017,"Species1",0,1256640,4253395.91756456,3657446.16042933,"Site_75","scheme_code7"
2007,"Species1",8,1256640,4253395.91756456,3657446.16042933,"Site_75","scheme_code7"
2006,"Species1",4,1256640,4253395.91756456,3657446.16042933,"Site_75","scheme_code7"
2008,"Species1",2,1256640,4253395.91756456,3657446.16042933,"Site_75","scheme_code7"
2012,"Species1",0,1256640,4253395.91756456,3657446.16042933,"Site_75","scheme_code7"
2009,"Species1",6,1256640,4253395.91756456,3657446.16042933,"Site_75","scheme_code7"
2015,"Species1",0,1256640,4253395.91756456,3657446.16042933,"Site_75","scheme_code7"
2010,"Species1",4,1256640,4253395.91756456,3657446.16042933,"Site_75","scheme_code7"
2011,"Species1",4,1256640,4253395.91756456,3657446.16042933,"Site_75","scheme_code7"
2007,"Species1",5,1256640,4348447.14407597,3847526.07684826,"Site_76","scheme_code7"
2008,"Species1",3,1256640,4348447.14407597,3847526.07684826,"Site_76","scheme_code7"
2010,"Species1",2,1256640,4348447.14407597,3847526.07684826,"Site_76","scheme_code7"
2008,"Species1",8,2010624,4446260.90978397,3625392.73879475,"Site_77","scheme_code7"
2007,"Species1",14,2010624,4446260.90978397,3625392.73879475,"Site_77","scheme_code7"
2007,"Species1",8,1884960,4223329.52464308,3750173.50162386,"Site_78","scheme_code7"
2013,"Species1",9,1884960,4223329.52464308,3750173.50162386,"Site_78","scheme_code7"
2010,"Species1",8,1884960,4223329.52464308,3750173.50162386,"Site_78","scheme_code7"
2009,"Species1",7,1884960,4223329.52464308,3750173.50162386,"Site_78","scheme_code7"
2011,"Species1",18,1884960,4223329.52464308,3750173.50162386,"Site_78","scheme_code7"
2015,"Species1",8,1884960,4223329.52464308,3750173.50162386,"Site_78","scheme_code7"
2012,"Species1",13,1884960,4223329.52464308,3750173.50162386,"Site_78","scheme_code7"
2014,"Species1",12,1884960,4223329.52464308,3750173.50162386,"Site_78","scheme_code7"
2011,"Species1",27,1507968,4427878.55982404,3598069.19316246,"Site_79","scheme_code7"
2014,"Species1",23,1507968,4427878.55982404,3598069.19316246,"Site_79","scheme_code7"
2012,"Species1",34,1507968,4427878.55982404,3598069.19316246,"Site_79","scheme_code7"
2013,"Species1",31,1507968,4427878.55982404,3598069.19316246,"Site_79","scheme_code7"
2017,"Species1",16,1256640,4207245.74362642,3606209.92505929,"Site_80","scheme_code7"
2013,"Species1",12,1256640,4207245.74362642,3606209.92505929,"Site_80","scheme_code7"
2020,"Species1",17,1256640,4207245.74362642,3606209.92505929,"Site_80","scheme_code7"
2012,"Species1",11,1256640,4207245.74362642,3606209.92505929,"Site_80","scheme_code7"
2011,"Species1",10,1256640,4207245.74362642,3606209.92505929,"Site_80","scheme_code7"
2021,"Species1",20,1256640,4207245.74362642,3606209.92505929,"Site_80","scheme_code7"
2019,"Species1",17,1256640,4207245.74362642,3606209.92505929,"Site_80","scheme_code7"
2015,"Species1",9,1256640,4207245.74362642,3606209.92505929,"Site_80","scheme_code7"
2018,"Species1",15,1256640,4207245.74362642,3606209.92505929,"Site_80","scheme_code7"
2014,"Species1",13,1256640,4207245.74362642,3606209.92505929,"Site_80","scheme_code7"
2016,"Species1",9,1256640,4207245.74362642,3606209.92505929,"Site_80","scheme_code7"
2014,"Species1",0,1256640,4277049.14790968,3563393.22547147,"Site_81","scheme_code7"
2019,"Species1",0,1256640,4277049.14790968,3563393.22547147,"Site_81","scheme_code7"
2020,"Species1",0,1256640,4277049.14790968,3563393.22547147,"Site_81","scheme_code7"
2017,"Species1",0,1256640,4277049.14790968,3563393.22547147,"Site_81","scheme_code7"
2012,"Species1",0,1256640,4277049.14790968,3563393.22547147,"Site_81","scheme_code7"
2018,"Species1",0,1256640,4277049.14790968,3563393.22547147,"Site_81","scheme_code7"
2015,"Species1",0,1256640,4277049.14790968,3563393.22547147,"Site_81","scheme_code7"
2016,"Species1",0,1256640,4277049.14790968,3563393.22547147,"Site_81","scheme_code7"
2013,"Species1",0,1256640,4277049.14790968,3563393.22547147,"Site_81","scheme_code7"
2021,"Species1",0,1256640,4277049.14790968,3563393.22547147,"Site_81","scheme_code7"
2011,"Species1",0,1256640,4277049.14790968,3563393.22547147,"Site_81","scheme_code7"
2018,"Species1",19,1759296,4295756.40579846,3601961.66417783,"Site_82","scheme_code7"
2016,"Species1",28,1759296,4295756.40579846,3601961.66417783,"Site_82","scheme_code7"
2015,"Species1",39,1759296,4295756.40579846,3601961.66417783,"Site_82","scheme_code7"
2017,"Species1",19,1759296,4295756.40579846,3601961.66417783,"Site_82","scheme_code7"
2018,"Species1",14,1507968,4241642.91013694,3720188.99199847,"Site_83","scheme_code7"
2020,"Species1",8,1507968,4241642.91013694,3720188.99199847,"Site_83","scheme_code7"
2017,"Species1",21,1507968,4241642.91013694,3720188.99199847,"Site_83","scheme_code7"
2019,"Species1",8,1507968,4241642.91013694,3720188.99199847,"Site_83","scheme_code7"
2021,"Species1",10,1507968,4241642.91013694,3720188.99199847,"Site_83","scheme_code7"
2018,"Species1",4,1256640,4305918.93441122,3593114.27076794,"Site_84","scheme_code7"
2019,"Species1",1,1256640,4305918.93441122,3593114.27076794,"Site_84","scheme_code7"
2021,"Species1",2,1256640,4305918.93441122,3593114.27076794,"Site_84","scheme_code7"
2020,"Species1",8,1256640,4305918.93441122,3593114.27076794,"Site_84","scheme_code7"
2019,"Species1",11,1256640,4277027.30741354,3674211.15606674,"Site_85","scheme_code7"
2020,"Species1",13,1256640,4277027.30741354,3674211.15606674,"Site_85","scheme_code7"
2018,"Species1",8,1256640,4277027.30741354,3674211.15606674,"Site_85","scheme_code7"
2018,"Species1",46,2513280,4440147.70787393,3560505.06434474,"Site_86","scheme_code7"
2018,"Species1",1,1507968,4311819.84174513,3595568.10045861,"Site_87","scheme_code7"
2020,"Species1",3,1507968,4311819.84174513,3595568.10045861,"Site_87","scheme_code7"
2021,"Species1",4,1507968,4311819.84174513,3595568.10045861,"Site_87","scheme_code7"
2019,"Species1",3,1507968,4311819.84174513,3595568.10045861,"Site_87","scheme_code7"
2020,"Species1",0,1507968,4301848.72646313,3540243.48536341,"Site_88","scheme_code7"
2018,"Species1",13,1507968,4301848.72646313,3540243.48536341,"Site_88","scheme_code7"
2019,"Species1",2,1507968,4301848.72646313,3540243.48536341,"Site_88","scheme_code7"
2020,"Species1",13,2387616,4332453.95216899,3766806.0813399,"Site_89","scheme_code7"
2021,"Species1",14,2387616,4332453.95216899,3766806.0813399,"Site_89","scheme_code7"
2019,"Species1",12,2387616,4332453.95216899,3766806.0813399,"Site_89","scheme_code7"
2020,"Species1",1,1382304,4305226.70272047,3656903.18085439,"Site_90","scheme_code7"
2019,"Species1",0,1382304,4305226.70272047,3656903.18085439,"Site_90","scheme_code7"
2021,"Species1",0,1382304,4305226.70272047,3656903.18085439,"Site_90","scheme_code7"
2020,"Species1",7,1256640,4313201.32611387,3822664.75594135,"Site_91","scheme_code7"
2019,"Species1",11,1256640,4313201.32611387,3822664.75594135,"Site_91","scheme_code7"
2020,"Species1",6,1507968,4374250.61370912,3708316.98676693,"Site_92","scheme_code7"
2021,"Species1",18,1507968,4374250.61370912,3708316.98676693,"Site_92","scheme_code7"
2021,"Species1",3,2010624,4448650.21830524,3529893.46549116,"Site_93","scheme_code7"
2021,"Species1",6,1382304,4330505.29348259,3816352.21801022,"Site_94","scheme_code7"
2021,"Species1",3,1884960,4327332.3755636,3615469.35646937,"Site_95","scheme_code7"
2013,"Species1",2,1256640,4466550.43181382,3533083.98009988,"Site_96","scheme_code7"
2001,"Species1",16,2513280,4297815.58224542,3542844.84438727,"Site_97","scheme_code7"
2000,"Species1",13,2513280,4297815.58224542,3542844.84438727,"Site_97","scheme_code7"
2003,"Species1",10,2513280,4295189.19088092,3616779.0904629,"Site_98","scheme_code7"
2000,"Species1",24,2513280,4295189.19088092,3616779.0904629,"Site_98","scheme_code7"
2005,"Species1",14,2513280,4295189.19088092,3616779.0904629,"Site_98","scheme_code7"
2007,"Species1",10,2513280,4295189.19088092,3616779.0904629,"Site_98","scheme_code7"
2006,"Species1",5,2513280,4295189.19088092,3616779.0904629,"Site_98","scheme_code7"
2001,"Species1",18,2513280,4295189.19088092,3616779.0904629,"Site_98","scheme_code7"
2008,"Species1",9,2513280,4295189.19088092,3616779.0904629,"Site_98","scheme_code7"
2004,"Species1",12,2513280,4295189.19088092,3616779.0904629,"Site_98","scheme_code7"
2002,"Species1",19,2513280,4295189.19088092,3616779.0904629,"Site_98","scheme_code7"
2002,"Species1",2,2513280,4340653.97826778,3556699.64475686,"Site_99","scheme_code7"
2001,"Species1",0,2513280,4340653.97826778,3556699.64475686,"Site_99","scheme_code7"
2000,"Species1",1,2513280,4340653.97826778,3556699.64475686,"Site_99","scheme_code7"
2005,"Species1",48,2513280,4421416.85189413,3624799.95150976,"Site_100","scheme_code7"
2014,"Species1",39,2513280,4421416.85189413,3624799.95150976,"Site_100","scheme_code7"
2011,"Species1",42,2513280,4421416.85189413,3624799.95150976,"Site_100","scheme_code7"
2003,"Species1",39,2513280,4421416.85189413,3624799.95150976,"Site_100","scheme_code7"
2004,"Species1",33,2513280,4421416.85189413,3624799.95150976,"Site_100","scheme_code7"
2013,"Species1",49,2513280,4421416.85189413,3624799.95150976,"Site_100","scheme_code7"
2010,"Species1",28,2513280,4421416.85189413,3624799.95150976,"Site_100","scheme_code7"
2006,"Species1",36,2513280,4421416.85189413,3624799.95150976,"Site_100","scheme_code7"
2012,"Species1",35,2513280,4421416.85189413,3624799.95150976,"Site_100","scheme_code7"
2001,"Species1",49,2513280,4421416.85189413,3624799.95150976,"Site_100","scheme_code7"
2000,"Species1",30,2513280,4421416.85189413,3624799.95150976,"Site_100","scheme_code7"
2007,"Species1",33,2513280,4421416.85189413,3624799.95150976,"Site_100","scheme_code7"
2002,"Species1",31,2513280,4421416.85189413,3624799.95150976,"Site_100","scheme_code7"
2009,"Species1",51,2513280,4421416.85189413,3624799.95150976,"Site_100","scheme_code7"
2016,"Species1",32,2513280,4421416.85189413,3624799.95150976,"Site_100","scheme_code7"
2018,"Species1",30,2513280,4421416.85189413,3624799.95150976,"Site_100","scheme_code7"
2008,"Species1",42,2513280,4421416.85189413,3624799.95150976,"Site_100","scheme_code7"
2015,"Species1",40,2513280,4421416.85189413,3624799.95150976,"Site_100","scheme_code7"
2004,"Species1",2,2513280,4431493.82062276,3574575.82030357,"Site_101","scheme_code7"
2000,"Species1",11,2513280,4431493.82062276,3574575.82030357,"Site_101","scheme_code7"
2003,"Species1",5,2513280,4431493.82062276,3574575.82030357,"Site_101","scheme_code7"
2001,"Species1",9,2513280,4431493.82062276,3574575.82030357,"Site_101","scheme_code7"
2002,"Species1",8,2513280,4431493.82062276,3574575.82030357,"Site_101","scheme_code7"
2016,"Species1",1,2513280,4454661.35112022,3594337.46750085,"Site_102","scheme_code7"
2004,"Species1",3,2513280,4454661.35112022,3594337.46750085,"Site_102","scheme_code7"
2017,"Species1",1,2513280,4454661.35112022,3594337.46750085,"Site_102","scheme_code7"
2011,"Species1",4,2513280,4454661.35112022,3594337.46750085,"Site_102","scheme_code7"
2007,"Species1",0,2513280,4454661.35112022,3594337.46750085,"Site_102","scheme_code7"
2010,"Species1",2,2513280,4454661.35112022,3594337.46750085,"Site_102","scheme_code7"
2000,"Species1",5,2513280,4454661.35112022,3594337.46750085,"Site_102","scheme_code7"
2001,"Species1",3,2513280,4454661.35112022,3594337.46750085,"Site_102","scheme_code7"
2003,"Species1",3,2513280,4454661.35112022,3594337.46750085,"Site_102","scheme_code7"
2006,"Species1",2,2513280,4454661.35112022,3594337.46750085,"Site_102","scheme_code7"
2002,"Species1",3,2513280,4454661.35112022,3594337.46750085,"Site_102","scheme_code7"
2009,"Species1",3,2513280,4454661.35112022,3594337.46750085,"Site_102","scheme_code7"
2020,"Species1",2,2513280,4454661.35112022,3594337.46750085,"Site_102","scheme_code7"
2019,"Species1",3,2513280,4454661.35112022,3594337.46750085,"Site_102","scheme_code7"
2021,"Species1",2,2513280,4454661.35112022,3594337.46750085,"Site_102","scheme_code7"
2008,"Species1",6,2513280,4454661.35112022,3594337.46750085,"Site_102","scheme_code7"
2014,"Species1",3,2513280,4454661.35112022,3594337.46750085,"Site_102","scheme_code7"
2012,"Species1",2,2513280,4454661.35112022,3594337.46750085,"Site_102","scheme_code7"
2018,"Species1",4,2513280,4454661.35112022,3594337.46750085,"Site_102","scheme_code7"
2015,"Species1",4,2513280,4454661.35112022,3594337.46750085,"Site_102","scheme_code7"
2013,"Species1",3,2513280,4454661.35112022,3594337.46750085,"Site_102","scheme_code7"
2010,"Species1",8,2513280,5063226.133749,4040929.35869148,"Site_103","scheme_code8"
2018,"Species1",12,2513280,5063226.133749,4040929.35869148,"Site_103","scheme_code8"
2016,"Species1",10,2513280,5063226.133749,4040929.35869148,"Site_103","scheme_code8"
2017,"Species1",18,2513280,5063226.133749,4040929.35869148,"Site_103","scheme_code8"
2012,"Species1",4,2513280,5063226.133749,4040929.35869148,"Site_103","scheme_code8"
2020,"Species1",12,2513280,5063226.133749,4040929.35869148,"Site_103","scheme_code8"
2014,"Species1",14,2513280,5063226.133749,4040929.35869148,"Site_103","scheme_code8"
2021,"Species1",10,2513280,5063226.133749,4040929.35869148,"Site_103","scheme_code8"
2011,"Species1",10,2513280,5063226.133749,4040929.35869148,"Site_103","scheme_code8"
2013,"Species1",10,2513280,5063226.133749,4040929.35869148,"Site_103","scheme_code8"
2015,"Species1",15,2513280,5063226.133749,4040929.35869148,"Site_103","scheme_code8"
2019,"Species1",20,2513280,5063226.133749,4040929.35869148,"Site_103","scheme_code8"
2008,"Species1",55,2513280,5245723.52617089,4108229.42909723,"Site_104","scheme_code8"
2006,"Species1",55,2513280,5245723.52617089,4108229.42909723,"Site_104","scheme_code8"
2005,"Species1",50,2513280,5245723.52617089,4108229.42909723,"Site_104","scheme_code8"
2018,"Species1",28,2513280,5245723.52617089,4108229.42909723,"Site_104","scheme_code8"
2009,"Species1",48,2513280,5245723.52617089,4108229.42909723,"Site_104","scheme_code8"
2021,"Species1",42,2513280,5245723.52617089,4108229.42909723,"Site_104","scheme_code8"
2019,"Species1",22,2513280,5245723.52617089,4108229.42909723,"Site_104","scheme_code8"
2004,"Species1",38,2513280,5245723.52617089,4108229.42909723,"Site_104","scheme_code8"
2011,"Species1",52,2513280,5245723.52617089,4108229.42909723,"Site_104","scheme_code8"
2020,"Species1",32,2513280,5245723.52617089,4108229.42909723,"Site_104","scheme_code8"
2010,"Species1",46,2513280,5245723.52617089,4108229.42909723,"Site_104","scheme_code8"
2007,"Species1",55,2513280,5245723.52617089,4108229.42909723,"Site_104","scheme_code8"
2017,"Species1",32,2513280,5245723.52617089,4108229.42909723,"Site_104","scheme_code8"
2016,"Species1",48,2513280,5245723.52617089,4108229.42909723,"Site_104","scheme_code8"
2016,"Species1",6,2513274.12287183,3047680.89299344,2410699.83134021,"Site_105","scheme_code9"
2012,"Species1",6,2513274.12287183,3047680.89299344,2410699.83134021,"Site_105","scheme_code9"
2018,"Species1",1,2513274.12287183,3047680.89299344,2410699.83134021,"Site_105","scheme_code9"
2013,"Species1",6,2513274.12287183,3047680.89299344,2410699.83134021,"Site_105","scheme_code9"
2015,"Species1",4,2513274.12287183,3047680.89299344,2410699.83134021,"Site_105","scheme_code9"
2014,"Species1",3,2513274.12287183,3047680.89299344,2410699.83134021,"Site_105","scheme_code9"
2017,"Species1",0,2513274.12287183,3047680.89299344,2410699.83134021,"Site_105","scheme_code9"
2019,"Species1",1,2513274.12287183,3047680.89299344,2410699.83134021,"Site_105","scheme_code9"
2021,"Species1",7,2513274.12287183,3130485.3182473,2161350.80231224,"Site_106","scheme_code9"
2018,"Species1",0,2513274.12287183,3130485.3182473,2161350.80231224,"Site_106","scheme_code9"
2019,"Species1",6,2513274.12287183,3130485.3182473,2161350.80231224,"Site_106","scheme_code9"
2020,"Species1",5,2513274.12287183,3130485.3182473,2161350.80231224,"Site_106","scheme_code9"
2005,"Species1",0,2513274.12287183,3095710.87460359,1932470.72239886,"Site_107","scheme_code9"
2002,"Species1",0,2513274.12287183,3095710.87460359,1932470.72239886,"Site_107","scheme_code9"
2004,"Species1",16,2513274.12287183,3095710.87460359,1932470.72239886,"Site_107","scheme_code9"
2003,"Species1",0,2513274.12287183,3095710.87460359,1932470.72239886,"Site_107","scheme_code9"
2006,"Species1",0,2513274.12287183,3095710.87460359,1932470.72239886,"Site_107","scheme_code9"
2016,"Species1",15,2513274.12287183,3282863.02360057,1856166.3346226,"Site_108","scheme_code9"
2017,"Species1",18,2513274.12287183,3282863.02360057,1856166.3346226,"Site_108","scheme_code9"
2019,"Species1",13,2513274.12287183,3282863.02360057,1856166.3346226,"Site_108","scheme_code9"
2020,"Species1",8,2513274.12287183,3282863.02360057,1856166.3346226,"Site_108","scheme_code9"
2021,"Species1",27,2513274.12287183,3282863.02360057,1856166.3346226,"Site_108","scheme_code9"
2018,"Species1",23,2513274.12287183,3282863.02360057,1856166.3346226,"Site_108","scheme_code9"
2013,"Species1",1,2513274.12287183,3287307.09089587,1870735.50789511,"Site_109","scheme_code9"
2014,"Species1",0,2513274.12287183,3287307.09089587,1870735.50789511,"Site_109","scheme_code9"
2016,"Species1",0,2513274.12287183,3287307.09089587,1870735.50789511,"Site_109","scheme_code9"
2015,"Species1",1,2513274.12287183,3287307.09089587,1870735.50789511,"Site_109","scheme_code9"
2012,"Species1",0,2513274.12287183,3198141.00741499,2036661.26437074,"Site_110","scheme_code9"
2013,"Species1",2,2513274.12287183,3198141.00741499,2036661.26437074,"Site_110","scheme_code9"
2014,"Species1",0,2513274.12287183,3198141.00741499,2036661.26437074,"Site_110","scheme_code9"
2019,"Species1",2,2513274.12287183,3198141.00741499,2036661.26437074,"Site_110","scheme_code9"
2017,"Species1",3,2513274.12287183,3198141.00741499,2036661.26437074,"Site_110","scheme_code9"
2009,"Species1",0,2513274.12287183,3198141.00741499,2036661.26437074,"Site_110","scheme_code9"
2007,"Species1",0,2513274.12287183,3198141.00741499,2036661.26437074,"Site_110","scheme_code9"
2011,"Species1",0,2513274.12287183,3198141.00741499,2036661.26437074,"Site_110","scheme_code9"
2018,"Species1",2,2513274.12287183,3198141.00741499,2036661.26437074,"Site_110","scheme_code9"
2008,"Species1",0,2513274.12287183,3198141.00741499,2036661.26437074,"Site_110","scheme_code9"
2021,"Species1",0,2513274.12287183,3198141.00741499,2036661.26437074,"Site_110","scheme_code9"
2010,"Species1",0,2513274.12287183,3198141.00741499,2036661.26437074,"Site_110","scheme_code9"
2016,"Species1",0,2513274.12287183,3198141.00741499,2036661.26437074,"Site_110","scheme_code9"
2015,"Species1",0,2513274.12287183,3198141.00741499,2036661.26437074,"Site_110","scheme_code9"
2019,"Species1",18,2513274.12287183,3351874.06005758,2176293.15893935,"Site_111","scheme_code9"
2020,"Species1",27,2513274.12287183,3351874.06005758,2176293.15893935,"Site_111","scheme_code9"
2014,"Species1",55,2513274.12287183,3322878.09613231,2128250.69481949,"Site_112","scheme_code9"
2013,"Species1",46,2513274.12287183,3322878.09613231,2128250.69481949,"Site_112","scheme_code9"
2009,"Species1",55,2513274.12287183,3322878.09613231,2128250.69481949,"Site_112","scheme_code9"
2010,"Species1",55,2513274.12287183,3322878.09613231,2128250.69481949,"Site_112","scheme_code9"
2011,"Species1",44,2513274.12287183,3322878.09613231,2128250.69481949,"Site_112","scheme_code9"
2018,"Species1",28,2513274.12287183,3322878.09613231,2128250.69481949,"Site_112","scheme_code9"
2008,"Species1",54,2513274.12287183,3322878.09613231,2128250.69481949,"Site_112","scheme_code9"
2015,"Species1",37,2513274.12287183,3322878.09613231,2128250.69481949,"Site_112","scheme_code9"
2019,"Species1",34,2513274.12287183,3322878.09613231,2128250.69481949,"Site_112","scheme_code9"
2018,"Species1",0,2513274.12287183,3163237.04571855,2087886.82135733,"Site_113","scheme_code9"
2006,"Species1",0,2513274.12287183,3163237.04571855,2087886.82135733,"Site_113","scheme_code9"
2014,"Species1",0,2513274.12287183,3163237.04571855,2087886.82135733,"Site_113","scheme_code9"
2007,"Species1",0,2513274.12287183,3163237.04571855,2087886.82135733,"Site_113","scheme_code9"
2019,"Species1",0,2513274.12287183,3163237.04571855,2087886.82135733,"Site_113","scheme_code9"
2013,"Species1",0,2513274.12287183,3163237.04571855,2087886.82135733,"Site_113","scheme_code9"
2012,"Species1",1,2513274.12287183,3163237.04571855,2087886.82135733,"Site_113","scheme_code9"
2005,"Species1",1,2513274.12287183,3163237.04571855,2087886.82135733,"Site_113","scheme_code9"
2009,"Species1",0,2513274.12287183,3163237.04571855,2087886.82135733,"Site_113","scheme_code9"
2020,"Species1",0,2513274.12287183,3163237.04571855,2087886.82135733,"Site_113","scheme_code9"
2021,"Species1",0,2513274.12287183,3163237.04571855,2087886.82135733,"Site_113","scheme_code9"
2010,"Species1",1,2513274.12287183,3163237.04571855,2087886.82135733,"Site_113","scheme_code9"
2008,"Species1",0,2513274.12287183,3163237.04571855,2087886.82135733,"Site_113","scheme_code9"
2016,"Species1",0,2513274.12287183,3163237.04571855,2087886.82135733,"Site_113","scheme_code9"
2015,"Species1",0,2513274.12287183,3163237.04571855,2087886.82135733,"Site_113","scheme_code9"
2017,"Species1",0,2513274.12287183,3163237.04571855,2087886.82135733,"Site_113","scheme_code9"
2011,"Species1",1,2513274.12287183,3163237.04571855,2087886.82135733,"Site_113","scheme_code9"
2011,"Species1",0,2513274.12287183,3467660.20856991,1973609.20197715,"Site_114","scheme_code9"
2009,"Species1",1,2513274.12287183,3467660.20856991,1973609.20197715,"Site_114","scheme_code9"
2005,"Species1",1,2513274.12287183,3467660.20856991,1973609.20197715,"Site_114","scheme_code9"
2010,"Species1",1,2513274.12287183,3467660.20856991,1973609.20197715,"Site_114","scheme_code9"
2007,"Species1",0,2513274.12287183,3467660.20856991,1973609.20197715,"Site_114","scheme_code9"
2006,"Species1",1,2513274.12287183,3467660.20856991,1973609.20197715,"Site_114","scheme_code9"
2008,"Species1",0,2513274.12287183,3467660.20856991,1973609.20197715,"Site_114","scheme_code9"
2021,"Species1",9,2513274.12287183,3218014.55369737,2327393.16506079,"Site_115","scheme_code9"
2016,"Species1",4,2513274.12287183,3218014.55369737,2327393.16506079,"Site_115","scheme_code9"
2017,"Species1",5,2513274.12287183,3218014.55369737,2327393.16506079,"Site_115","scheme_code9"
2015,"Species1",13,2513274.12287183,3344958.06833266,2227743.60656438,"Site_116","scheme_code9"
2014,"Species1",55,2513274.12287183,3344958.06833266,2227743.60656438,"Site_116","scheme_code9"
2018,"Species1",14,2513274.12287183,3344958.06833266,2227743.60656438,"Site_116","scheme_code9"
2017,"Species1",16,2513274.12287183,3344958.06833266,2227743.60656438,"Site_116","scheme_code9"
2012,"Species1",55,2513274.12287183,3356654.24552893,2044570.31945772,"Site_117","scheme_code9"
2011,"Species1",55,2513274.12287183,3356654.24552893,2044570.31945772,"Site_117","scheme_code9"
2008,"Species1",0,2513274.12287183,3336676.76936514,2242492.73267812,"Site_120","scheme_code9"
2014,"Species1",0,2513274.12287183,3336676.76936514,2242492.73267812,"Site_120","scheme_code9"
2007,"Species1",0,2513274.12287183,3336676.76936514,2242492.73267812,"Site_120","scheme_code9"
2006,"Species1",0,2513274.12287183,3336676.76936514,2242492.73267812,"Site_120","scheme_code9"
2009,"Species1",0,2513274.12287183,3336676.76936514,2242492.73267812,"Site_120","scheme_code9"
2012,"Species1",0,2513274.12287183,3336676.76936514,2242492.73267812,"Site_120","scheme_code9"
2016,"Species1",0,2513274.12287183,3336676.76936514,2242492.73267812,"Site_120","scheme_code9"
2018,"Species1",0,2513274.12287183,3336676.76936514,2242492.73267812,"Site_120","scheme_code9"
2010,"Species1",51,2513274.12287183,3285408.4973069,2148085.37111749,"Site_121","scheme_code9"
2014,"Species1",6,2513274.12287183,3285408.4973069,2148085.37111749,"Site_121","scheme_code9"
2020,"Species1",33,2513274.12287183,3285408.4973069,2148085.37111749,"Site_121","scheme_code9"
2015,"Species1",16,2513274.12287183,3285408.4973069,2148085.37111749,"Site_121","scheme_code9"
2018,"Species1",0,2513274.12287183,3285408.4973069,2148085.37111749,"Site_121","scheme_code9"
2013,"Species1",55,2513274.12287183,3285408.4973069,2148085.37111749,"Site_121","scheme_code9"
2016,"Species1",6,2513274.12287183,3285408.4973069,2148085.37111749,"Site_121","scheme_code9"
2011,"Species1",0,2513274.12287183,3285408.4973069,2148085.37111749,"Site_121","scheme_code9"
2017,"Species1",1,2513274.12287183,3285408.4973069,2148085.37111749,"Site_121","scheme_code9"
2021,"Species1",7,2513274.12287183,3285408.4973069,2148085.37111749,"Site_121","scheme_code9"
2012,"Species1",1,2513274.12287183,3285408.4973069,2148085.37111749,"Site_121","scheme_code9"
2002,"Species1",4,2513274.12287183,3055398.50599017,2307813.94435251,"Site_122","scheme_code9"
2000,"Species1",4,2513274.12287183,3055398.50599017,2307813.94435251,"Site_122","scheme_code9"
2001,"Species1",20,2513274.12287183,3055398.50599017,2307813.94435251,"Site_122","scheme_code9"
2002,"Species1",48,2513274.12287183,3259657.20533892,2134704.33928347,"Site_123","scheme_code9"
2003,"Species1",55,2513274.12287183,3259657.20533892,2134704.33928347,"Site_123","scheme_code9"
2004,"Species1",47,2513274.12287183,3259657.20533892,2134704.33928347,"Site_123","scheme_code9"
2005,"Species1",40,2513274.12287183,3259657.20533892,2134704.33928347,"Site_123","scheme_code9"
2004,"Species1",0,2513274.12287183,3130953.81904927,2027457.37636992,"Site_124","scheme_code9"
2003,"Species1",1,2513274.12287183,3130953.81904927,2027457.37636992,"Site_124","scheme_code9"
2004,"Species1",5,2513274.12287183,3173409.31630144,2059905.14634913,"Site_125","scheme_code9"
2003,"Species1",0,2513274.12287183,3173409.31630144,2059905.14634913,"Site_125","scheme_code9"
2002,"Species1",0,2513274.12287183,3173409.31630144,2059905.14634913,"Site_125","scheme_code9"
2011,"Species1",0,2513274.12287183,3280948.50948452,2205518.72498249,"Site_126","scheme_code9"
2010,"Species1",0,2513274.12287183,3336676.76936514,2242492.73267812,"Site_120","scheme_code9"
2011,"Species1",0,2513274.12287183,3336676.76936514,2242492.73267812,"Site_120","scheme_code9"
2013,"Species1",0,2513274.12287183,3336676.76936514,2242492.73267812,"Site_120","scheme_code9"
2020,"Species1",0,2513274.12287183,3336676.76936514,2242492.73267812,"Site_120","scheme_code9"
2019,"Species1",0,2513274.12287183,3336676.76936514,2242492.73267812,"Site_120","scheme_code9"
2021,"Species1",0,2513274.12287183,3336676.76936514,2242492.73267812,"Site_120","scheme_code9"
2017,"Species1",0,2513274.12287183,3336676.76936514,2242492.73267812,"Site_120","scheme_code9"
2015,"Species1",0,2513274.12287183,3336676.76936514,2242492.73267812,"Site_120","scheme_code9"
2006,"Species1",0,2513274.12287183,3280948.50948452,2205518.72498249,"Site_126","scheme_code9"
2019,"Species1",0,2513274.12287183,3280948.50948452,2205518.72498249,"Site_126","scheme_code9"
2007,"Species1",0,2513274.12287183,3280948.50948452,2205518.72498249,"Site_126","scheme_code9"
2013,"Species1",0,2513274.12287183,3280948.50948452,2205518.72498249,"Site_126","scheme_code9"
2003,"Species1",2,2513274.12287183,3280948.50948452,2205518.72498249,"Site_126","scheme_code9"
2008,"Species1",0,2513274.12287183,3280948.50948452,2205518.72498249,"Site_126","scheme_code9"
2017,"Species1",0,2513274.12287183,3280948.50948452,2205518.72498249,"Site_126","scheme_code9"
2014,"Species1",0,2513274.12287183,3280948.50948452,2205518.72498249,"Site_126","scheme_code9"
2002,"Species1",2,2513274.12287183,3280948.50948452,2205518.72498249,"Site_126","scheme_code9"
2003,"Species1",2,2513274.12287183,3411595.1128665,1928219.93113331,"Site_127","scheme_code9"
2002,"Species1",1,2513274.12287183,3411595.1128665,1928219.93113331,"Site_127","scheme_code9"
2004,"Species1",0,2513274.12287183,3411595.1128665,1928219.93113331,"Site_127","scheme_code9"
2001,"Species1",1,2513274.12287183,3411595.1128665,1928219.93113331,"Site_127","scheme_code9"
2002,"Species1",1,2513274.12287183,3153326.59016245,2071005.87720692,"Site_128","scheme_code9"
2000,"Species1",0,2513274.12287183,3153326.59016245,2071005.87720692,"Site_128","scheme_code9"
2006,"Species1",0,2513274.12287183,3153326.59016245,2071005.87720692,"Site_128","scheme_code9"
2009,"Species1",0,2513274.12287183,3153326.59016245,2071005.87720692,"Site_128","scheme_code9"
2018,"Species1",0,2513274.12287183,3153326.59016245,2071005.87720692,"Site_128","scheme_code9"
2011,"Species1",0,2513274.12287183,3153326.59016245,2071005.87720692,"Site_128","scheme_code9"
2001,"Species1",0,2513274.12287183,3153326.59016245,2071005.87720692,"Site_128","scheme_code9"
2003,"Species1",0,2513274.12287183,3153326.59016245,2071005.87720692,"Site_128","scheme_code9"
2012,"Species1",0,2513274.12287183,3153326.59016245,2071005.87720692,"Site_128","scheme_code9"
2007,"Species1",0,2513274.12287183,3153326.59016245,2071005.87720692,"Site_128","scheme_code9"
2019,"Species1",0,2513274.12287183,3153326.59016245,2071005.87720692,"Site_128","scheme_code9"
2015,"Species1",0,2513274.12287183,3153326.59016245,2071005.87720692,"Site_128","scheme_code9"
2013,"Species1",0,2513274.12287183,3153326.59016245,2071005.87720692,"Site_128","scheme_code9"
2005,"Species1",0,2513274.12287183,3153326.59016245,2071005.87720692,"Site_128","scheme_code9"
2017,"Species1",0,2513274.12287183,3153326.59016245,2071005.87720692,"Site_128","scheme_code9"
2020,"Species1",0,2513274.12287183,3153326.59016245,2071005.87720692,"Site_128","scheme_code9"
2021,"Species1",0,2513274.12287183,3153326.59016245,2071005.87720692,"Site_128","scheme_code9"
2004,"Species1",0,2513274.12287183,3153326.59016245,2071005.87720692,"Site_128","scheme_code9"
2016,"Species1",0,2513274.12287183,3153326.59016245,2071005.87720692,"Site_128","scheme_code9"
2010,"Species1",0,2513274.12287183,3280948.50948452,2205518.72498249,"Site_126","scheme_code9"
2009,"Species1",0,2513274.12287183,3280948.50948452,2205518.72498249,"Site_126","scheme_code9"
2004,"Species1",0,2513274.12287183,3280948.50948452,2205518.72498249,"Site_126","scheme_code9"
2016,"Species1",0,2513274.12287183,3280948.50948452,2205518.72498249,"Site_126","scheme_code9"
2015,"Species1",0,2513274.12287183,3280948.50948452,2205518.72498249,"Site_126","scheme_code9"
2012,"Species1",0,2513274.12287183,3280948.50948452,2205518.72498249,"Site_126","scheme_code9"
2018,"Species1",0,2513274.12287183,3280948.50948452,2205518.72498249,"Site_126","scheme_code9"
2021,"Species1",0,2513274.12287183,3280948.50948452,2205518.72498249,"Site_126","scheme_code9"
2006,"Species1",3,2513274.12287183,3074362.15544425,2068259.4670935,"Site_129","scheme_code9"
2005,"Species1",14,2513274.12287183,3074362.15544425,2068259.4670935,"Site_129","scheme_code9"
2014,"Species1",0,2513274.12287183,3153326.59016245,2071005.87720692,"Site_128","scheme_code9"
2008,"Species1",0,2513274.12287183,3074362.15544425,2068259.4670935,"Site_129","scheme_code9"
2015,"Species1",2,1144602.4941856,3634048.30594245,2125907.22593747,"Site_118","scheme_code10"
2014,"Species1",1,1144602.4941856,3634048.30594245,2125907.22593747,"Site_118","scheme_code10"
2021,"Species1",1,1144602.4941856,3634048.30594245,2125907.22593747,"Site_118","scheme_code10"
2012,"Species1",0,1144602.4941856,3634048.30594245,2125907.22593747,"Site_118","scheme_code10"
2008,"Species1",0,1144602.4941856,3634048.30594245,2125907.22593747,"Site_118","scheme_code10"
2017,"Species1",2,1144602.4941856,3634048.30594245,2125907.22593747,"Site_118","scheme_code10"
2018,"Species1",0,1144602.4941856,3634048.30594245,2125907.22593747,"Site_118","scheme_code10"
2010,"Species1",0,1144602.4941856,3634048.30594245,2125907.22593747,"Site_118","scheme_code10"
2016,"Species1",1,1144602.4941856,3634048.30594245,2125907.22593747,"Site_118","scheme_code10"
2011,"Species1",0,1144602.4941856,3634048.30594245,2125907.22593747,"Site_118","scheme_code10"
2010,"Species1",2,1214598.1987056,3742928.06381744,2184578.09688917,"Site_119","scheme_code10"
2003,"Species1",0,1214598.1987056,3742928.06381744,2184578.09688917,"Site_119","scheme_code10"
2016,"Species1",3,1214598.1987056,3742928.06381744,2184578.09688917,"Site_119","scheme_code10"
2013,"Species1",1,1214598.1987056,3742928.06381744,2184578.09688917,"Site_119","scheme_code10"
2020,"Species1",1,1214598.1987056,3742928.06381744,2184578.09688917,"Site_119","scheme_code10"
2009,"Species1",0,1144602.4941856,3634048.30594245,2125907.22593747,"Site_118","scheme_code10"
2020,"Species1",0,1144602.4941856,3634048.30594245,2125907.22593747,"Site_118","scheme_code10"
2019,"Species1",0,1144602.4941856,3634048.30594245,2125907.22593747,"Site_118","scheme_code10"
2013,"Species1",2,1144602.4941856,3634048.30594245,2125907.22593747,"Site_118","scheme_code10"
2017,"Species1",3,1214598.1987056,3742928.06381744,2184578.09688917,"Site_119","scheme_code10"
2005,"Species1",2,1214598.1987056,3742928.06381744,2184578.09688917,"Site_119","scheme_code10"
2007,"Species1",2,1214598.1987056,3742928.06381744,2184578.09688917,"Site_119","scheme_code10"
2019,"Species1",1,1214598.1987056,3742928.06381744,2184578.09688917,"Site_119","scheme_code10"
2015,"Species1",0,1214598.1987056,3742928.06381744,2184578.09688917,"Site_119","scheme_code10"
2004,"Species1",3,1214598.1987056,3742928.06381744,2184578.09688917,"Site_119","scheme_code10"
2009,"Species1",1,1214598.1987056,3742928.06381744,2184578.09688917,"Site_119","scheme_code10"
2018,"Species1",1,1214598.1987056,3742928.06381744,2184578.09688917,"Site_119","scheme_code10"
2012,"Species1",0,1214598.1987056,3742928.06381744,2184578.09688917,"Site_119","scheme_code10"
2006,"Species1",4,1214598.1987056,3742928.06381744,2184578.09688917,"Site_119","scheme_code10"
2014,"Species1",2,1214598.1987056,3742928.06381744,2184578.09688917,"Site_119","scheme_code10"
2011,"Species1",0,1214598.1987056,3742928.06381744,2184578.09688917,"Site_119","scheme_code10"
2021,"Species1",1,1214598.1987056,3742928.06381744,2184578.09688917,"Site_119","scheme_code10"
2014,"Species1",10,2607200,5057013.2144422,4226924.33239298,"Site_130","scheme_code11"
2020,"Species1",4,2607200,5057013.2144422,4226924.33239298,"Site_130","scheme_code11"
2007,"Species1",8,2607200,5057013.2144422,4226924.33239298,"Site_130","scheme_code11"
2015,"Species1",6,2607200,5057013.2144422,4226924.33239298,"Site_130","scheme_code11"
2016,"Species1",2,2607200,5057013.2144422,4226924.33239298,"Site_130","scheme_code11"
2013,"Species1",8,2607200,5057013.2144422,4226924.33239298,"Site_130","scheme_code11"
2018,"Species1",2,2607200,5057013.2144422,4226924.33239298,"Site_130","scheme_code11"
2009,"Species1",12,2607200,5057013.2144422,4226924.33239298,"Site_130","scheme_code11"
2017,"Species1",10,2607200,5057013.2144422,4226924.33239298,"Site_130","scheme_code11"
2015,"Species1",10,2398800,5097439.55361942,4258417.2469556,"Site_131","scheme_code11"
2009,"Species1",16,2398800,5097439.55361942,4258417.2469556,"Site_131","scheme_code11"
2007,"Species1",18,2398800,5097439.55361942,4258417.2469556,"Site_131","scheme_code11"
2018,"Species1",4,2398800,5097439.55361942,4258417.2469556,"Site_131","scheme_code11"
2017,"Species1",12,2398800,5097439.55361942,4258417.2469556,"Site_131","scheme_code11"
2014,"Species1",18,2398800,5097439.55361942,4258417.2469556,"Site_131","scheme_code11"
2021,"Species1",14,2398800,5097439.55361942,4258417.2469556,"Site_131","scheme_code11"
2014,"Species1",18,2564400,4954990.58512914,4271189.20246946,"Site_132","scheme_code11"
2012,"Species1",8,2564400,4954990.58512914,4271189.20246946,"Site_132","scheme_code11"
2019,"Species1",22,2564400,4954990.58512914,4271189.20246946,"Site_132","scheme_code11"
2013,"Species1",10,2564400,4954990.58512914,4271189.20246946,"Site_132","scheme_code11"
2008,"Species1",28,2564400,4954990.58512914,4271189.20246946,"Site_132","scheme_code11"
2020,"Species1",38,2564400,4954990.58512914,4271189.20246946,"Site_132","scheme_code11"
2017,"Species1",18,2564400,4954990.58512914,4271189.20246946,"Site_132","scheme_code11"
2006,"Species1",34,2564400,4954990.58512914,4271189.20246946,"Site_132","scheme_code11"
2016,"Species1",0,2408800,4996899.81479814,4281712.15701651,"Site_133","scheme_code11"
2015,"Species1",0,2408800,4996899.81479814,4281712.15701651,"Site_133","scheme_code11"
2021,"Species1",2,2408800,4996899.81479814,4281712.15701651,"Site_133","scheme_code11"
2020,"Species1",6,2408800,4996899.81479814,4281712.15701651,"Site_133","scheme_code11"
2014,"Species1",0,2408800,4996899.81479814,4281712.15701651,"Site_133","scheme_code11"
2009,"Species1",6,2408800,4996899.81479814,4281712.15701651,"Site_133","scheme_code11"
2013,"Species1",6,2408800,4996899.81479814,4281712.15701651,"Site_133","scheme_code11"
2018,"Species1",0,2408800,4996899.81479814,4281712.15701651,"Site_133","scheme_code11"
2019,"Species1",2,2408800,4996899.81479814,4281712.15701651,"Site_133","scheme_code11"
2013,"Species1",0,2514400,5294434.06209415,4361934.20613503,"Site_134","scheme_code11"
2012,"Species1",0,2514400,5294434.06209415,4361934.20613503,"Site_134","scheme_code11"
2010,"Species1",0,2514400,5294434.06209415,4361934.20613503,"Site_134","scheme_code11"
2009,"Species1",0,2514400,5294434.06209415,4361934.20613503,"Site_134","scheme_code11"
2017,"Species1",0,2514400,5294434.06209415,4361934.20613503,"Site_134","scheme_code11"
2020,"Species1",0,2514400,5294434.06209415,4361934.20613503,"Site_134","scheme_code11"
2011,"Species1",0,2514400,5294434.06209415,4361934.20613503,"Site_134","scheme_code11"
2019,"Species1",0,2514400,5294434.06209415,4361934.20613503,"Site_134","scheme_code11"
2016,"Species1",0,2514400,5294434.06209415,4361934.20613503,"Site_134","scheme_code11"
2015,"Species1",0,2514400,5294434.06209415,4361934.20613503,"Site_134","scheme_code11"
2021,"Species1",0,2514400,5294434.06209415,4361934.20613503,"Site_134","scheme_code11"
2014,"Species1",0,2514400,5294434.06209415,4361934.20613503,"Site_134","scheme_code11"
2019,"Species1",4,2557200,4957289.91814611,4314407.25546475,"Site_135","scheme_code11"
2016,"Species1",6,2557200,4957289.91814611,4314407.25546475,"Site_135","scheme_code11"
2021,"Species1",0,2557200,4957289.91814611,4314407.25546475,"Site_135","scheme_code11"
2009,"Species1",8,2557200,4957289.91814611,4314407.25546475,"Site_135","scheme_code11"
2013,"Species1",4,2557200,4957289.91814611,4314407.25546475,"Site_135","scheme_code11"
2020,"Species1",4,2557200,4957289.91814611,4314407.25546475,"Site_135","scheme_code11"
2020,"Species1",0,2399200,4999812.17772404,4444893.69300951,"Site_136","scheme_code11"
2017,"Species1",0,2399200,4999812.17772404,4444893.69300951,"Site_136","scheme_code11"
2009,"Species1",4,2399200,4999812.17772404,4444893.69300951,"Site_136","scheme_code11"
2015,"Species1",4,2399200,4999812.17772404,4444893.69300951,"Site_136","scheme_code11"
2019,"Species1",2,2399200,4999812.17772404,4444893.69300951,"Site_136","scheme_code11"
2017,"Species1",0,2399200,5357323.56497459,4558205.48796025,"Site_137","scheme_code11"
2006,"Species1",8,2399200,5357323.56497459,4558205.48796025,"Site_137","scheme_code11"
2018,"Species1",0,2399200,5357323.56497459,4558205.48796025,"Site_137","scheme_code11"
2010,"Species1",0,2399200,5357323.56497459,4558205.48796025,"Site_137","scheme_code11"
2016,"Species1",0,2399200,5357323.56497459,4558205.48796025,"Site_137","scheme_code11"
2010,"Species1",24,2400000,5022205.3048251,4705674.47101055,"Site_138","scheme_code11"
2007,"Species1",28,2400000,5022205.3048251,4705674.47101055,"Site_138","scheme_code11"
2011,"Species1",30,2400000,5022205.3048251,4705674.47101055,"Site_138","scheme_code11"
2019,"Species1",14,2400000,5022205.3048251,4705674.47101055,"Site_138","scheme_code11"
2015,"Species1",28,2400000,5022205.3048251,4705674.47101055,"Site_138","scheme_code11"
2016,"Species1",20,2400000,5022205.3048251,4705674.47101055,"Site_138","scheme_code11"
2009,"Species1",22,2400000,5022205.3048251,4705674.47101055,"Site_138","scheme_code11"
2017,"Species1",6,2400000,5022205.3048251,4705674.47101055,"Site_138","scheme_code11"
2020,"Species1",16,2400000,5022205.3048251,4705674.47101055,"Site_138","scheme_code11"
2018,"Species1",10,2400000,5022205.3048251,4705674.47101055,"Site_138","scheme_code11"
2012,"Species1",20,2400000,5022205.3048251,4705674.47101055,"Site_138","scheme_code11"
2013,"Species1",18,2400000,5022205.3048251,4705674.47101055,"Site_138","scheme_code11"
2014,"Species1",24,2400000,5022205.3048251,4705674.47101055,"Site_138","scheme_code11"
2005,"Species1",30,2400000,5022205.3048251,4705674.47101055,"Site_138","scheme_code11"
2008,"Species1",24,2400000,5022205.3048251,4705674.47101055,"Site_138","scheme_code11"
2006,"Species1",32,2400000,5022205.3048251,4705674.47101055,"Site_138","scheme_code11"
2021,"Species1",14,2400000,5022205.3048251,4705674.47101055,"Site_138","scheme_code11"
2003,"Species1",12,2513274.12287183,4996782.84071656,4194483.05948488,"Site_139","scheme_code12"
2018,"Species1",4,2513274.12287183,4996782.84071656,4194483.05948488,"Site_139","scheme_code12"
2017,"Species1",2,2513274.12287183,4996782.84071656,4194483.05948488,"Site_139","scheme_code12"
2007,"Species1",2,2513274.12287183,4996782.84071656,4194483.05948488,"Site_139","scheme_code12"
2012,"Species1",2,2513274.12287183,4996782.84071656,4194483.05948488,"Site_139","scheme_code12"
2010,"Species1",2,2513274.12287183,4996782.84071656,4194483.05948488,"Site_139","scheme_code12"
2005,"Species1",0,2513274.12287183,4996782.84071656,4194483.05948488,"Site_139","scheme_code12"
2001,"Species1",4,2513274.12287183,4996782.84071656,4194483.05948488,"Site_139","scheme_code12"
2006,"Species1",0,2513274.12287183,4996782.84071656,4194483.05948488,"Site_139","scheme_code12"
2011,"Species1",2,2513274.12287183,4996782.84071656,4194483.05948488,"Site_139","scheme_code12"
2009,"Species1",0,2513274.12287183,4996782.84071656,4194483.05948488,"Site_139","scheme_code12"
2002,"Species1",2,2513274.12287183,4996782.84071656,4194483.05948488,"Site_139","scheme_code12"
2000,"Species1",10,2513274.12287183,4996782.84071656,4194483.05948488,"Site_139","scheme_code12"
2004,"Species1",0,2513274.12287183,4996782.84071656,4194483.05948488,"Site_139","scheme_code12"
2016,"Species1",4,2513274.12287183,4996782.84071656,4194483.05948488,"Site_139","scheme_code12"
2015,"Species1",2,2513274.12287183,4996782.84071656,4194483.05948488,"Site_139","scheme_code12"
2008,"Species1",2,2513274.12287183,4996782.84071656,4194483.05948488,"Site_139","scheme_code12"
2013,"Species1",4,2513274.12287183,4996782.84071656,4194483.05948488,"Site_139","scheme_code12"
2010,"Species1",0,2513274.12287183,5211294.64467966,4377750.85037503,"Site_140","scheme_code12"
2011,"Species1",0,2513274.12287183,5211294.64467966,4377750.85037503,"Site_140","scheme_code12"
2008,"Species1",0,2513274.12287183,5211294.64467966,4377750.85037503,"Site_140","scheme_code12"
2009,"Species1",0,2513274.12287183,5211294.64467966,4377750.85037503,"Site_140","scheme_code12"
2004,"Species1",0,2513274.12287183,5211294.64467966,4377750.85037503,"Site_140","scheme_code12"
2007,"Species1",0,2513274.12287183,5211294.64467966,4377750.85037503,"Site_140","scheme_code12"
2002,"Species1",2,2513274.12287183,5211294.64467966,4377750.85037503,"Site_140","scheme_code12"
2005,"Species1",0,2513274.12287183,5211294.64467966,4377750.85037503,"Site_140","scheme_code12"
2013,"Species1",0,2513274.12287183,5211294.64467966,4377750.85037503,"Site_140","scheme_code12"
2006,"Species1",0,2513274.12287183,5211294.64467966,4377750.85037503,"Site_140","scheme_code12"
2000,"Species1",0,2513274.12287183,5211294.64467966,4377750.85037503,"Site_140","scheme_code12"
2001,"Species1",2,2513274.12287183,5211294.64467966,4377750.85037503,"Site_140","scheme_code12"
2014,"Species1",0,2513274.12287183,5211294.64467966,4377750.85037503,"Site_140","scheme_code12"
2016,"Species1",0,2513274.12287183,5211294.64467966,4377750.85037503,"Site_140","scheme_code12"
2015,"Species1",0,2513274.12287183,5211294.64467966,4377750.85037503,"Site_140","scheme_code12"
2012,"Species1",0,2513274.12287183,5211294.64467966,4377750.85037503,"Site_140","scheme_code12"
2003,"Species1",2,2513274.12287183,5211294.64467966,4377750.85037503,"Site_140","scheme_code12"
2014,"Species1",0,2513274.12287183,5035225.97388604,5145130.80811398,"Site_141","scheme_code12"
2003,"Species1",2,2513274.12287183,5035225.97388604,5145130.80811398,"Site_141","scheme_code12"
2009,"Species1",0,2513274.12287183,5035225.97388604,5145130.80811398,"Site_141","scheme_code12"
2017,"Species1",0,2513274.12287183,5035225.97388604,5145130.80811398,"Site_141","scheme_code12"
2013,"Species1",0,2513274.12287183,5035225.97388604,5145130.80811398,"Site_141","scheme_code12"
2021,"Species1",0,2513274.12287183,5035225.97388604,5145130.80811398,"Site_141","scheme_code12"
2020,"Species1",0,2513274.12287183,5035225.97388604,5145130.80811398,"Site_141","scheme_code12"
2002,"Species1",4,2513274.12287183,5035225.97388604,5145130.80811398,"Site_141","scheme_code12"
2008,"Species1",0,2513274.12287183,5035225.97388604,5145130.80811398,"Site_141","scheme_code12"
2016,"Species1",0,2513274.12287183,5035225.97388604,5145130.80811398,"Site_141","scheme_code12"
2001,"Species1",2,2513274.12287183,5035225.97388604,5145130.80811398,"Site_141","scheme_code12"
2018,"Species1",0,2513274.12287183,5035225.97388604,5145130.80811398,"Site_141","scheme_code12"
2004,"Species1",0,2513274.12287183,5035225.97388604,5145130.80811398,"Site_141","scheme_code12"
2006,"Species1",0,2513274.12287183,5035225.97388604,5145130.80811398,"Site_141","scheme_code12"
2010,"Species1",0,2513274.12287183,5035225.97388604,5145130.80811398,"Site_141","scheme_code12"
2011,"Species1",0,2513274.12287183,5035225.97388604,5145130.80811398,"Site_141","scheme_code12"
2019,"Species1",0,2513274.12287183,5035225.97388604,5145130.80811398,"Site_141","scheme_code12"
2007,"Species1",0,2513274.12287183,5035225.97388604,5145130.80811398,"Site_141","scheme_code12"
2005,"Species1",0,2513274.12287183,5035225.97388604,5145130.80811398,"Site_141","scheme_code12"
2012,"Species1",0,2513274.12287183,5035225.97388604,5145130.80811398,"Site_141","scheme_code12"
2018,"Species1",0,2513274.12287183,5047912.50386115,4342761.6540569,"Site_142","scheme_code12"
2017,"Species1",4,2513274.12287183,5047912.50386115,4342761.6540569,"Site_142","scheme_code12"
2019,"Species1",2,2513274.12287183,5047912.50386115,4342761.6540569,"Site_142","scheme_code12"
2015,"Species1",4,2513274.12287183,5047912.50386115,4342761.6540569,"Site_142","scheme_code12"
2014,"Species1",8,2513274.12287183,5047912.50386115,4342761.6540569,"Site_142","scheme_code12"
2020,"Species1",0,2513274.12287183,5047912.50386115,4342761.6540569,"Site_142","scheme_code12"
2021,"Species1",0,2513274.12287183,5047912.50386115,4342761.6540569,"Site_142","scheme_code12"
2016,"Species1",4,2513274.12287183,5047912.50386115,4342761.6540569,"Site_142","scheme_code12"
2020,"Species1",16,2513274.12287183,4981863.7527008,4817807.6796576,"Site_143","scheme_code12"
2021,"Species1",12,2513274.12287183,4981863.7527008,4817807.6796576,"Site_143","scheme_code12"
2021,"Species1",24,2513274.12287183,5008416.92894493,4201702.5255706,"Site_144","scheme_code12"
2002,"Species1",1,1256637.06143592,3878185.0028898,3004388.82546375,"Site_145","scheme_code13"
2007,"Species1",0,1256637.06143592,3878185.0028898,3004388.82546375,"Site_145","scheme_code13"
2003,"Species1",0,1256637.06143592,3878185.0028898,3004388.82546375,"Site_145","scheme_code13"
2006,"Species1",0,1256637.06143592,3878185.0028898,3004388.82546375,"Site_145","scheme_code13"
2005,"Species1",0,1256637.06143592,3878185.0028898,3004388.82546375,"Site_145","scheme_code13"
2008,"Species1",0,1256637.06143592,3878185.0028898,3004388.82546375,"Site_145","scheme_code13"
2004,"Species1",0,1256637.06143592,3878185.0028898,3004388.82546375,"Site_145","scheme_code13"
2011,"Species1",13,1256637.06143592,3873389.4167426,2942152.64229534,"Site_146","scheme_code13"
2010,"Species1",26,1256637.06143592,3873389.4167426,2942152.64229534,"Site_146","scheme_code13"
2010,"Species1",1,1256637.06143592,3603660.42141174,2960783.78728362,"Site_147","scheme_code13"
2020,"Species1",41,1256637.06143592,3472792.28621473,2598229.39512981,"Site_148","scheme_code13"
2016,"Species1",50,1256637.06143592,3472792.28621473,2598229.39512981,"Site_148","scheme_code13"
2008,"Species1",6,1256637.06143592,3472792.28621473,2598229.39512981,"Site_148","scheme_code13"
2019,"Species1",53,1256637.06143592,3472792.28621473,2598229.39512981,"Site_148","scheme_code13"
2004,"Species1",14,1256637.06143592,3472792.28621473,2598229.39512981,"Site_148","scheme_code13"
2017,"Species1",44,1256637.06143592,3472792.28621473,2598229.39512981,"Site_148","scheme_code13"
2018,"Species1",45,1256637.06143592,3472792.28621473,2598229.39512981,"Site_148","scheme_code13"
2006,"Species1",37,1256637.06143592,3472792.28621473,2598229.39512981,"Site_148","scheme_code13"
2005,"Species1",30,1256637.06143592,3472792.28621473,2598229.39512981,"Site_148","scheme_code13"
2021,"Species1",40,1256637.06143592,3472792.28621473,2598229.39512981,"Site_148","scheme_code13"
2007,"Species1",3,1256637.06143592,3472792.28621473,2598229.39512981,"Site_148","scheme_code13"
2015,"Species1",55,1256637.06143592,3472792.28621473,2598229.39512981,"Site_148","scheme_code13"
2003,"Species1",23,1256637.06143592,3472792.28621473,2598229.39512981,"Site_148","scheme_code13"
2003,"Species1",0,1256637.06143592,3507262.48179814,2512336.14134417,"Site_149","scheme_code13"
2005,"Species1",1,1256637.06143592,3507262.48179814,2512336.14134417,"Site_149","scheme_code13"
2006,"Species1",0,1256637.06143592,3507262.48179814,2512336.14134417,"Site_149","scheme_code13"
2002,"Species1",0,1256637.06143592,3507262.48179814,2512336.14134417,"Site_149","scheme_code13"
2004,"Species1",0,1256637.06143592,3507262.48179814,2512336.14134417,"Site_149","scheme_code13"
2021,"Species1",21,1256637.06143592,3940727.6071179,2709286.6177397,"Site_150","scheme_code13"
2020,"Species1",13,1256637.06143592,3940727.6071179,2709286.6177397,"Site_150","scheme_code13"
2018,"Species1",26,1256637.06143592,3940727.6071179,2709286.6177397,"Site_150","scheme_code13"
2017,"Species1",11,1256637.06143592,3940727.6071179,2709286.6177397,"Site_150","scheme_code13"
2019,"Species1",23,1256637.06143592,3940727.6071179,2709286.6177397,"Site_150","scheme_code13"
2016,"Species1",18,1256637.06143592,3940727.6071179,2709286.6177397,"Site_150","scheme_code13"
2004,"Species1",6,1256637.06143592,3897343.37414483,2695435.82982757,"Site_151","scheme_code13"
2002,"Species1",6,1256637.06143592,3897343.37414483,2695435.82982757,"Site_151","scheme_code13"
2016,"Species1",6,1256637.06143592,3897343.37414483,2695435.82982757,"Site_151","scheme_code13"
2011,"Species1",4,1256637.06143592,3897343.37414483,2695435.82982757,"Site_151","scheme_code13"
2013,"Species1",4,1256637.06143592,3897343.37414483,2695435.82982757,"Site_151","scheme_code13"
2010,"Species1",2,1256637.06143592,3897343.37414483,2695435.82982757,"Site_151","scheme_code13"
2009,"Species1",8,1256637.06143592,3897343.37414483,2695435.82982757,"Site_151","scheme_code13"
2007,"Species1",10,1256637.06143592,3897343.37414483,2695435.82982757,"Site_151","scheme_code13"
2003,"Species1",4,1256637.06143592,3897343.37414483,2695435.82982757,"Site_151","scheme_code13"
2006,"Species1",5,1256637.06143592,3897343.37414483,2695435.82982757,"Site_151","scheme_code13"
2014,"Species1",7,1256637.06143592,3897343.37414483,2695435.82982757,"Site_151","scheme_code13"
2008,"Species1",5,1256637.06143592,3932852.37536466,2675329.0337136,"Site_152","scheme_code13"
2009,"Species1",4,1256637.06143592,3932852.37536466,2675329.0337136,"Site_152","scheme_code13"
2011,"Species1",4,1256637.06143592,3932852.37536466,2675329.0337136,"Site_152","scheme_code13"
2012,"Species1",3,1256637.06143592,3932852.37536466,2675329.0337136,"Site_152","scheme_code13"
2013,"Species1",4,1256637.06143592,3932852.37536466,2675329.0337136,"Site_152","scheme_code13"
2014,"Species1",6,1256637.06143592,3932852.37536466,2675329.0337136,"Site_152","scheme_code13"
2003,"Species1",0,1256637.06143592,3332299.65398552,2888268.55019305,"Site_153","scheme_code13"
2002,"Species1",3,1256637.06143592,3332299.65398552,2888268.55019305,"Site_153","scheme_code13"
2008,"Species1",0,1256637.06143592,4011675.85157029,2652478.84665919,"Site_154","scheme_code13"
2004,"Species1",0,1256637.06143592,4011675.85157029,2652478.84665919,"Site_154","scheme_code13"
2006,"Species1",0,1256637.06143592,4011675.85157029,2652478.84665919,"Site_154","scheme_code13"
2012,"Species1",0,1256637.06143592,4011675.85157029,2652478.84665919,"Site_154","scheme_code13"
2011,"Species1",1,1256637.06143592,4011675.85157029,2652478.84665919,"Site_154","scheme_code13"
2009,"Species1",1,1256637.06143592,4011675.85157029,2652478.84665919,"Site_154","scheme_code13"
2002,"Species1",0,1256637.06143592,4011675.85157029,2652478.84665919,"Site_154","scheme_code13"
2003,"Species1",0,1256637.06143592,4011675.85157029,2652478.84665919,"Site_154","scheme_code13"
2010,"Species1",0,1256637.06143592,4011675.85157029,2652478.84665919,"Site_154","scheme_code13"
2005,"Species1",0,1256637.06143592,4011675.85157029,2652478.84665919,"Site_154","scheme_code13"
2007,"Species1",0,1256637.06143592,4011675.85157029,2652478.84665919,"Site_154","scheme_code13"
2014,"Species1",8,1256637.06143592,3962589.13161487,2433538.43561059,"Site_155","scheme_code13"
2013,"Species1",10,1256637.06143592,3962589.13161487,2433538.43561059,"Site_155","scheme_code13"
2015,"Species1",14,1256637.06143592,3962589.13161487,2433538.43561059,"Site_155","scheme_code13"
2017,"Species1",10,1256637.06143592,3962589.13161487,2433538.43561059,"Site_155","scheme_code13"
2018,"Species1",10,1256637.06143592,3962589.13161487,2433538.43561059,"Site_155","scheme_code13"
2005,"Species1",0,1256637.06143592,3962589.13161487,2433538.43561059,"Site_155","scheme_code13"
2009,"Species1",11,1256637.06143592,3962589.13161487,2433538.43561059,"Site_155","scheme_code13"
2003,"Species1",14,1256637.06143592,3962589.13161487,2433538.43561059,"Site_155","scheme_code13"
2011,"Species1",20,1256637.06143592,3962589.13161487,2433538.43561059,"Site_155","scheme_code13"
2006,"Species1",7,1256637.06143592,3962589.13161487,2433538.43561059,"Site_155","scheme_code13"
2004,"Species1",10,1256637.06143592,3962589.13161487,2433538.43561059,"Site_155","scheme_code13"
2010,"Species1",14,1256637.06143592,3962589.13161487,2433538.43561059,"Site_155","scheme_code13"
2021,"Species1",17,1256637.06143592,3962589.13161487,2433538.43561059,"Site_155","scheme_code13"
2008,"Species1",3,1256637.06143592,3962589.13161487,2433538.43561059,"Site_155","scheme_code13"
2020,"Species1",21,1256637.06143592,3962589.13161487,2433538.43561059,"Site_155","scheme_code13"
2007,"Species1",7,1256637.06143592,3962589.13161487,2433538.43561059,"Site_155","scheme_code13"
2012,"Species1",8,1256637.06143592,3962589.13161487,2433538.43561059,"Site_155","scheme_code13"
2019,"Species1",16,1256637.06143592,3962589.13161487,2433538.43561059,"Site_155","scheme_code13"
2012,"Species1",9,1256637.06143592,3926789.29585344,2421210.77699117,"Site_156","scheme_code13"
2020,"Species1",6,1256637.06143592,3926789.29585344,2421210.77699117,"Site_156","scheme_code13"
2018,"Species1",9,1256637.06143592,3926789.29585344,2421210.77699117,"Site_156","scheme_code13"
2019,"Species1",11,1256637.06143592,3926789.29585344,2421210.77699117,"Site_156","scheme_code13"
2013,"Species1",9,1256637.06143592,3926789.29585344,2421210.77699117,"Site_156","scheme_code13"
2021,"Species1",9,1256637.06143592,3926789.29585344,2421210.77699117,"Site_156","scheme_code13"
2004,"Species1",5,1256637.06143592,3212913.8896712,2939455.26013668,"Site_157","scheme_code13"
2002,"Species1",6,1256637.06143592,3212913.8896712,2939455.26013668,"Site_157","scheme_code13"
2005,"Species1",14,1256637.06143592,3212913.8896712,2939455.26013668,"Site_157","scheme_code13"
2003,"Species1",8,1256637.06143592,3212913.8896712,2939455.26013668,"Site_157","scheme_code13"
2004,"Species1",12,1256637.06143592,3240368.20975292,2932093.91158721,"Site_158","scheme_code13"
2003,"Species1",6,1256637.06143592,3240368.20975292,2932093.91158721,"Site_158","scheme_code13"
2011,"Species1",7,1256637.06143592,3240368.20975292,2932093.91158721,"Site_158","scheme_code13"
2007,"Species1",11,1256637.06143592,3240368.20975292,2932093.91158721,"Site_158","scheme_code13"
2010,"Species1",10,1256637.06143592,3240368.20975292,2932093.91158721,"Site_158","scheme_code13"
2006,"Species1",1,1256637.06143592,3240368.20975292,2932093.91158721,"Site_158","scheme_code13"
2005,"Species1",9,1256637.06143592,3240368.20975292,2932093.91158721,"Site_158","scheme_code13"
2008,"Species1",6,1256637.06143592,3240368.20975292,2932093.91158721,"Site_158","scheme_code13"
2021,"Species1",10,1256637.06143592,3612296.58634072,2314982.2686724,"Site_159","scheme_code13"
2008,"Species1",10,1256637.06143592,3630237.13690182,2301772.31484944,"Site_160","scheme_code13"
2005,"Species1",14,1256637.06143592,3630237.13690182,2301772.31484944,"Site_160","scheme_code13"
2006,"Species1",9,1256637.06143592,3630237.13690182,2301772.31484944,"Site_160","scheme_code13"
2021,"Species1",16,1256637.06143592,3630237.13690182,2301772.31484944,"Site_160","scheme_code13"
2007,"Species1",13,1256637.06143592,3630237.13690182,2301772.31484944,"Site_160","scheme_code13"
2006,"Species1",2,1256637.06143592,3469658.8833978,2841246.63138464,"Site_161","scheme_code13"
2008,"Species1",4,1256637.06143592,3469658.8833978,2841246.63138464,"Site_161","scheme_code13"
2009,"Species1",2,1256637.06143592,3469658.8833978,2841246.63138464,"Site_161","scheme_code13"
2007,"Species1",0,1256637.06143592,3469658.8833978,2841246.63138464,"Site_161","scheme_code13"
2005,"Species1",2,1256637.06143592,3469658.8833978,2841246.63138464,"Site_161","scheme_code13"
2007,"Species1",8,1256637.06143592,3621246.46192092,2708754.44116628,"Site_162","scheme_code13"
2004,"Species1",4,1256637.06143592,3621246.46192092,2708754.44116628,"Site_162","scheme_code13"
2006,"Species1",4,1256637.06143592,3621246.46192092,2708754.44116628,"Site_162","scheme_code13"
2008,"Species1",6,1256637.06143592,3621246.46192092,2708754.44116628,"Site_162","scheme_code13"
2010,"Species1",6,1256637.06143592,3621246.46192092,2708754.44116628,"Site_162","scheme_code13"
2012,"Species1",11,1256637.06143592,3621246.46192092,2708754.44116628,"Site_162","scheme_code13"
2011,"Species1",7,1256637.06143592,3621246.46192092,2708754.44116628,"Site_162","scheme_code13"
2016,"Species1",7,1256637.06143592,3621246.46192092,2708754.44116628,"Site_162","scheme_code13"
2015,"Species1",7,1256637.06143592,3621246.46192092,2708754.44116628,"Site_162","scheme_code13"
2013,"Species1",7,1256637.06143592,3621246.46192092,2708754.44116628,"Site_162","scheme_code13"
2018,"Species1",10,1256637.06143592,3621246.46192092,2708754.44116628,"Site_162","scheme_code13"
2005,"Species1",4,1256637.06143592,3621246.46192092,2708754.44116628,"Site_162","scheme_code13"
2009,"Species1",2,1256637.06143592,3621246.46192092,2708754.44116628,"Site_162","scheme_code13"
2017,"Species1",4,1256637.06143592,3621246.46192092,2708754.44116628,"Site_162","scheme_code13"
2014,"Species1",6,1256637.06143592,3621246.46192092,2708754.44116628,"Site_162","scheme_code13"
2019,"Species1",6,1256637.06143592,3588947.08690429,2702601.64484133,"Site_163","scheme_code13"
2021,"Species1",1,1256637.06143592,3588947.08690429,2702601.64484133,"Site_163","scheme_code13"
2010,"Species1",1,1256637.06143592,3980965.40431336,2425975.68160928,"Site_164","scheme_code13"
2019,"Species1",0,1256637.06143592,3980965.40431336,2425975.68160928,"Site_164","scheme_code13"
2017,"Species1",0,1256637.06143592,3980965.40431336,2425975.68160928,"Site_164","scheme_code13"
2014,"Species1",0,1256637.06143592,3980965.40431336,2425975.68160928,"Site_164","scheme_code13"
2012,"Species1",1,1256637.06143592,3980965.40431336,2425975.68160928,"Site_164","scheme_code13"
2008,"Species1",1,1256637.06143592,3980965.40431336,2425975.68160928,"Site_164","scheme_code13"
2020,"Species1",0,1256637.06143592,3980965.40431336,2425975.68160928,"Site_164","scheme_code13"
2013,"Species1",0,1256637.06143592,3980965.40431336,2425975.68160928,"Site_164","scheme_code13"
2016,"Species1",1,1256637.06143592,3980965.40431336,2425975.68160928,"Site_164","scheme_code13"
2015,"Species1",0,1256637.06143592,3980965.40431336,2425975.68160928,"Site_164","scheme_code13"
2011,"Species1",0,1256637.06143592,3980965.40431336,2425975.68160928,"Site_164","scheme_code13"
2018,"Species1",1,1256637.06143592,3980965.40431336,2425975.68160928,"Site_164","scheme_code13"
2009,"Species1",1,1256637.06143592,3980965.40431336,2425975.68160928,"Site_164","scheme_code13"
2009,"Species1",1,1256637.06143592,3970882.23402542,2632111.12372288,"Site_165","scheme_code13"
2010,"Species1",1,1256637.06143592,3970882.23402542,2632111.12372288,"Site_165","scheme_code13"
2014,"Species1",7,1256637.06143592,3912105.76105493,2481177.6500205,"Site_166","scheme_code13"
2018,"Species1",8,1256637.06143592,3912105.76105493,2481177.6500205,"Site_166","scheme_code13"
2015,"Species1",9,1256637.06143592,3912105.76105493,2481177.6500205,"Site_166","scheme_code13"
2019,"Species1",5,1256637.06143592,3912105.76105493,2481177.6500205,"Site_166","scheme_code13"
2012,"Species1",8,1256637.06143592,3912105.76105493,2481177.6500205,"Site_166","scheme_code13"
2020,"Species1",3,1256637.06143592,3912105.76105493,2481177.6500205,"Site_166","scheme_code13"
2016,"Species1",9,1256637.06143592,3912105.76105493,2481177.6500205,"Site_166","scheme_code13"
2011,"Species1",8,1256637.06143592,3912105.76105493,2481177.6500205,"Site_166","scheme_code13"
2021,"Species1",2,1256637.06143592,3912105.76105493,2481177.6500205,"Site_166","scheme_code13"
2017,"Species1",6,1256637.06143592,3912105.76105493,2481177.6500205,"Site_166","scheme_code13"
2013,"Species1",8,1256637.06143592,3912105.76105493,2481177.6500205,"Site_166","scheme_code13"
2018,"Species1",0,1256637.06143592,3559819.15188616,2430328.51797226,"Site_167","scheme_code13"
2016,"Species1",0,1256637.06143592,3559819.15188616,2430328.51797226,"Site_167","scheme_code13"
2021,"Species1",4,1256637.06143592,3559819.15188616,2430328.51797226,"Site_167","scheme_code13"
2019,"Species1",0,1256637.06143592,3559819.15188616,2430328.51797226,"Site_167","scheme_code13"
2017,"Species1",0,1256637.06143592,3559819.15188616,2430328.51797226,"Site_167","scheme_code13"
2020,"Species1",0,1256637.06143592,3559819.15188616,2430328.51797226,"Site_167","scheme_code13"
2008,"Species1",1,1256637.06143592,3486482.54688231,2791858.06429608,"Site_168","scheme_code13"
2015,"Species1",4,1256637.06143592,3494475.8462276,2736047.39502995,"Site_169","scheme_code13"
2013,"Species1",3,1256637.06143592,3494475.8462276,2736047.39502995,"Site_169","scheme_code13"
2017,"Species1",3,1256637.06143592,3494475.8462276,2736047.39502995,"Site_169","scheme_code13"
2016,"Species1",5,1256637.06143592,3494475.8462276,2736047.39502995,"Site_169","scheme_code13"
2014,"Species1",4,1256637.06143592,3494475.8462276,2736047.39502995,"Site_169","scheme_code13"
2012,"Species1",9,1256637.06143592,3494475.8462276,2736047.39502995,"Site_169","scheme_code13"
2010,"Species1",7,1256637.06143592,3519384.65335365,3015779.22692088,"Site_170","scheme_code13"
2021,"Species1",24,1256637.06143592,3947331.4253257,2887694.71184138,"Site_171","scheme_code13"
2017,"Species1",23,1256637.06143592,3947331.4253257,2887694.71184138,"Site_171","scheme_code13"
2019,"Species1",17,1256637.06143592,3947331.4253257,2887694.71184138,"Site_171","scheme_code13"
2018,"Species1",19,1256637.06143592,3947331.4253257,2887694.71184138,"Site_171","scheme_code13"
2005,"Species1",11,1256637.06143592,4013478.8825643,2844289.22164554,"Site_172","scheme_code13"
2003,"Species1",10,1256637.06143592,4013478.8825643,2844289.22164554,"Site_172","scheme_code13"
2006,"Species1",12,1256637.06143592,4013478.8825643,2844289.22164554,"Site_172","scheme_code13"
2008,"Species1",8,1256637.06143592,4013478.8825643,2844289.22164554,"Site_172","scheme_code13"
2021,"Species1",8,1256637.06143592,4013478.8825643,2844289.22164554,"Site_172","scheme_code13"
2015,"Species1",10,1256637.06143592,4013478.8825643,2844289.22164554,"Site_172","scheme_code13"
2012,"Species1",10,1256637.06143592,4013478.8825643,2844289.22164554,"Site_172","scheme_code13"
2020,"Species1",13,1256637.06143592,4013478.8825643,2844289.22164554,"Site_172","scheme_code13"
2004,"Species1",11,1256637.06143592,4013478.8825643,2844289.22164554,"Site_172","scheme_code13"
2007,"Species1",10,1256637.06143592,4013478.8825643,2844289.22164554,"Site_172","scheme_code13"
2019,"Species1",14,1256637.06143592,4013478.8825643,2844289.22164554,"Site_172","scheme_code13"
2010,"Species1",13,1256637.06143592,4013478.8825643,2844289.22164554,"Site_172","scheme_code13"
2018,"Species1",14,1256637.06143592,4013478.8825643,2844289.22164554,"Site_172","scheme_code13"
2014,"Species1",13,1256637.06143592,4013478.8825643,2844289.22164554,"Site_172","scheme_code13"
2011,"Species1",12,1256637.06143592,4013478.8825643,2844289.22164554,"Site_172","scheme_code13"
2009,"Species1",7,1256637.06143592,4013478.8825643,2844289.22164554,"Site_172","scheme_code13"
2002,"Species1",6,1256637.06143592,4013478.8825643,2844289.22164554,"Site_172","scheme_code13"
2013,"Species1",9,1256637.06143592,4013478.8825643,2844289.22164554,"Site_172","scheme_code13"
2016,"Species1",19,1256637.06143592,4036944.68244406,2834442.56665716,"Site_173","scheme_code13"
2020,"Species1",5,1256637.06143592,4036944.68244406,2834442.56665716,"Site_173","scheme_code13"
2021,"Species1",16,1256637.06143592,4036944.68244406,2834442.56665716,"Site_173","scheme_code13"
2017,"Species1",18,1256637.06143592,4036944.68244406,2834442.56665716,"Site_173","scheme_code13"
2009,"Species1",22,1256637.06143592,3971197.94845786,2843099.47034221,"Site_174","scheme_code13"
2011,"Species1",24,1256637.06143592,3971197.94845786,2843099.47034221,"Site_174","scheme_code13"
2010,"Species1",24,1256637.06143592,3971197.94845786,2843099.47034221,"Site_174","scheme_code13"
2008,"Species1",30,1256637.06143592,3971197.94845786,2843099.47034221,"Site_174","scheme_code13"
2013,"Species1",3,1256637.06143592,3339377.73568147,2830067.00593008,"Site_175","scheme_code13"
2003,"Species1",1,1256637.06143592,3368716.95599853,2804844.1924532,"Site_176","scheme_code13"
2012,"Species1",4,1256637.06143592,3368716.95599853,2804844.1924532,"Site_176","scheme_code13"
2005,"Species1",3,1256637.06143592,3368716.95599853,2804844.1924532,"Site_176","scheme_code13"
2006,"Species1",2,1256637.06143592,3368716.95599853,2804844.1924532,"Site_176","scheme_code13"
2013,"Species1",5,1256637.06143592,3368716.95599853,2804844.1924532,"Site_176","scheme_code13"
2010,"Species1",4,1256637.06143592,3368716.95599853,2804844.1924532,"Site_176","scheme_code13"
2007,"Species1",1,1256637.06143592,3368716.95599853,2804844.1924532,"Site_176","scheme_code13"
2002,"Species1",3,1256637.06143592,3368716.95599853,2804844.1924532,"Site_176","scheme_code13"
2004,"Species1",2,1256637.06143592,3368716.95599853,2804844.1924532,"Site_176","scheme_code13"
2009,"Species1",1,1256637.06143592,3368716.95599853,2804844.1924532,"Site_176","scheme_code13"
2014,"Species1",11,1256637.06143592,4112398.15940563,2860242.82654364,"Site_177","scheme_code13"
2013,"Species1",16,1256637.06143592,3829725.54692461,2721149.07617653,"Site_178","scheme_code13"
2012,"Species1",17,1256637.06143592,3829725.54692461,2721149.07617653,"Site_178","scheme_code13"
2011,"Species1",7,1256637.06143592,3796326.64273185,3134750.73242158,"Site_179","scheme_code13"
2002,"Species1",12,1256637.06143592,3796326.64273185,3134750.73242158,"Site_179","scheme_code13"
2012,"Species1",9,1256637.06143592,3796326.64273185,3134750.73242158,"Site_179","scheme_code13"
2008,"Species1",10,1256637.06143592,3796326.64273185,3134750.73242158,"Site_179","scheme_code13"
2013,"Species1",5,1256637.06143592,3796326.64273185,3134750.73242158,"Site_179","scheme_code13"
2006,"Species1",12,1256637.06143592,3796326.64273185,3134750.73242158,"Site_179","scheme_code13"
2003,"Species1",15,1256637.06143592,3796326.64273185,3134750.73242158,"Site_179","scheme_code13"
2007,"Species1",9,1256637.06143592,3796326.64273185,3134750.73242158,"Site_179","scheme_code13"
2010,"Species1",5,1256637.06143592,3796326.64273185,3134750.73242158,"Site_179","scheme_code13"
2014,"Species1",2,1256637.06143592,3796326.64273185,3134750.73242158,"Site_179","scheme_code13"
2009,"Species1",5,1256637.06143592,3796326.64273185,3134750.73242158,"Site_179","scheme_code13"
2005,"Species1",12,1256637.06143592,3796326.64273185,3134750.73242158,"Site_179","scheme_code13"
2004,"Species1",15,1256637.06143592,3796326.64273185,3134750.73242158,"Site_179","scheme_code13"
2011,"Species1",8,1256637.06143592,3783489.81718068,3106995.64863698,"Site_180","scheme_code13"
2013,"Species1",8,1256637.06143592,3783489.81718068,3106995.64863698,"Site_180","scheme_code13"
2010,"Species1",8,1256637.06143592,3783489.81718068,3106995.64863698,"Site_180","scheme_code13"
2014,"Species1",10,1256637.06143592,3783489.81718068,3106995.64863698,"Site_180","scheme_code13"
2012,"Species1",10,1256637.06143592,3783489.81718068,3106995.64863698,"Site_180","scheme_code13"
2009,"Species1",8,1256637.06143592,3783489.81718068,3106995.64863698,"Site_180","scheme_code13"
2008,"Species1",6,1256637.06143592,3783489.81718068,3106995.64863698,"Site_180","scheme_code13"
2004,"Species1",22,1256637.06143592,3770582.7743328,3079619.40075841,"Site_181","scheme_code13"
2003,"Species1",24,1256637.06143592,3770582.7743328,3079619.40075841,"Site_181","scheme_code13"
2009,"Species1",35,1256637.06143592,3733190.03254331,3075171.5284601,"Site_182","scheme_code13"
2004,"Species1",25,1256637.06143592,3733190.03254331,3075171.5284601,"Site_182","scheme_code13"
2007,"Species1",32,1256637.06143592,3733190.03254331,3075171.5284601,"Site_182","scheme_code13"
2008,"Species1",28,1256637.06143592,3733190.03254331,3075171.5284601,"Site_182","scheme_code13"
2006,"Species1",30,1256637.06143592,3733190.03254331,3075171.5284601,"Site_182","scheme_code13"
2015,"Species1",4,1256637.06143592,3768360.58903548,3074518.77692924,"Site_183","scheme_code13"
2014,"Species1",3,1256637.06143592,3811468.69191874,3037358.0161214,"Site_184","scheme_code13"
2011,"Species1",0,1256637.06143592,3776944.89889944,2535848.48345171,"Site_185","scheme_code13"
2005,"Species1",0,1256637.06143592,3776944.89889944,2535848.48345171,"Site_185","scheme_code13"
2009,"Species1",0,1256637.06143592,3776944.89889944,2535848.48345171,"Site_185","scheme_code13"
2018,"Species1",14,1256637.06143592,3776944.89889944,2535848.48345171,"Site_185","scheme_code13"
2014,"Species1",0,1256637.06143592,3776944.89889944,2535848.48345171,"Site_185","scheme_code13"
2010,"Species1",0,1256637.06143592,3776944.89889944,2535848.48345171,"Site_185","scheme_code13"
2003,"Species1",0,1256637.06143592,3776944.89889944,2535848.48345171,"Site_185","scheme_code13"
2015,"Species1",19,1256637.06143592,3776944.89889944,2535848.48345171,"Site_185","scheme_code13"
2019,"Species1",9,1256637.06143592,3776944.89889944,2535848.48345171,"Site_185","scheme_code13"
2012,"Species1",0,1256637.06143592,3776944.89889944,2535848.48345171,"Site_185","scheme_code13"
2006,"Species1",0,1256637.06143592,3776944.89889944,2535848.48345171,"Site_185","scheme_code13"
2016,"Species1",15,1256637.06143592,3776944.89889944,2535848.48345171,"Site_185","scheme_code13"
2004,"Species1",0,1256637.06143592,3776944.89889944,2535848.48345171,"Site_185","scheme_code13"
2020,"Species1",6,1256637.06143592,3776944.89889944,2535848.48345171,"Site_185","scheme_code13"
2021,"Species1",9,1256637.06143592,3776944.89889944,2535848.48345171,"Site_185","scheme_code13"
2013,"Species1",0,1256637.06143592,3776944.89889944,2535848.48345171,"Site_185","scheme_code13"
2008,"Species1",0,1256637.06143592,3776944.89889944,2535848.48345171,"Site_185","scheme_code13"
2007,"Species1",0,1256637.06143592,3776944.89889944,2535848.48345171,"Site_185","scheme_code13"
2002,"Species1",0,1256637.06143592,3776944.89889944,2535848.48345171,"Site_185","scheme_code13"
2017,"Species1",11,1256637.06143592,3776944.89889944,2535848.48345171,"Site_185","scheme_code13"
2019,"Species1",6,1256637.06143592,3763140.87212251,2523371.34175334,"Site_186","scheme_code13"
2017,"Species1",6,1256637.06143592,3942077.10544105,2673055.93010225,"Site_187","scheme_code13"
2018,"Species1",1,1256637.06143592,3942077.10544105,2673055.93010225,"Site_187","scheme_code13"
2017,"Species1",3,1256637.06143592,3958434.49438391,2632237.71872973,"Site_188","scheme_code13"
2020,"Species1",3,1256637.06143592,3958434.49438391,2632237.71872973,"Site_188","scheme_code13"
2019,"Species1",3,1256637.06143592,3958434.49438391,2632237.71872973,"Site_188","scheme_code13"
2013,"Species1",1,1256637.06143592,3958434.49438391,2632237.71872973,"Site_188","scheme_code13"
2016,"Species1",3,1256637.06143592,3958434.49438391,2632237.71872973,"Site_188","scheme_code13"
2014,"Species1",3,1256637.06143592,3958434.49438391,2632237.71872973,"Site_188","scheme_code13"
2018,"Species1",3,1256637.06143592,3958434.49438391,2632237.71872973,"Site_188","scheme_code13"
2021,"Species1",3,1256637.06143592,3958434.49438391,2632237.71872973,"Site_188","scheme_code13"
2009,"Species1",1,1256637.06143592,3607823.05647545,2855350.13776069,"Site_189","scheme_code13"
2010,"Species1",0,1256637.06143592,3607823.05647545,2855350.13776069,"Site_189","scheme_code13"
2007,"Species1",1,1256637.06143592,3607823.05647545,2855350.13776069,"Site_189","scheme_code13"
2008,"Species1",0,1256637.06143592,3607823.05647545,2855350.13776069,"Site_189","scheme_code13"
2011,"Species1",0,1256637.06143592,3607823.05647545,2855350.13776069,"Site_189","scheme_code13"
2005,"Species1",4,1256637.06143592,3607823.05647545,2855350.13776069,"Site_189","scheme_code13"
2006,"Species1",1,1256637.06143592,3607823.05647545,2855350.13776069,"Site_189","scheme_code13"
2015,"Species1",0,1256637.06143592,3607823.05647545,2855350.13776069,"Site_189","scheme_code13"
2012,"Species1",0,1256637.06143592,3607823.05647545,2855350.13776069,"Site_189","scheme_code13"
2014,"Species1",2,1256637.06143592,3607823.05647545,2855350.13776069,"Site_189","scheme_code13"
2013,"Species1",1,1256637.06143592,3607823.05647545,2855350.13776069,"Site_189","scheme_code13"
2012,"Species1",8,1256637.06143592,3637077.29857324,3014594.61804651,"Site_190","scheme_code13"
2013,"Species1",13,1256637.06143592,3701293.4197795,2977397.19238082,"Site_191","scheme_code13"
2007,"Species1",5,1256637.06143592,3799373.93196187,2886514.36960827,"Site_192","scheme_code13"
2012,"Species1",0,1256637.06143592,3799373.93196187,2886514.36960827,"Site_192","scheme_code13"
2014,"Species1",16,1256637.06143592,3799373.93196187,2886514.36960827,"Site_192","scheme_code13"
2015,"Species1",18,1256637.06143592,3799373.93196187,2886514.36960827,"Site_192","scheme_code13"
2010,"Species1",14,1256637.06143592,3799373.93196187,2886514.36960827,"Site_192","scheme_code13"
2008,"Species1",11,1256637.06143592,3799373.93196187,2886514.36960827,"Site_192","scheme_code13"
2006,"Species1",9,1256637.06143592,3799373.93196187,2886514.36960827,"Site_192","scheme_code13"
2011,"Species1",2,1256637.06143592,3799373.93196187,2886514.36960827,"Site_192","scheme_code13"
2009,"Species1",0,1256637.06143592,3799373.93196187,2886514.36960827,"Site_192","scheme_code13"
2006,"Species1",13,1256637.06143592,3767699.71861982,3000112.58744778,"Site_193","scheme_code13"
2004,"Species1",16,1256637.06143592,3790538.78973987,2996861.66068807,"Site_194","scheme_code13"
2007,"Species1",18,1256637.06143592,3790538.78973987,2996861.66068807,"Site_194","scheme_code13"
2018,"Species1",6,1256637.06143592,3790538.78973987,2996861.66068807,"Site_194","scheme_code13"
2010,"Species1",13,1256637.06143592,3790538.78973987,2996861.66068807,"Site_194","scheme_code13"
2016,"Species1",6,1256637.06143592,3790538.78973987,2996861.66068807,"Site_194","scheme_code13"
2013,"Species1",9,1256637.06143592,3790538.78973987,2996861.66068807,"Site_194","scheme_code13"
2011,"Species1",6,1256637.06143592,3790538.78973987,2996861.66068807,"Site_194","scheme_code13"
2002,"Species1",18,1256637.06143592,3790538.78973987,2996861.66068807,"Site_194","scheme_code13"
2006,"Species1",14,1256637.06143592,3790538.78973987,2996861.66068807,"Site_194","scheme_code13"
2017,"Species1",4,1256637.06143592,3790538.78973987,2996861.66068807,"Site_194","scheme_code13"
2003,"Species1",17,1256637.06143592,3790538.78973987,2996861.66068807,"Site_194","scheme_code13"
2019,"Species1",8,1256637.06143592,3790538.78973987,2996861.66068807,"Site_194","scheme_code13"
2001,"Species1",27,1256637.06143592,3790538.78973987,2996861.66068807,"Site_194","scheme_code13"
2005,"Species1",11,1256637.06143592,3790538.78973987,2996861.66068807,"Site_194","scheme_code13"
2014,"Species1",9,1256637.06143592,3790538.78973987,2996861.66068807,"Site_194","scheme_code13"
2009,"Species1",9,1256637.06143592,3790538.78973987,2996861.66068807,"Site_194","scheme_code13"
2020,"Species1",7,1256637.06143592,3790538.78973987,2996861.66068807,"Site_194","scheme_code13"
2015,"Species1",5,1256637.06143592,3790538.78973987,2996861.66068807,"Site_194","scheme_code13"
2021,"Species1",7,1256637.06143592,3790538.78973987,2996861.66068807,"Site_194","scheme_code13"
2008,"Species1",14,1256637.06143592,3790538.78973987,2996861.66068807,"Site_194","scheme_code13"
2012,"Species1",5,1256637.06143592,3790538.78973987,2996861.66068807,"Site_194","scheme_code13"
2004,"Species1",10,1256637.06143592,3916166.30314728,2375433.76184847,"Site_195","scheme_code13"
2003,"Species1",7,1256637.06143592,3916166.30314728,2375433.76184847,"Site_195","scheme_code13"
2005,"Species1",8,1256637.06143592,3916166.30314728,2375433.76184847,"Site_195","scheme_code13"
2011,"Species1",6,1256637.06143592,3396051.27355476,2728111.95090316,"Site_196","scheme_code13"
2012,"Species1",10,1256637.06143592,3396051.27355476,2728111.95090316,"Site_196","scheme_code13"
2005,"Species1",9,1256637.06143592,3396051.27355476,2728111.95090316,"Site_196","scheme_code13"
2004,"Species1",10,1256637.06143592,3396051.27355476,2728111.95090316,"Site_196","scheme_code13"
2008,"Species1",9,1256637.06143592,3396051.27355476,2728111.95090316,"Site_196","scheme_code13"
2006,"Species1",12,1256637.06143592,3396051.27355476,2728111.95090316,"Site_196","scheme_code13"
2010,"Species1",9,1256637.06143592,3396051.27355476,2728111.95090316,"Site_196","scheme_code13"
2013,"Species1",9,1256637.06143592,3396051.27355476,2728111.95090316,"Site_196","scheme_code13"
2011,"Species1",3,1256637.06143592,3435758.69055965,2710636.30877399,"Site_197","scheme_code13"
2008,"Species1",0,1256637.06143592,3435758.69055965,2710636.30877399,"Site_197","scheme_code13"
2009,"Species1",3,1256637.06143592,3435758.69055965,2710636.30877399,"Site_197","scheme_code13"
2006,"Species1",1,1256637.06143592,3435758.69055965,2710636.30877399,"Site_197","scheme_code13"
2007,"Species1",2,1256637.06143592,3435758.69055965,2710636.30877399,"Site_197","scheme_code13"
2010,"Species1",0,1256637.06143592,3435758.69055965,2710636.30877399,"Site_197","scheme_code13"
2004,"Species1",7,1256637.06143592,3435758.69055965,2710636.30877399,"Site_197","scheme_code13"
2002,"Species1",0,1256637.06143592,3435758.69055965,2710636.30877399,"Site_197","scheme_code13"
2005,"Species1",2,1256637.06143592,3435758.69055965,2710636.30877399,"Site_197","scheme_code13"
2001,"Species1",4,1256637.06143592,3472620.0664695,2668642.21034457,"Site_198","scheme_code13"
2011,"Species1",2,1256637.06143592,3472620.0664695,2668642.21034457,"Site_198","scheme_code13"
2003,"Species1",7,1256637.06143592,3472620.0664695,2668642.21034457,"Site_198","scheme_code13"
2007,"Species1",6,1256637.06143592,3472620.0664695,2668642.21034457,"Site_198","scheme_code13"
2002,"Species1",9,1256637.06143592,3472620.0664695,2668642.21034457,"Site_198","scheme_code13"
2005,"Species1",3,1256637.06143592,3472620.0664695,2668642.21034457,"Site_198","scheme_code13"
2010,"Species1",7,1256637.06143592,3472620.0664695,2668642.21034457,"Site_198","scheme_code13"
2004,"Species1",5,1256637.06143592,3472620.0664695,2668642.21034457,"Site_198","scheme_code13"
2013,"Species1",5,1256637.06143592,3472620.0664695,2668642.21034457,"Site_198","scheme_code13"
2021,"Species1",6,1256637.06143592,3472620.0664695,2668642.21034457,"Site_198","scheme_code13"
2012,"Species1",2,1256637.06143592,3472620.0664695,2668642.21034457,"Site_198","scheme_code13"
2019,"Species1",1,1256637.06143592,3472620.0664695,2668642.21034457,"Site_198","scheme_code13"
2017,"Species1",3,1256637.06143592,3472620.0664695,2668642.21034457,"Site_198","scheme_code13"
2008,"Species1",6,1256637.06143592,3472620.0664695,2668642.21034457,"Site_198","scheme_code13"
2016,"Species1",2,1256637.06143592,3472620.0664695,2668642.21034457,"Site_198","scheme_code13"
2018,"Species1",5,1256637.06143592,3472620.0664695,2668642.21034457,"Site_198","scheme_code13"
2012,"Species1",0,1256637.06143592,3626170.54336804,2577403.41481269,"Site_199","scheme_code13"
2004,"Species1",0,1256637.06143592,3626170.54336804,2577403.41481269,"Site_199","scheme_code13"
2010,"Species1",0,1256637.06143592,3626170.54336804,2577403.41481269,"Site_199","scheme_code13"
2002,"Species1",0,1256637.06143592,3626170.54336804,2577403.41481269,"Site_199","scheme_code13"
2003,"Species1",0,1256637.06143592,3626170.54336804,2577403.41481269,"Site_199","scheme_code13"
2007,"Species1",0,1256637.06143592,3626170.54336804,2577403.41481269,"Site_199","scheme_code13"
2009,"Species1",0,1256637.06143592,3626170.54336804,2577403.41481269,"Site_199","scheme_code13"
2011,"Species1",1,1256637.06143592,3626170.54336804,2577403.41481269,"Site_199","scheme_code13"
2006,"Species1",0,1256637.06143592,3626170.54336804,2577403.41481269,"Site_199","scheme_code13"
2014,"Species1",0,1256637.06143592,3626170.54336804,2577403.41481269,"Site_199","scheme_code13"
2008,"Species1",1,1256637.06143592,3626170.54336804,2577403.41481269,"Site_199","scheme_code13"
2013,"Species1",0,1256637.06143592,3626170.54336804,2577403.41481269,"Site_199","scheme_code13"
2005,"Species1",0,1256637.06143592,3626170.54336804,2577403.41481269,"Site_199","scheme_code13"
2002,"Species1",15,1256637.06143592,3982396.56578702,2815475.05353572,"Site_200","scheme_code13"
2005,"Species1",19,1256637.06143592,3766255.94277526,2842562.83886601,"Site_201","scheme_code13"
2021,"Species1",16,1130976,4994575.64533667,2535247.96696524,"Site_202","scheme_code14"
2016,"Species1",32,1130976,4994575.64533667,2535247.96696524,"Site_202","scheme_code14"
2018,"Species1",24,1130976,4994575.64533667,2535247.96696524,"Site_202","scheme_code14"
2017,"Species1",26,1130976,4994575.64533667,2535247.96696524,"Site_202","scheme_code14"
2014,"Species1",30,1130976,4994575.64533667,2535247.96696524,"Site_202","scheme_code14"
2020,"Species1",22,1130976,4994575.64533667,2535247.96696524,"Site_202","scheme_code14"
2015,"Species1",30,1130976,4994575.64533667,2535247.96696524,"Site_202","scheme_code14"
2019,"Species1",20,1130976,4994575.64533667,2535247.96696524,"Site_202","scheme_code14"
2021,"Species1",0,1130976,4747980.79213721,2524859.4610331,"Site_203","scheme_code14"
2016,"Species1",0,1130976,4747980.79213721,2524859.4610331,"Site_203","scheme_code14"
2015,"Species1",6,1130976,4747980.79213721,2524859.4610331,"Site_203","scheme_code14"
2019,"Species1",0,1130976,4747980.79213721,2524859.4610331,"Site_203","scheme_code14"
2020,"Species1",0,1130976,4747980.79213721,2524859.4610331,"Site_203","scheme_code14"
2017,"Species1",2,1130976,4747980.79213721,2524859.4610331,"Site_203","scheme_code14"
2018,"Species1",0,1130976,4747980.79213721,2524859.4610331,"Site_203","scheme_code14"
2020,"Species1",12,1130976,4783275.02136265,2338611.65781847,"Site_204","scheme_code14"
2021,"Species1",8,1130976,4783275.02136265,2338611.65781847,"Site_204","scheme_code14"
2016,"Species1",38,1130976,4783275.02136265,2338611.65781847,"Site_204","scheme_code14"
2019,"Species1",20,1130976,4783275.02136265,2338611.65781847,"Site_204","scheme_code14"
2018,"Species1",30,1130976,4783275.02136265,2338611.65781847,"Site_204","scheme_code14"
2017,"Species1",28,1130976,4783275.02136265,2338611.65781847,"Site_204","scheme_code14"
2015,"Species1",48,1130976,4783275.02136265,2338611.65781847,"Site_204","scheme_code14"
2017,"Species1",0,1130976,4855855.30443311,2296673.25842095,"Site_205","scheme_code14"
2019,"Species1",0,1130976,4855855.30443311,2296673.25842095,"Site_205","scheme_code14"
2015,"Species1",2,1130976,4855855.30443311,2296673.25842095,"Site_205","scheme_code14"
2020,"Species1",6,1130976,4855855.30443311,2296673.25842095,"Site_205","scheme_code14"
2018,"Species1",0,1130976,4855855.30443311,2296673.25842095,"Site_205","scheme_code14"
2016,"Species1",0,1130976,4855855.30443311,2296673.25842095,"Site_205","scheme_code14"
2018,"Species1",0,1884960,5005070.95742437,2771355.31956338,"Site_206","scheme_code15"
2019,"Species1",0,1884960,5005070.95742437,2771355.31956338,"Site_206","scheme_code15"
2017,"Species1",1,1884960,5005070.95742437,2771355.31956338,"Site_206","scheme_code15"
2004,"Species1",1,1884960,5005070.95742437,2771355.31956338,"Site_206","scheme_code15"
2002,"Species1",2,1884960,5005070.95742437,2771355.31956338,"Site_206","scheme_code15"
2020,"Species1",0,1884960,5005070.95742437,2771355.31956338,"Site_206","scheme_code15"
2016,"Species1",0,1884960,5005070.95742437,2771355.31956338,"Site_206","scheme_code15"
2001,"Species1",3,1884960,5005070.95742437,2771355.31956338,"Site_206","scheme_code15"
2021,"Species1",0,1884960,5005070.95742437,2771355.31956338,"Site_206","scheme_code15"
2003,"Species1",3,1884960,5005070.95742437,2771355.31956338,"Site_206","scheme_code15"
2000,"Species1",4,1884960,5005070.95742437,2771355.31956338,"Site_206","scheme_code15"
2001,"Species1",13,1884960,5006019.53873198,2776954.71601192,"Site_207","scheme_code15"
2004,"Species1",29,1884960,5006019.53873198,2776954.71601192,"Site_207","scheme_code15"
2003,"Species1",15,1884960,5006019.53873198,2776954.71601192,"Site_207","scheme_code15"
2008,"Species1",12,1884960,5006019.53873198,2776954.71601192,"Site_207","scheme_code15"
2002,"Species1",16,1884960,5006019.53873198,2776954.71601192,"Site_207","scheme_code15"
2000,"Species1",5,1884960,5006019.53873198,2776954.71601192,"Site_207","scheme_code15"
2007,"Species1",4,1884960,5006019.53873198,2776954.71601192,"Site_207","scheme_code15"
2005,"Species1",10,1884960,5006019.53873198,2776954.71601192,"Site_207","scheme_code15"
2006,"Species1",6,1884960,5006019.53873198,2776954.71601192,"Site_207","scheme_code15"
2004,"Species1",32,1884960,5078842.0657446,2765751.45081346,"Site_208","scheme_code15"
2002,"Species1",44,1884960,5078842.0657446,2765751.45081346,"Site_208","scheme_code15"
2003,"Species1",36,1884960,5078842.0657446,2765751.45081346,"Site_208","scheme_code15"
2008,"Species1",11,1884960,5089305.72701625,2714211.06709178,"Site_209","scheme_code15"
2007,"Species1",15,1884960,5089305.72701625,2714211.06709178,"Site_209","scheme_code15"
2006,"Species1",6,1884960,5089305.72701625,2714211.06709178,"Site_209","scheme_code15"
2005,"Species1",15,1884960,5089305.72701625,2714211.06709178,"Site_209","scheme_code15"
2014,"Species1",12,1884960,5098739.06418074,2780141.67515196,"Site_210","scheme_code15"
2015,"Species1",22,1884960,5098739.06418074,2780141.67515196,"Site_210","scheme_code15"
2017,"Species1",9,1884960,5098739.06418074,2780141.67515196,"Site_210","scheme_code15"
2016,"Species1",16,1884960,5098739.06418074,2780141.67515196,"Site_210","scheme_code15"
2013,"Species1",17,1884960,5098739.06418074,2780141.67515196,"Site_210","scheme_code15"
2013,"Species1",25,1884960,5089264.04889459,2761445.8729258,"Site_211","scheme_code15"
2014,"Species1",31,1884960,5089264.04889459,2761445.8729258,"Site_211","scheme_code15"
2015,"Species1",30,1884960,5089264.04889459,2761445.8729258,"Site_211","scheme_code15"
2017,"Species1",31,1884960,5089264.04889459,2761445.8729258,"Site_211","scheme_code15"
2016,"Species1",30,1884960,5089264.04889459,2761445.8729258,"Site_211","scheme_code15"
2002,"Species1",13,1884960,5128374.1748501,2821546.1890128,"Site_212","scheme_code15"
2001,"Species1",16,1884960,5128374.1748501,2821546.1890128,"Site_212","scheme_code15"
2003,"Species1",12,1884960,5128374.1748501,2821546.1890128,"Site_212","scheme_code15"
2002,"Species1",4,1884960,5196705.81306986,2687362.18244598,"Site_213","scheme_code15"
2001,"Species1",5,1884960,5196705.81306986,2687362.18244598,"Site_213","scheme_code15"
2000,"Species1",5,1884960,5196705.81306986,2687362.18244598,"Site_213","scheme_code15"
2007,"Species1",26,1884960,5165048.23370719,2817374.53566452,"Site_214","scheme_code15"
2008,"Species1",24,1884960,5165048.23370719,2817374.53566452,"Site_214","scheme_code15"
2012,"Species1",29,1884960,4877065.93067226,2688783.10262782,"Site_215","scheme_code15"
2003,"Species1",33,1884960,4877065.93067226,2688783.10262782,"Site_215","scheme_code15"
2020,"Species1",2,1884960,4892494.31312984,2709207.14622054,"Site_216","scheme_code15"
2001,"Species1",15,1884960,4892494.31312984,2709207.14622054,"Site_216","scheme_code15"
2021,"Species1",0,1884960,4892494.31312984,2709207.14622054,"Site_216","scheme_code15"
2012,"Species1",0,4e+05,3177509.37309484,3678306.52561635,"Site_217","scheme_code16"
2000,"Species1",0,4e+05,3177509.37309484,3678306.52561635,"Site_217","scheme_code16"
2010,"Species1",0,4e+05,3177509.37309484,3678306.52561635,"Site_217","scheme_code16"
2016,"Species1",0,4e+05,3177509.37309484,3678306.52561635,"Site_217","scheme_code16"
2021,"Species1",0,4e+05,3177509.37309484,3678306.52561635,"Site_217","scheme_code16"
2008,"Species1",0,4e+05,3177509.37309484,3678306.52561635,"Site_217","scheme_code16"
2013,"Species1",0,4e+05,3177509.37309484,3678306.52561635,"Site_217","scheme_code16"
2009,"Species1",0,4e+05,3177509.37309484,3678306.52561635,"Site_217","scheme_code16"
2004,"Species1",9,4e+05,3177509.37309484,3678306.52561635,"Site_217","scheme_code16"
2003,"Species1",1,4e+05,3177509.37309484,3678306.52561635,"Site_217","scheme_code16"
2011,"Species1",0,4e+05,3177509.37309484,3678306.52561635,"Site_217","scheme_code16"
2015,"Species1",0,4e+05,3177509.37309484,3678306.52561635,"Site_217","scheme_code16"
2019,"Species1",0,4e+05,3177509.37309484,3678306.52561635,"Site_217","scheme_code16"
2018,"Species1",0,4e+05,3177509.37309484,3678306.52561635,"Site_217","scheme_code16"
2006,"Species1",0,4e+05,3177509.37309484,3678306.52561635,"Site_217","scheme_code16"
2014,"Species1",0,4e+05,3177509.37309484,3678306.52561635,"Site_217","scheme_code16"
2002,"Species1",0,4e+05,3177509.37309484,3678306.52561635,"Site_217","scheme_code16"
2007,"Species1",0,4e+05,3177509.37309484,3678306.52561635,"Site_217","scheme_code16"
2005,"Species1",0,4e+05,3177509.37309484,3678306.52561635,"Site_217","scheme_code16"
2017,"Species1",0,4e+05,3177509.37309484,3678306.52561635,"Site_217","scheme_code16"
2019,"Species1",0,4e+05,3171102.77333707,3696697.10807116,"Site_218","scheme_code16"
2018,"Species1",1,4e+05,3171102.77333707,3696697.10807116,"Site_218","scheme_code16"
2007,"Species1",0,4e+05,3171102.77333707,3696697.10807116,"Site_218","scheme_code16"
2005,"Species1",2,4e+05,3171102.77333707,3696697.10807116,"Site_218","scheme_code16"
2009,"Species1",1,4e+05,3171102.77333707,3696697.10807116,"Site_218","scheme_code16"
2011,"Species1",0,4e+05,3171102.77333707,3696697.10807116,"Site_218","scheme_code16"
2016,"Species1",1,4e+05,3171102.77333707,3696697.10807116,"Site_218","scheme_code16"
2002,"Species1",3,4e+05,3171102.77333707,3696697.10807116,"Site_218","scheme_code16"
2012,"Species1",0,4e+05,3171102.77333707,3696697.10807116,"Site_218","scheme_code16"
2008,"Species1",4,4e+05,3171102.77333707,3696697.10807116,"Site_218","scheme_code16"
2014,"Species1",0,4e+05,3171102.77333707,3696697.10807116,"Site_218","scheme_code16"
2017,"Species1",2,4e+05,3171102.77333707,3696697.10807116,"Site_218","scheme_code16"
2000,"Species1",0,4e+05,3171102.77333707,3696697.10807116,"Site_218","scheme_code16"
2006,"Species1",0,4e+05,3171102.77333707,3696697.10807116,"Site_218","scheme_code16"
2003,"Species1",0,4e+05,3171102.77333707,3696697.10807116,"Site_218","scheme_code16"
2021,"Species1",1,4e+05,3171102.77333707,3696697.10807116,"Site_218","scheme_code16"
2013,"Species1",0,4e+05,3171102.77333707,3696697.10807116,"Site_218","scheme_code16"
2010,"Species1",1,4e+05,3171102.77333707,3696697.10807116,"Site_218","scheme_code16"
2004,"Species1",0,4e+05,3171102.77333707,3696697.10807116,"Site_218","scheme_code16"
2015,"Species1",0,4e+05,3171102.77333707,3696697.10807116,"Site_218","scheme_code16"
2018,"Species1",1,4e+05,3211239.18252765,3676347.44262883,"Site_219","scheme_code16"
2019,"Species1",1,4e+05,3211239.18252765,3676347.44262883,"Site_219","scheme_code16"
2012,"Species1",0,4e+05,3211239.18252765,3676347.44262883,"Site_219","scheme_code16"
2016,"Species1",0,4e+05,3211239.18252765,3676347.44262883,"Site_219","scheme_code16"
2010,"Species1",3,4e+05,3211239.18252765,3676347.44262883,"Site_219","scheme_code16"
2015,"Species1",0,4e+05,3211239.18252765,3676347.44262883,"Site_219","scheme_code16"
2017,"Species1",0,4e+05,3211239.18252765,3676347.44262883,"Site_219","scheme_code16"
2013,"Species1",0,4e+05,3211239.18252765,3676347.44262883,"Site_219","scheme_code16"
2011,"Species1",0,4e+05,3211239.18252765,3676347.44262883,"Site_219","scheme_code16"
2000,"Species1",10,4e+05,3211239.18252765,3676347.44262883,"Site_219","scheme_code16"
2014,"Species1",0,4e+05,3211239.18252765,3676347.44262883,"Site_219","scheme_code16"
2003,"Species1",0,4e+05,3109874.63711493,3586451.01574338,"Site_220","scheme_code16"
2002,"Species1",0,4e+05,3109874.63711493,3586451.01574338,"Site_220","scheme_code16"
2016,"Species1",1,4e+05,3109874.63711493,3586451.01574338,"Site_220","scheme_code16"
2015,"Species1",0,4e+05,3109874.63711493,3586451.01574338,"Site_220","scheme_code16"
2018,"Species1",0,4e+05,3109874.63711493,3586451.01574338,"Site_220","scheme_code16"
2013,"Species1",0,4e+05,3109874.63711493,3586451.01574338,"Site_220","scheme_code16"
2019,"Species1",0,4e+05,3109874.63711493,3586451.01574338,"Site_220","scheme_code16"
2005,"Species1",0,4e+05,3109874.63711493,3586451.01574338,"Site_220","scheme_code16"
2000,"Species1",0,4e+05,3109874.63711493,3586451.01574338,"Site_220","scheme_code16"
2021,"Species1",0,4e+05,3109874.63711493,3586451.01574338,"Site_220","scheme_code16"
2017,"Species1",0,4e+05,3109874.63711493,3586451.01574338,"Site_220","scheme_code16"
2014,"Species1",0,4e+05,3109874.63711493,3586451.01574338,"Site_220","scheme_code16"
2002,"Species1",2,4e+05,3071646.14815723,3544926.43463848,"Site_221","scheme_code16"
2005,"Species1",0,4e+05,3071646.14815723,3544926.43463848,"Site_221","scheme_code16"
2004,"Species1",1,4e+05,3071646.14815723,3544926.43463848,"Site_221","scheme_code16"
2017,"Species1",0,4e+05,3071646.14815723,3544926.43463848,"Site_221","scheme_code16"
2003,"Species1",2,4e+05,3071646.14815723,3544926.43463848,"Site_221","scheme_code16"
2019,"Species1",3,4e+05,3071646.14815723,3544926.43463848,"Site_221","scheme_code16"
2015,"Species1",1,4e+05,3071646.14815723,3544926.43463848,"Site_221","scheme_code16"
2018,"Species1",6,4e+05,3071646.14815723,3544926.43463848,"Site_221","scheme_code16"
2011,"Species1",0,4e+05,3071646.14815723,3544926.43463848,"Site_221","scheme_code16"
2016,"Species1",0,4e+05,3071646.14815723,3544926.43463848,"Site_221","scheme_code16"
2010,"Species1",2,4e+05,3071646.14815723,3544926.43463848,"Site_221","scheme_code16"
2012,"Species1",0,4e+05,3071646.14815723,3544926.43463848,"Site_221","scheme_code16"
2014,"Species1",1,4e+05,3071646.14815723,3544926.43463848,"Site_221","scheme_code16"
2009,"Species1",4,4e+05,3071646.14815723,3544926.43463848,"Site_221","scheme_code16"
2000,"Species1",3,4e+05,3071646.14815723,3544926.43463848,"Site_221","scheme_code16"
2013,"Species1",0,4e+05,3071646.14815723,3544926.43463848,"Site_221","scheme_code16"
2008,"Species1",2,4e+05,3071646.14815723,3544926.43463848,"Site_221","scheme_code16"
2007,"Species1",1,4e+05,3071646.14815723,3544926.43463848,"Site_221","scheme_code16"
2006,"Species1",1,4e+05,3071646.14815723,3544926.43463848,"Site_221","scheme_code16"
2019,"Species1",2,4e+05,3089850.3575865,3559154.02609797,"Site_222","scheme_code16"
2005,"Species1",1,4e+05,3089850.3575865,3559154.02609797,"Site_222","scheme_code16"
2000,"Species1",8,4e+05,3089850.3575865,3559154.02609797,"Site_222","scheme_code16"
2014,"Species1",0,4e+05,3089850.3575865,3559154.02609797,"Site_222","scheme_code16"
2009,"Species1",1,4e+05,3089850.3575865,3559154.02609797,"Site_222","scheme_code16"
2018,"Species1",2,4e+05,3089850.3575865,3559154.02609797,"Site_222","scheme_code16"
2007,"Species1",2,4e+05,3089850.3575865,3559154.02609797,"Site_222","scheme_code16"
2013,"Species1",0,4e+05,3089850.3575865,3559154.02609797,"Site_222","scheme_code16"
2021,"Species1",3,4e+05,3089850.3575865,3559154.02609797,"Site_222","scheme_code16"
2010,"Species1",1,4e+05,3089850.3575865,3559154.02609797,"Site_222","scheme_code16"
2016,"Species1",0,4e+05,3089850.3575865,3559154.02609797,"Site_222","scheme_code16"
2002,"Species1",3,4e+05,3089850.3575865,3559154.02609797,"Site_222","scheme_code16"
2011,"Species1",0,4e+05,3089850.3575865,3559154.02609797,"Site_222","scheme_code16"
2017,"Species1",5,4e+05,3089850.3575865,3559154.02609797,"Site_222","scheme_code16"
2003,"Species1",5,4e+05,3089850.3575865,3559154.02609797,"Site_222","scheme_code16"
2006,"Species1",1,4e+05,3089850.3575865,3559154.02609797,"Site_222","scheme_code16"
2008,"Species1",0,4e+05,3089850.3575865,3559154.02609797,"Site_222","scheme_code16"
2004,"Species1",2,4e+05,3089850.3575865,3559154.02609797,"Site_222","scheme_code16"
2012,"Species1",0,4e+05,3089850.3575865,3559154.02609797,"Site_222","scheme_code16"
2006,"Species1",4,4e+05,3170328.30262993,3503591.79739133,"Site_223","scheme_code16"
2008,"Species1",6,4e+05,3170328.30262993,3503591.79739133,"Site_223","scheme_code16"
2007,"Species1",4,4e+05,3170328.30262993,3503591.79739133,"Site_223","scheme_code16"
2004,"Species1",6,4e+05,3170328.30262993,3503591.79739133,"Site_223","scheme_code16"
2000,"Species1",6,4e+05,3170328.30262993,3503591.79739133,"Site_223","scheme_code16"
2021,"Species1",5,4e+05,3170328.30262993,3503591.79739133,"Site_223","scheme_code16"
2018,"Species1",2,4e+05,3170328.30262993,3503591.79739133,"Site_223","scheme_code16"
2019,"Species1",3,4e+05,3170328.30262993,3503591.79739133,"Site_223","scheme_code16"
2013,"Species1",2,4e+05,3170328.30262993,3503591.79739133,"Site_223","scheme_code16"
2016,"Species1",4,4e+05,3170328.30262993,3503591.79739133,"Site_223","scheme_code16"
2002,"Species1",10,4e+05,3170328.30262993,3503591.79739133,"Site_223","scheme_code16"
2015,"Species1",1,4e+05,3170328.30262993,3503591.79739133,"Site_223","scheme_code16"
2012,"Species1",1,4e+05,3170328.30262993,3503591.79739133,"Site_223","scheme_code16"
2010,"Species1",1,4e+05,3170328.30262993,3503591.79739133,"Site_223","scheme_code16"
2005,"Species1",8,4e+05,3170328.30262993,3503591.79739133,"Site_223","scheme_code16"
2011,"Species1",0,4e+05,3170328.30262993,3503591.79739133,"Site_223","scheme_code16"
2003,"Species1",6,4e+05,3170328.30262993,3503591.79739133,"Site_223","scheme_code16"
2010,"Species1",0,4e+05,3170157.83063118,3551013.48834473,"Site_224","scheme_code16"
2021,"Species1",0,4e+05,3170157.83063118,3551013.48834473,"Site_224","scheme_code16"
2008,"Species1",1,4e+05,3170157.83063118,3551013.48834473,"Site_224","scheme_code16"
2018,"Species1",0,4e+05,3170157.83063118,3551013.48834473,"Site_224","scheme_code16"
2006,"Species1",0,4e+05,3170157.83063118,3551013.48834473,"Site_224","scheme_code16"
2012,"Species1",0,4e+05,3170157.83063118,3551013.48834473,"Site_224","scheme_code16"
2011,"Species1",0,4e+05,3170157.83063118,3551013.48834473,"Site_224","scheme_code16"
2004,"Species1",0,4e+05,3170157.83063118,3551013.48834473,"Site_224","scheme_code16"
2007,"Species1",0,4e+05,3170157.83063118,3551013.48834473,"Site_224","scheme_code16"
2002,"Species1",1,4e+05,3170157.83063118,3551013.48834473,"Site_224","scheme_code16"
2019,"Species1",0,4e+05,3170157.83063118,3551013.48834473,"Site_224","scheme_code16"
2000,"Species1",1,4e+05,3170157.83063118,3551013.48834473,"Site_224","scheme_code16"
2014,"Species1",1,4e+05,3170157.83063118,3551013.48834473,"Site_224","scheme_code16"
2003,"Species1",0,4e+05,3170157.83063118,3551013.48834473,"Site_224","scheme_code16"
2021,"Species1",0,4e+05,3198259.40408241,3530462.09037877,"Site_225","scheme_code16"
2004,"Species1",2,4e+05,3198259.40408241,3530462.09037877,"Site_225","scheme_code16"
2003,"Species1",6,4e+05,3198259.40408241,3530462.09037877,"Site_225","scheme_code16"
2013,"Species1",0,4e+05,3198259.40408241,3530462.09037877,"Site_225","scheme_code16"
2000,"Species1",1,4e+05,3198259.40408241,3530462.09037877,"Site_225","scheme_code16"
2014,"Species1",0,4e+05,3198259.40408241,3530462.09037877,"Site_225","scheme_code16"
2015,"Species1",1,4e+05,3198259.40408241,3530462.09037877,"Site_225","scheme_code16"
2019,"Species1",0,4e+05,3198259.40408241,3530462.09037877,"Site_225","scheme_code16"
2018,"Species1",0,4e+05,3198259.40408241,3530462.09037877,"Site_225","scheme_code16"
2005,"Species1",2,4e+05,3198259.40408241,3530462.09037877,"Site_225","scheme_code16"
2012,"Species1",0,4e+05,3198259.40408241,3530462.09037877,"Site_225","scheme_code16"
2011,"Species1",0,4e+05,3198259.40408241,3530462.09037877,"Site_225","scheme_code16"
2002,"Species1",1,4e+05,3198259.40408241,3530462.09037877,"Site_225","scheme_code16"
2010,"Species1",0,4e+05,3198259.40408241,3530462.09037877,"Site_225","scheme_code16"
2006,"Species1",2,4e+05,3198259.40408241,3530462.09037877,"Site_225","scheme_code16"
2016,"Species1",0,4e+05,3199859.42775286,3469051.97329966,"Site_226","scheme_code16"
2003,"Species1",0,4e+05,3199859.42775286,3469051.97329966,"Site_226","scheme_code16"
2015,"Species1",1,4e+05,3199859.42775286,3469051.97329966,"Site_226","scheme_code16"
2019,"Species1",3,4e+05,3199859.42775286,3469051.97329966,"Site_226","scheme_code16"
2000,"Species1",1,4e+05,3199859.42775286,3469051.97329966,"Site_226","scheme_code16"
2004,"Species1",0,4e+05,3199859.42775286,3469051.97329966,"Site_226","scheme_code16"
2002,"Species1",2,4e+05,3199859.42775286,3469051.97329966,"Site_226","scheme_code16"
2021,"Species1",1,4e+05,3199859.42775286,3469051.97329966,"Site_226","scheme_code16"
2014,"Species1",3,4e+05,3199859.42775286,3469051.97329966,"Site_226","scheme_code16"
2013,"Species1",0,4e+05,3199859.42775286,3469051.97329966,"Site_226","scheme_code16"
2012,"Species1",2,4e+05,3199859.42775286,3469051.97329966,"Site_226","scheme_code16"
2018,"Species1",1,4e+05,3199859.42775286,3469051.97329966,"Site_226","scheme_code16"
2006,"Species1",4,4e+05,3043860.29111724,3392725.03367422,"Site_227","scheme_code16"
2016,"Species1",0,4e+05,3043860.29111724,3392725.03367422,"Site_227","scheme_code16"
2010,"Species1",2,4e+05,3043860.29111724,3392725.03367422,"Site_227","scheme_code16"
2018,"Species1",0,4e+05,3043860.29111724,3392725.03367422,"Site_227","scheme_code16"
2004,"Species1",0,4e+05,3043860.29111724,3392725.03367422,"Site_227","scheme_code16"
2008,"Species1",0,4e+05,3043860.29111724,3392725.03367422,"Site_227","scheme_code16"
2011,"Species1",0,4e+05,3043860.29111724,3392725.03367422,"Site_227","scheme_code16"
2003,"Species1",1,4e+05,3043860.29111724,3392725.03367422,"Site_227","scheme_code16"
2013,"Species1",0,4e+05,3043860.29111724,3392725.03367422,"Site_227","scheme_code16"
2009,"Species1",0,4e+05,3043860.29111724,3392725.03367422,"Site_227","scheme_code16"
2017,"Species1",0,4e+05,3043860.29111724,3392725.03367422,"Site_227","scheme_code16"
2007,"Species1",0,4e+05,3043860.29111724,3392725.03367422,"Site_227","scheme_code16"
2000,"Species1",6,4e+05,3043860.29111724,3392725.03367422,"Site_227","scheme_code16"
2014,"Species1",0,4e+05,3043860.29111724,3392725.03367422,"Site_227","scheme_code16"
2015,"Species1",0,4e+05,3043860.29111724,3392725.03367422,"Site_227","scheme_code16"
2019,"Species1",0,4e+05,3043860.29111724,3392725.03367422,"Site_227","scheme_code16"
2012,"Species1",0,4e+05,3043860.29111724,3392725.03367422,"Site_227","scheme_code16"
2021,"Species1",0,4e+05,3043860.29111724,3392725.03367422,"Site_227","scheme_code16"
2000,"Species1",0,4e+05,3180496.48279818,3450782.41275892,"Site_228","scheme_code16"
2012,"Species1",0,4e+05,3180496.48279818,3450782.41275892,"Site_228","scheme_code16"
2021,"Species1",0,4e+05,3180496.48279818,3450782.41275892,"Site_228","scheme_code16"
2005,"Species1",1,4e+05,3180496.48279818,3450782.41275892,"Site_228","scheme_code16"
2007,"Species1",0,4e+05,3180496.48279818,3450782.41275892,"Site_228","scheme_code16"
2017,"Species1",0,4e+05,3180496.48279818,3450782.41275892,"Site_228","scheme_code16"
2008,"Species1",0,4e+05,3180496.48279818,3450782.41275892,"Site_228","scheme_code16"
2006,"Species1",0,4e+05,3180496.48279818,3450782.41275892,"Site_228","scheme_code16"
2003,"Species1",1,4e+05,3180496.48279818,3450782.41275892,"Site_228","scheme_code16"
2018,"Species1",0,4e+05,3180496.48279818,3450782.41275892,"Site_228","scheme_code16"
2009,"Species1",0,4e+05,3180496.48279818,3450782.41275892,"Site_228","scheme_code16"
2019,"Species1",0,4e+05,3180496.48279818,3450782.41275892,"Site_228","scheme_code16"
2004,"Species1",0,4e+05,3180496.48279818,3450782.41275892,"Site_228","scheme_code16"
2016,"Species1",0,4e+05,3180496.48279818,3450782.41275892,"Site_228","scheme_code16"
2002,"Species1",0,4e+05,3180496.48279818,3450782.41275892,"Site_228","scheme_code16"
2014,"Species1",0,4e+05,3180496.48279818,3450782.41275892,"Site_228","scheme_code16"
2018,"Species1",0,1633632,4089276.91710658,2444687.74790796,"Site_229","scheme_code17"
2011,"Species1",2,1633632,4089276.91710658,2444687.74790796,"Site_229","scheme_code17"
2009,"Species1",0,1884960,4244786.85490147,2405116.80681881,"Site_230","scheme_code17"
2010,"Species1",1,1884960,4244786.85490147,2405116.80681881,"Site_230","scheme_code17"
2011,"Species1",5,1256640,4408816.50727395,2192505.959877,"Site_231","scheme_code17"
2008,"Species1",5,1256640,4408816.50727395,2192505.959877,"Site_231","scheme_code17"
2010,"Species1",6,1256640,4408816.50727395,2192505.959877,"Site_231","scheme_code17"
2009,"Species1",5,1256640,4408816.50727395,2192505.959877,"Site_231","scheme_code17"
2000,"Species1",3,1256640,4408816.50727395,2192505.959877,"Site_231","scheme_code17"
2016,"Species1",2,1507968,4367394.69874555,2268343.38046922,"Site_232","scheme_code17"
2003,"Species1",11,1507968,4367394.69874555,2268343.38046922,"Site_232","scheme_code17"
2020,"Species1",5,1507968,4367394.69874555,2268343.38046922,"Site_232","scheme_code17"
2000,"Species1",11,1884960,4407491.13375449,2262657.30804507,"Site_233","scheme_code17"
2017,"Species1",3,1884960,4407491.13375449,2262657.30804507,"Site_233","scheme_code17"
2018,"Species1",1,1884960,4360419.89429212,2462883.94452598,"Site_234","scheme_code17"
2020,"Species1",2,1884960,4360419.89429212,2462883.94452598,"Site_234","scheme_code17"
2019,"Species1",0,1884960,4360419.89429212,2462883.94452598,"Site_234","scheme_code17"
2003,"Species1",9,1884960,4360419.89429212,2462883.94452598,"Site_234","scheme_code17"
2021,"Species1",2,1884960,4360419.89429212,2462883.94452598,"Site_234","scheme_code17"
2013,"Species1",0,1759296,4350411.22490511,2562781.77348377,"Site_235","scheme_code17"
2005,"Species1",5,1759296,4350411.22490511,2562781.77348377,"Site_235","scheme_code17"
2012,"Species1",1,1759296,4350411.22490511,2562781.77348377,"Site_235","scheme_code17"
2015,"Species1",0,1759296,4350411.22490511,2562781.77348377,"Site_235","scheme_code17"
2020,"Species1",0,1759296,4350411.22490511,2562781.77348377,"Site_235","scheme_code17"
2021,"Species1",0,1759296,4350411.22490511,2562781.77348377,"Site_235","scheme_code17"
2016,"Species1",0,1759296,4350411.22490511,2562781.77348377,"Site_235","scheme_code17"
2014,"Species1",4,1759296,4350411.22490511,2562781.77348377,"Site_235","scheme_code17"
2017,"Species1",0,1759296,4350411.22490511,2562781.77348377,"Site_235","scheme_code17"
2018,"Species1",0,1759296,4350411.22490511,2562781.77348377,"Site_235","scheme_code17"
2020,"Species1",2,1005312,4397357.6258113,2546281.57797629,"Site_236","scheme_code17"
2011,"Species1",0,1005312,4397357.6258113,2546281.57797629,"Site_236","scheme_code17"
2003,"Species1",0,1005312,4397357.6258113,2546281.57797629,"Site_236","scheme_code17"
2014,"Species1",0,1005312,4397357.6258113,2546281.57797629,"Site_236","scheme_code17"
2006,"Species1",0,1005312,4397357.6258113,2546281.57797629,"Site_236","scheme_code17"
2017,"Species1",3,1005312,4397357.6258113,2546281.57797629,"Site_236","scheme_code17"
2018,"Species1",0,1005312,4397357.6258113,2546281.57797629,"Site_236","scheme_code17"
2015,"Species1",0,1005312,4397357.6258113,2546281.57797629,"Site_236","scheme_code17"
2013,"Species1",0,1005312,4397357.6258113,2546281.57797629,"Site_236","scheme_code17"
2009,"Species1",0,1005312,4397357.6258113,2546281.57797629,"Site_236","scheme_code17"
2008,"Species1",0,1005312,4397357.6258113,2546281.57797629,"Site_236","scheme_code17"
2019,"Species1",0,1005312,4397357.6258113,2546281.57797629,"Site_236","scheme_code17"
2005,"Species1",0,1005312,4397357.6258113,2546281.57797629,"Site_236","scheme_code17"
2001,"Species1",15,1884960,4450905.48046204,2249327.38845476,"Site_237","scheme_code17"
2012,"Species1",24,1884960,4450905.48046204,2249327.38845476,"Site_237","scheme_code17"
2021,"Species1",25,1884960,4450905.48046204,2249327.38845476,"Site_237","scheme_code17"
2018,"Species1",24,1884960,4450905.48046204,2249327.38845476,"Site_237","scheme_code17"
2019,"Species1",27,1884960,4450905.48046204,2249327.38845476,"Site_237","scheme_code17"
2020,"Species1",20,1884960,4450905.48046204,2249327.38845476,"Site_237","scheme_code17"
2016,"Species1",14,1884960,4450905.48046204,2249327.38845476,"Site_237","scheme_code17"
2003,"Species1",1,1382304,4520374.52182519,2123015.70672358,"Site_238","scheme_code17"
2013,"Species1",1,1382304,4520374.52182519,2123015.70672358,"Site_238","scheme_code17"
2017,"Species1",0,1382304,4520374.52182519,2123015.70672358,"Site_238","scheme_code17"
2021,"Species1",0,1382304,4520374.52182519,2123015.70672358,"Site_238","scheme_code17"
2002,"Species1",0,1382304,4520374.52182519,2123015.70672358,"Site_238","scheme_code17"
2009,"Species1",1,1382304,4520374.52182519,2123015.70672358,"Site_238","scheme_code17"
2015,"Species1",0,1382304,4520374.52182519,2123015.70672358,"Site_238","scheme_code17"
2011,"Species1",1,1382304,4520374.52182519,2123015.70672358,"Site_238","scheme_code17"
2016,"Species1",0,1382304,4520374.52182519,2123015.70672358,"Site_238","scheme_code17"
2010,"Species1",0,1382304,4520374.52182519,2123015.70672358,"Site_238","scheme_code17"
2018,"Species1",0,1382304,4520374.52182519,2123015.70672358,"Site_238","scheme_code17"
2005,"Species1",0,1382304,4520374.52182519,2123015.70672358,"Site_238","scheme_code17"
2008,"Species1",0,1382304,4520374.52182519,2123015.70672358,"Site_238","scheme_code17"
2014,"Species1",1,1382304,4520374.52182519,2123015.70672358,"Site_238","scheme_code17"
2020,"Species1",0,1382304,4520374.52182519,2123015.70672358,"Site_238","scheme_code17"
2019,"Species1",0,1382304,4520374.52182519,2123015.70672358,"Site_238","scheme_code17"
2000,"Species1",0,1633632,4516623.75832995,2243156.9396772,"Site_239","scheme_code17"
2014,"Species1",0,1633632,4516623.75832995,2243156.9396772,"Site_239","scheme_code17"
2020,"Species1",0,1633632,4516623.75832995,2243156.9396772,"Site_239","scheme_code17"
2021,"Species1",0,1633632,4516623.75832995,2243156.9396772,"Site_239","scheme_code17"
2012,"Species1",0,1633632,4516623.75832995,2243156.9396772,"Site_239","scheme_code17"
2017,"Species1",0,1633632,4516623.75832995,2243156.9396772,"Site_239","scheme_code17"
2010,"Species1",0,1633632,4516623.75832995,2243156.9396772,"Site_239","scheme_code17"
2011,"Species1",0,1633632,4516623.75832995,2243156.9396772,"Site_239","scheme_code17"
2016,"Species1",0,1633632,4516623.75832995,2243156.9396772,"Site_239","scheme_code17"
2019,"Species1",0,1633632,4516623.75832995,2243156.9396772,"Site_239","scheme_code17"
2015,"Species1",0,1633632,4516623.75832995,2243156.9396772,"Site_239","scheme_code17"
2013,"Species1",1,1633632,4516623.75832995,2243156.9396772,"Site_239","scheme_code17"
2003,"Species1",1,879648,4515817.37825293,2333089.01022684,"Site_240","scheme_code17"
2011,"Species1",0,879648,4515817.37825293,2333089.01022684,"Site_240","scheme_code17"
2011,"Species1",1,1884960,4511698.30496511,2297593.76215639,"Site_241","scheme_code17"
2002,"Species1",1,1884960,4511698.30496511,2297593.76215639,"Site_241","scheme_code17"
2017,"Species1",0,1884960,4511698.30496511,2297593.76215639,"Site_241","scheme_code17"
2019,"Species1",0,1759296,4493213.60354866,2402052.61969785,"Site_242","scheme_code17"
2000,"Species1",14,1759296,4493213.60354866,2402052.61969785,"Site_242","scheme_code17"
2018,"Species1",0,1759296,4493213.60354866,2402052.61969785,"Site_242","scheme_code17"
2020,"Species1",0,1759296,4493213.60354866,2402052.61969785,"Site_242","scheme_code17"
2021,"Species1",0,1759296,4493213.60354866,2402052.61969785,"Site_242","scheme_code17"
2010,"Species1",0,1884960,4580062.8452635,2082688.99196557,"Site_243","scheme_code17"
2015,"Species1",0,1884960,4580062.8452635,2082688.99196557,"Site_243","scheme_code17"
2013,"Species1",0,1884960,4580062.8452635,2082688.99196557,"Site_243","scheme_code17"
2012,"Species1",0,1884960,4580062.8452635,2082688.99196557,"Site_243","scheme_code17"
2000,"Species1",0,1884960,4580062.8452635,2082688.99196557,"Site_243","scheme_code17"
2011,"Species1",0,1884960,4580062.8452635,2082688.99196557,"Site_243","scheme_code17"
2002,"Species1",0,1884960,4580062.8452635,2082688.99196557,"Site_243","scheme_code17"
2021,"Species1",0,1884960,4580062.8452635,2082688.99196557,"Site_243","scheme_code17"
2016,"Species1",0,1884960,4580062.8452635,2082688.99196557,"Site_243","scheme_code17"
2020,"Species1",0,1884960,4580062.8452635,2082688.99196557,"Site_243","scheme_code17"
2014,"Species1",0,1884960,4580062.8452635,2082688.99196557,"Site_243","scheme_code17"
2006,"Species1",2,1884960,4580062.8452635,2082688.99196557,"Site_243","scheme_code17"
2003,"Species1",0,1884960,4580062.8452635,2082688.99196557,"Site_243","scheme_code17"
2001,"Species1",0,1884960,4580062.8452635,2082688.99196557,"Site_243","scheme_code17"
2004,"Species1",0,1884960,4580062.8452635,2082688.99196557,"Site_243","scheme_code17"
2008,"Species1",2,1884960,4580062.8452635,2082688.99196557,"Site_243","scheme_code17"
2007,"Species1",0,1884960,4580062.8452635,2082688.99196557,"Site_243","scheme_code17"
2018,"Species1",0,1884960,4580062.8452635,2082688.99196557,"Site_243","scheme_code17"
2005,"Species1",0,1884960,4580062.8452635,2082688.99196557,"Site_243","scheme_code17"
2019,"Species1",0,1884960,4580062.8452635,2082688.99196557,"Site_243","scheme_code17"
2009,"Species1",0,1884960,4580062.8452635,2082688.99196557,"Site_243","scheme_code17"
2017,"Species1",1,1884960,4608978.07266749,2104231.06246044,"Site_244","scheme_code17"
2000,"Species1",0,1884960,4608978.07266749,2104231.06246044,"Site_244","scheme_code17"
2002,"Species1",3,1884960,4608978.07266749,2104231.06246044,"Site_244","scheme_code17"
2020,"Species1",1,1759296,4547248.46598938,2287101.41592349,"Site_245","scheme_code17"
2002,"Species1",4,1759296,4547248.46598938,2287101.41592349,"Site_245","scheme_code17"
2019,"Species1",0,1759296,4547248.46598938,2287101.41592349,"Site_245","scheme_code17"
2013,"Species1",1,1759296,4547248.46598938,2287101.41592349,"Site_245","scheme_code17"
2017,"Species1",2,1759296,4547248.46598938,2287101.41592349,"Site_245","scheme_code17"
2001,"Species1",6,1759296,4547248.46598938,2287101.41592349,"Site_245","scheme_code17"
2014,"Species1",3,1759296,4547248.46598938,2287101.41592349,"Site_245","scheme_code17"
2012,"Species1",0,1759296,4547248.46598938,2287101.41592349,"Site_245","scheme_code17"
2016,"Species1",8,1759296,4547248.46598938,2287101.41592349,"Site_245","scheme_code17"
2018,"Species1",2,1759296,4547248.46598938,2287101.41592349,"Site_245","scheme_code17"
2015,"Species1",4,1759296,4547248.46598938,2287101.41592349,"Site_245","scheme_code17"
2021,"Species1",0,1759296,4547248.46598938,2287101.41592349,"Site_245","scheme_code17"
2019,"Species1",5,1759296,4561242.87634215,2266119.84186376,"Site_246","scheme_code17"
2009,"Species1",6,1759296,4561242.87634215,2266119.84186376,"Site_246","scheme_code17"
2018,"Species1",3,1759296,4561242.87634215,2266119.84186376,"Site_246","scheme_code17"
2021,"Species1",3,1759296,4561242.87634215,2266119.84186376,"Site_246","scheme_code17"
2020,"Species1",2,1759296,4561242.87634215,2266119.84186376,"Site_246","scheme_code17"
2005,"Species1",2,1759296,4561242.87634215,2266119.84186376,"Site_246","scheme_code17"
2013,"Species1",2,1759296,4561242.87634215,2266119.84186376,"Site_246","scheme_code17"
2016,"Species1",2,1759296,4561242.87634215,2266119.84186376,"Site_246","scheme_code17"
2011,"Species1",2,1759296,4561242.87634215,2266119.84186376,"Site_246","scheme_code17"
2002,"Species1",4,1759296,4561242.87634215,2266119.84186376,"Site_246","scheme_code17"
2017,"Species1",4,1759296,4561242.87634215,2266119.84186376,"Site_246","scheme_code17"
2012,"Species1",3,1759296,4561242.87634215,2266119.84186376,"Site_246","scheme_code17"
2015,"Species1",3,1759296,4561242.87634215,2266119.84186376,"Site_246","scheme_code17"
2001,"Species1",1,1759296,4561242.87634215,2266119.84186376,"Site_246","scheme_code17"
2014,"Species1",2,1759296,4561242.87634215,2266119.84186376,"Site_246","scheme_code17"
2018,"Species1",0,1884960,4705636.3191155,2125040.96407286,"Site_247","scheme_code17"
2013,"Species1",4,1884960,4705636.3191155,2125040.96407286,"Site_247","scheme_code17"
2017,"Species1",3,1884960,4705636.3191155,2125040.96407286,"Site_247","scheme_code17"
2011,"Species1",5,1884960,4705636.3191155,2125040.96407286,"Site_247","scheme_code17"
2009,"Species1",6,1884960,4705636.3191155,2125040.96407286,"Site_247","scheme_code17"
2014,"Species1",4,1884960,4705636.3191155,2125040.96407286,"Site_247","scheme_code17"
2012,"Species1",6,1884960,4705636.3191155,2125040.96407286,"Site_247","scheme_code17"
2010,"Species1",6,1884960,4705636.3191155,2125040.96407286,"Site_247","scheme_code17"
2015,"Species1",8,1884960,4705636.3191155,2125040.96407286,"Site_247","scheme_code17"
2001,"Species1",6,1884960,4705636.3191155,2125040.96407286,"Site_247","scheme_code17"
2006,"Species1",2,1884960,4705636.3191155,2125040.96407286,"Site_247","scheme_code17"
2000,"Species1",10,1884960,4705636.3191155,2125040.96407286,"Site_247","scheme_code17"
2004,"Species1",8,1884960,4705636.3191155,2125040.96407286,"Site_247","scheme_code17"
2018,"Species1",55,2513280,5057713.69151343,3718861.80228845,"Site_248","scheme_code18"
2017,"Species1",48,2513280,5057713.69151343,3718861.80228845,"Site_248","scheme_code18"
2014,"Species1",55,2513280,5047534.85356752,3659409.39709389,"Site_249","scheme_code18"
2013,"Species1",55,2513280,5047534.85356752,3659409.39709389,"Site_249","scheme_code18"
2013,"Species1",55,2513280,5212693.00367616,3636764.59328591,"Site_250","scheme_code18"
2012,"Species1",55,2513280,5212693.00367616,3636764.59328591,"Site_250","scheme_code18"
2011,"Species1",55,2513280,5212693.00367616,3636764.59328591,"Site_250","scheme_code18"
2015,"Species1",7,993661.0532,4021662.24438201,3009550.1974086,"Site_251","scheme_code19"
2021,"Species1",8,993661.0532,4021662.24438201,3009550.1974086,"Site_251","scheme_code19"
2013,"Species1",3,889780.6664,4033655.56388618,2986526.1330912,"Site_252","scheme_code19"
2014,"Species1",3,889780.6664,4033655.56388618,2986526.1330912,"Site_252","scheme_code19"
2012,"Species1",4,889780.6664,4033655.56388618,2986526.1330912,"Site_252","scheme_code19"
2011,"Species1",5,889780.6664,4033655.56388618,2986526.1330912,"Site_252","scheme_code19"
2019,"Species1",1,889780.6664,4033655.56388618,2986526.1330912,"Site_252","scheme_code19"
2020,"Species1",0,889780.6664,4033655.56388618,2986526.1330912,"Site_252","scheme_code19"
2018,"Species1",0,889780.6664,4033655.56388618,2986526.1330912,"Site_252","scheme_code19"
2021,"Species1",2,889780.6664,4033655.56388618,2986526.1330912,"Site_252","scheme_code19"
2015,"Species1",3,889780.6664,4033655.56388618,2986526.1330912,"Site_252","scheme_code19"
2010,"Species1",1,913328.7168,4029588.53421292,2957130.68240795,"Site_253","scheme_code19"
2019,"Species1",1,913328.7168,4029588.53421292,2957130.68240795,"Site_253","scheme_code19"
2016,"Species1",2,913328.7168,4029588.53421292,2957130.68240795,"Site_253","scheme_code19"
2013,"Species1",1,913328.7168,4029588.53421292,2957130.68240795,"Site_253","scheme_code19"
2018,"Species1",11,967380.4756,4052279.38809595,2932595.89891668,"Site_254","scheme_code19"
2010,"Species1",6,967380.4756,4052279.38809595,2932595.89891668,"Site_254","scheme_code19"
2011,"Species1",17,967380.4756,4052279.38809595,2932595.89891668,"Site_254","scheme_code19"
2020,"Species1",15,967380.4756,4052279.38809595,2932595.89891668,"Site_254","scheme_code19"
2017,"Species1",8,967380.4756,4052279.38809595,2932595.89891668,"Site_254","scheme_code19"
2014,"Species1",10,967380.4756,4052279.38809595,2932595.89891668,"Site_254","scheme_code19"
2021,"Species1",10,967380.4756,4052279.38809595,2932595.89891668,"Site_254","scheme_code19"
2012,"Species1",12,967380.4756,4052279.38809595,2932595.89891668,"Site_254","scheme_code19"
2019,"Species1",13,967380.4756,4052279.38809595,2932595.89891668,"Site_254","scheme_code19"
2016,"Species1",5,967380.4756,4052279.38809595,2932595.89891668,"Site_254","scheme_code19"
2015,"Species1",8,967380.4756,4052279.38809595,2932595.89891668,"Site_254","scheme_code19"
2013,"Species1",10,967380.4756,4052279.38809595,2932595.89891668,"Site_254","scheme_code19"
2021,"Species1",0,984765.6992,4070630.5749512,2961311.71483802,"Site_255","scheme_code19"
2018,"Species1",2,984765.6992,4070630.5749512,2961311.71483802,"Site_255","scheme_code19"
2015,"Species1",2,984765.6992,4070630.5749512,2961311.71483802,"Site_255","scheme_code19"
2012,"Species1",11,984765.6992,4070630.5749512,2961311.71483802,"Site_255","scheme_code19"
2016,"Species1",55,1600000,5288074.03902508,3814370.52904449,"Site_256","scheme_code20"
2014,"Species1",55,1600000,5288074.03902508,3814370.52904449,"Site_256","scheme_code20"
2009,"Species1",55,1600000,5288074.03902508,3814370.52904449,"Site_256","scheme_code20"
2018,"Species1",12,1600000,5379268.99245679,3771692.5379277,"Site_257","scheme_code20"
2019,"Species1",8,1600000,5379268.99245679,3771692.5379277,"Site_257","scheme_code20"
2015,"Species1",10,1600000,5379268.99245679,3771692.5379277,"Site_257","scheme_code20"
2021,"Species1",8,1600000,5379268.99245679,3771692.5379277,"Site_257","scheme_code20"
2016,"Species1",6,1600000,5379268.99245679,3771692.5379277,"Site_257","scheme_code20"
2020,"Species1",10,1600000,5379268.99245679,3771692.5379277,"Site_257","scheme_code20"
2012,"Species1",0,546563.085051211,3906126.80655326,3214718.38035659,"Site_262","scheme_code22"
2007,"Species1",0,546563.085051211,3906126.80655326,3214718.38035659,"Site_262","scheme_code22"
2011,"Species1",0,546563.085051211,3906126.80655326,3214718.38035659,"Site_262","scheme_code22"
2015,"Species1",0,546563.085051211,3906126.80655326,3214718.38035659,"Site_262","scheme_code22"
2016,"Species1",0,546563.085051211,3906126.80655326,3214718.38035659,"Site_262","scheme_code22"
2013,"Species1",0,546563.085051211,3906126.80655326,3214718.38035659,"Site_262","scheme_code22"
2006,"Species1",0,546563.085051211,3906126.80655326,3214718.38035659,"Site_262","scheme_code22"
2004,"Species1",0,546563.085051211,3906126.80655326,3214718.38035659,"Site_262","scheme_code22"
2010,"Species1",0,546563.085051211,3906126.80655326,3214718.38035659,"Site_262","scheme_code22"
2020,"Species1",0,546563.085051211,3906126.80655326,3214718.38035659,"Site_262","scheme_code22"
2008,"Species1",0,546563.085051211,3906126.80655326,3214718.38035659,"Site_262","scheme_code22"
2005,"Species1",0,546563.085051211,3906126.80655326,3214718.38035659,"Site_262","scheme_code22"
2002,"Species1",0,546563.085051211,3906126.80655326,3214718.38035659,"Site_262","scheme_code22"
2009,"Species1",0,546563.085051211,3906126.80655326,3214718.38035659,"Site_262","scheme_code22"
2000,"Species1",0,546563.085051211,3906126.80655326,3214718.38035659,"Site_262","scheme_code22"
2003,"Species1",0,546563.085051211,3906126.80655326,3214718.38035659,"Site_262","scheme_code22"
2001,"Species1",0,1246753.81105002,4012639.19073942,3367556.40076393,"Site_263","scheme_code22"
2006,"Species1",2,1246753.81105002,4012639.19073942,3367556.40076393,"Site_263","scheme_code22"
2012,"Species1",0,1246753.81105002,4012639.19073942,3367556.40076393,"Site_263","scheme_code22"
2006,"Species1",6,1151939.70520001,4005070.34499715,3382289.48553436,"Site_264","scheme_code22"
2001,"Species1",14,1151939.70520001,4005070.34499715,3382289.48553436,"Site_264","scheme_code22"
2000,"Species1",24,1151939.70520001,4005070.34499715,3382289.48553436,"Site_264","scheme_code22"
2012,"Species1",0,1151939.70520001,4005070.34499715,3382289.48553436,"Site_264","scheme_code22"
2006,"Species1",0,853342.502349968,4017013.08547313,3373590.15685228,"Site_265","scheme_code22"
2001,"Species1",0,853342.502349968,4017013.08547313,3373590.15685228,"Site_265","scheme_code22"
2002,"Species1",0,1533294.67589999,4017491.3192072,3380142.72888123,"Site_266","scheme_code22"
2003,"Species1",2,1533294.67589999,4017491.3192072,3380142.72888123,"Site_266","scheme_code22"
2001,"Species1",0,1533294.67589999,4017491.3192072,3380142.72888123,"Site_266","scheme_code22"
2004,"Species1",4,1533294.67589999,4017491.3192072,3380142.72888123,"Site_266","scheme_code22"
2020,"Species1",8,1128222.20116103,4048547.52997731,3126373.17920697,"Site_267","scheme_code22"
2000,"Species1",8,1936031.38099321,4103805.76085421,3367188.83492839,"Site_268","scheme_code22"
2002,"Species1",12,1936031.38099321,4103805.76085421,3367188.83492839,"Site_268","scheme_code22"
2012,"Species1",18,1936031.38099321,4103805.76085421,3367188.83492839,"Site_268","scheme_code22"
2006,"Species1",6,1936031.38099321,4103805.76085421,3367188.83492839,"Site_268","scheme_code22"
2001,"Species1",2,1936031.38099321,4103805.76085421,3367188.83492839,"Site_268","scheme_code22"
2018,"Species1",55,1166501.41912892,4031633.49085762,3373406.04363113,"Site_269","scheme_code22"
2009,"Species1",30,1166501.41912892,4031633.49085762,3373406.04363113,"Site_269","scheme_code22"
2007,"Species1",24,1166501.41912892,4031633.49085762,3373406.04363113,"Site_269","scheme_code22"
2020,"Species1",55,1166501.41912892,4031633.49085762,3373406.04363113,"Site_269","scheme_code22"
2021,"Species1",55,1166501.41912892,4031633.49085762,3373406.04363113,"Site_269","scheme_code22"
2016,"Species1",55,1166501.41912892,4031633.49085762,3373406.04363113,"Site_269","scheme_code22"
2002,"Species1",30,1166501.41912892,4031633.49085762,3373406.04363113,"Site_269","scheme_code22"
2005,"Species1",22,1166501.41912892,4031633.49085762,3373406.04363113,"Site_269","scheme_code22"
2006,"Species1",20,1166501.41912892,4031633.49085762,3373406.04363113,"Site_269","scheme_code22"
2012,"Species1",44,1166501.41912892,4031633.49085762,3373406.04363113,"Site_269","scheme_code22"
2010,"Species1",28,1166501.41912892,4031633.49085762,3373406.04363113,"Site_269","scheme_code22"
2019,"Species1",55,1166501.41912892,4031633.49085762,3373406.04363113,"Site_269","scheme_code22"
2014,"Species1",55,1166501.41912892,4031633.49085762,3373406.04363113,"Site_269","scheme_code22"
2017,"Species1",55,1166501.41912892,4031633.49085762,3373406.04363113,"Site_269","scheme_code22"
2000,"Species1",40,1166501.41912892,4031633.49085762,3373406.04363113,"Site_269","scheme_code22"
2013,"Species1",50,1166501.41912892,4031633.49085762,3373406.04363113,"Site_269","scheme_code22"
2011,"Species1",40,1166501.41912892,4031633.49085762,3373406.04363113,"Site_269","scheme_code22"
2015,"Species1",46,1166501.41912892,4031633.49085762,3373406.04363113,"Site_269","scheme_code22"
2008,"Species1",30,1166501.41912892,4031633.49085762,3373406.04363113,"Site_269","scheme_code22"
2003,"Species1",26,1166501.41912892,4031633.49085762,3373406.04363113,"Site_269","scheme_code22"
2004,"Species1",24,1166501.41912892,4031633.49085762,3373406.04363113,"Site_269","scheme_code22"
2021,"Species1",10,1034213.3814507,4067048.65488624,3357059.40285438,"Site_270","scheme_code22"
2003,"Species1",0,592168.648920145,4059849.43677515,3364452.46418915,"Site_271","scheme_code22"
2012,"Species1",2,617889.855575564,4027948.68329478,3355707.05193675,"Site_272","scheme_code22"
2007,"Species1",2,617889.855575564,4027948.68329478,3355707.05193675,"Site_272","scheme_code22"
2011,"Species1",2,617889.855575564,4027948.68329478,3355707.05193675,"Site_272","scheme_code22"
2019,"Species1",0,617889.855575564,4027948.68329478,3355707.05193675,"Site_272","scheme_code22"
2005,"Species1",6,617889.855575564,4027948.68329478,3355707.05193675,"Site_272","scheme_code22"
2004,"Species1",6,617889.855575564,4027948.68329478,3355707.05193675,"Site_272","scheme_code22"
2008,"Species1",4,617889.855575564,4027948.68329478,3355707.05193675,"Site_272","scheme_code22"
2014,"Species1",0,617889.855575564,4027948.68329478,3355707.05193675,"Site_272","scheme_code22"
2009,"Species1",2,617889.855575564,4027948.68329478,3355707.05193675,"Site_272","scheme_code22"
2006,"Species1",4,617889.855575564,4027948.68329478,3355707.05193675,"Site_272","scheme_code22"
2000,"Species1",12,617889.855575564,4027948.68329478,3355707.05193675,"Site_272","scheme_code22"
2003,"Species1",8,617889.855575564,4027948.68329478,3355707.05193675,"Site_272","scheme_code22"
2013,"Species1",2,617889.855575564,4027948.68329478,3355707.05193675,"Site_272","scheme_code22"
2002,"Species1",8,617889.855575564,4027948.68329478,3355707.05193675,"Site_272","scheme_code22"
2015,"Species1",2,617889.855575564,4027948.68329478,3355707.05193675,"Site_272","scheme_code22"
2003,"Species1",36,747945.892821406,4013716.13208273,3324680.32989313,"Site_273","scheme_code22"
2005,"Species1",44,747945.892821406,4013716.13208273,3324680.32989313,"Site_273","scheme_code22"
2000,"Species1",2,2074410.18590806,4005471.92602977,3180609.42855323,"Site_274","scheme_code22"
2001,"Species1",2,2074410.18590806,4005471.92602977,3180609.42855323,"Site_274","scheme_code22"
2006,"Species1",2,2074410.18590806,4005471.92602977,3180609.42855323,"Site_274","scheme_code22"
2004,"Species1",0,2074410.18590806,4005471.92602977,3180609.42855323,"Site_274","scheme_code22"
2007,"Species1",0,2074410.18590806,4005471.92602977,3180609.42855323,"Site_274","scheme_code22"
2003,"Species1",0,2074410.18590806,4005471.92602977,3180609.42855323,"Site_274","scheme_code22"
2005,"Species1",0,2074410.18590806,4005471.92602977,3180609.42855323,"Site_274","scheme_code22"
2012,"Species1",0,636032.802912234,4044138.21225886,3172597.31965198,"Site_275","scheme_code22"
2013,"Species1",0,636032.802912234,4044138.21225886,3172597.31965198,"Site_275","scheme_code22"
2006,"Species1",0,636032.802912234,4044138.21225886,3172597.31965198,"Site_275","scheme_code22"
2011,"Species1",0,636032.802912234,4044138.21225886,3172597.31965198,"Site_275","scheme_code22"
2009,"Species1",0,636032.802912234,4044138.21225886,3172597.31965198,"Site_275","scheme_code22"
2005,"Species1",0,636032.802912234,4044138.21225886,3172597.31965198,"Site_275","scheme_code22"
2016,"Species1",0,636032.802912234,4044138.21225886,3172597.31965198,"Site_275","scheme_code22"
2015,"Species1",0,636032.802912234,4044138.21225886,3172597.31965198,"Site_275","scheme_code22"
2018,"Species1",0,636032.802912234,4044138.21225886,3172597.31965198,"Site_275","scheme_code22"
2004,"Species1",0,636032.802912234,4044138.21225886,3172597.31965198,"Site_275","scheme_code22"
2010,"Species1",0,636032.802912234,4044138.21225886,3172597.31965198,"Site_275","scheme_code22"
2007,"Species1",0,636032.802912234,4044138.21225886,3172597.31965198,"Site_275","scheme_code22"
2017,"Species1",0,636032.802912234,4044138.21225886,3172597.31965198,"Site_275","scheme_code22"
2002,"Species1",4,636032.802912234,4044138.21225886,3172597.31965198,"Site_275","scheme_code22"
2003,"Species1",6,636032.802912234,4044138.21225886,3172597.31965198,"Site_275","scheme_code22"
2014,"Species1",0,636032.802912234,4044138.21225886,3172597.31965198,"Site_275","scheme_code22"
2008,"Species1",0,636032.802912234,4044138.21225886,3172597.31965198,"Site_275","scheme_code22"
2000,"Species1",6,636032.802912234,4044138.21225886,3172597.31965198,"Site_275","scheme_code22"
2009,"Species1",48,566199.966148901,4042796.15646698,3332515.93955427,"Site_276","scheme_code22"
2013,"Species1",34,566199.966148901,4042796.15646698,3332515.93955427,"Site_276","scheme_code22"
2015,"Species1",46,566199.966148901,4042796.15646698,3332515.93955427,"Site_276","scheme_code22"
2012,"Species1",36,566199.966148901,4042796.15646698,3332515.93955427,"Site_276","scheme_code22"
2002,"Species1",52,566199.966148901,4042796.15646698,3332515.93955427,"Site_276","scheme_code22"
2005,"Species1",44,566199.966148901,4042796.15646698,3332515.93955427,"Site_276","scheme_code22"
2016,"Species1",28,566199.966148901,4042796.15646698,3332515.93955427,"Site_276","scheme_code22"
2014,"Species1",46,566199.966148901,4042796.15646698,3332515.93955427,"Site_276","scheme_code22"
2017,"Species1",40,566199.966148901,4042796.15646698,3332515.93955427,"Site_276","scheme_code22"
2018,"Species1",34,566199.966148901,4042796.15646698,3332515.93955427,"Site_276","scheme_code22"
2007,"Species1",55,566199.966148901,4042796.15646698,3332515.93955427,"Site_276","scheme_code22"
2021,"Species1",55,566199.966148901,4042796.15646698,3332515.93955427,"Site_276","scheme_code22"
2010,"Species1",48,566199.966148901,4042796.15646698,3332515.93955427,"Site_276","scheme_code22"
2003,"Species1",34,566199.966148901,4042796.15646698,3332515.93955427,"Site_276","scheme_code22"
2004,"Species1",46,566199.966148901,4042796.15646698,3332515.93955427,"Site_276","scheme_code22"
2008,"Species1",32,566199.966148901,4042796.15646698,3332515.93955427,"Site_276","scheme_code22"
2011,"Species1",52,566199.966148901,4042796.15646698,3332515.93955427,"Site_276","scheme_code22"
2020,"Species1",54,566199.966148901,4042796.15646698,3332515.93955427,"Site_276","scheme_code22"
2006,"Species1",46,566199.966148901,4042796.15646698,3332515.93955427,"Site_276","scheme_code22"
2019,"Species1",55,566199.966148901,4042796.15646698,3332515.93955427,"Site_276","scheme_code22"
2021,"Species1",14,983216.526367457,4107735.56297807,3305378.48695437,"Site_277","scheme_code22"
2013,"Species1",6,432213.931600017,4098399.06384451,3341905.87467922,"Site_278","scheme_code22"
2015,"Species1",8,432213.931600017,4098399.06384451,3341905.87467922,"Site_278","scheme_code22"
2017,"Species1",10,432213.931600017,4098399.06384451,3341905.87467922,"Site_278","scheme_code22"
2001,"Species1",8,432213.931600017,4098399.06384451,3341905.87467922,"Site_278","scheme_code22"
2007,"Species1",4,432213.931600017,4098399.06384451,3341905.87467922,"Site_278","scheme_code22"
2004,"Species1",2,432213.931600017,4098399.06384451,3341905.87467922,"Site_278","scheme_code22"
2021,"Species1",22,432213.931600017,4098399.06384451,3341905.87467922,"Site_278","scheme_code22"
2003,"Species1",4,432213.931600017,4098399.06384451,3341905.87467922,"Site_278","scheme_code22"
2010,"Species1",6,432213.931600017,4098399.06384451,3341905.87467922,"Site_278","scheme_code22"
2002,"Species1",4,432213.931600017,4098399.06384451,3341905.87467922,"Site_278","scheme_code22"
2012,"Species1",8,432213.931600017,4098399.06384451,3341905.87467922,"Site_278","scheme_code22"
2019,"Species1",12,432213.931600017,4098399.06384451,3341905.87467922,"Site_278","scheme_code22"
2011,"Species1",4,432213.931600017,4098399.06384451,3341905.87467922,"Site_278","scheme_code22"
2014,"Species1",4,432213.931600017,4098399.06384451,3341905.87467922,"Site_278","scheme_code22"
2009,"Species1",4,432213.931600017,4098399.06384451,3341905.87467922,"Site_278","scheme_code22"
2016,"Species1",10,432213.931600017,4098399.06384451,3341905.87467922,"Site_278","scheme_code22"
2005,"Species1",4,432213.931600017,4098399.06384451,3341905.87467922,"Site_278","scheme_code22"
2020,"Species1",16,432213.931600017,4098399.06384451,3341905.87467922,"Site_278","scheme_code22"
2018,"Species1",12,432213.931600017,4098399.06384451,3341905.87467922,"Site_278","scheme_code22"
2006,"Species1",2,432213.931600017,4098399.06384451,3341905.87467922,"Site_278","scheme_code22"
2008,"Species1",2,432213.931600017,4098399.06384451,3341905.87467922,"Site_278","scheme_code22"
2014,"Species1",0,464611.390222965,3924022.9618134,3240273.56462108,"Site_279","scheme_code22"
2004,"Species1",0,464611.390222965,3924022.9618134,3240273.56462108,"Site_279","scheme_code22"
2013,"Species1",0,464611.390222965,3924022.9618134,3240273.56462108,"Site_279","scheme_code22"
2020,"Species1",0,464611.390222965,3924022.9618134,3240273.56462108,"Site_279","scheme_code22"
2012,"Species1",0,464611.390222965,3924022.9618134,3240273.56462108,"Site_279","scheme_code22"
2006,"Species1",0,464611.390222965,3924022.9618134,3240273.56462108,"Site_279","scheme_code22"
2019,"Species1",0,464611.390222965,3924022.9618134,3240273.56462108,"Site_279","scheme_code22"
2005,"Species1",0,464611.390222965,3924022.9618134,3240273.56462108,"Site_279","scheme_code22"
2010,"Species1",0,464611.390222965,3924022.9618134,3240273.56462108,"Site_279","scheme_code22"
2000,"Species1",0,464611.390222965,3924022.9618134,3240273.56462108,"Site_279","scheme_code22"
2002,"Species1",0,464611.390222965,3924022.9618134,3240273.56462108,"Site_279","scheme_code22"
2009,"Species1",0,464611.390222965,3924022.9618134,3240273.56462108,"Site_279","scheme_code22"
2021,"Species1",0,464611.390222965,3924022.9618134,3240273.56462108,"Site_279","scheme_code22"
2018,"Species1",0,464611.390222965,3924022.9618134,3240273.56462108,"Site_279","scheme_code22"
2008,"Species1",0,464611.390222965,3924022.9618134,3240273.56462108,"Site_279","scheme_code22"
2003,"Species1",0,464611.390222965,3924022.9618134,3240273.56462108,"Site_279","scheme_code22"
2011,"Species1",0,464611.390222965,3924022.9618134,3240273.56462108,"Site_279","scheme_code22"
2017,"Species1",0,464611.390222965,3924022.9618134,3240273.56462108,"Site_279","scheme_code22"
2007,"Species1",0,464611.390222965,3924022.9618134,3240273.56462108,"Site_279","scheme_code22"
2016,"Species1",0,464611.390222965,3924022.9618134,3240273.56462108,"Site_279","scheme_code22"
2001,"Species1",0,464611.390222965,3924022.9618134,3240273.56462108,"Site_279","scheme_code22"
2015,"Species1",0,464611.390222965,3924022.9618134,3240273.56462108,"Site_279","scheme_code22"
2006,"Species1",2,412187.991300465,4042195.07099654,3358860.98050766,"Site_280","scheme_code22"
2009,"Species1",4,412187.991300465,4042195.07099654,3358860.98050766,"Site_280","scheme_code22"
2011,"Species1",0,412187.991300465,4042195.07099654,3358860.98050766,"Site_280","scheme_code22"
2010,"Species1",2,412187.991300465,4042195.07099654,3358860.98050766,"Site_280","scheme_code22"
2005,"Species1",2,412187.991300465,4042195.07099654,3358860.98050766,"Site_280","scheme_code22"
2017,"Species1",6,412187.991300465,4042195.07099654,3358860.98050766,"Site_280","scheme_code22"
2019,"Species1",0,412187.991300465,4042195.07099654,3358860.98050766,"Site_280","scheme_code22"
2021,"Species1",0,412187.991300465,4042195.07099654,3358860.98050766,"Site_280","scheme_code22"
2015,"Species1",0,412187.991300465,4042195.07099654,3358860.98050766,"Site_280","scheme_code22"
2007,"Species1",0,412187.991300465,4042195.07099654,3358860.98050766,"Site_280","scheme_code22"
2020,"Species1",2,412187.991300465,4042195.07099654,3358860.98050766,"Site_280","scheme_code22"
2012,"Species1",0,412187.991300465,4042195.07099654,3358860.98050766,"Site_280","scheme_code22"
2018,"Species1",4,412187.991300465,4042195.07099654,3358860.98050766,"Site_280","scheme_code22"
2008,"Species1",0,412187.991300465,4042195.07099654,3358860.98050766,"Site_280","scheme_code22"
2014,"Species1",0,412187.991300465,4042195.07099654,3358860.98050766,"Site_280","scheme_code22"
2004,"Species1",0,412187.991300465,4042195.07099654,3358860.98050766,"Site_280","scheme_code22"
2013,"Species1",0,412187.991300465,4042195.07099654,3358860.98050766,"Site_280","scheme_code22"
2016,"Species1",8,412187.991300465,4042195.07099654,3358860.98050766,"Site_280","scheme_code22"
2012,"Species1",18,7126420.59170002,4068977.99241706,3385718.47380383,"Site_281","scheme_code22"
2018,"Species1",36,7126420.59170002,4068977.99241706,3385718.47380383,"Site_281","scheme_code22"
2011,"Species1",14,389557.644931796,3926919.85262108,3163011.99212963,"Site_282","scheme_code22"
2014,"Species1",18,389557.644931796,3926919.85262108,3163011.99212963,"Site_282","scheme_code22"
2013,"Species1",10,389557.644931796,3926919.85262108,3163011.99212963,"Site_282","scheme_code22"
2004,"Species1",8,389557.644931796,3926919.85262108,3163011.99212963,"Site_282","scheme_code22"
2007,"Species1",14,389557.644931796,3926919.85262108,3163011.99212963,"Site_282","scheme_code22"
2009,"Species1",16,389557.644931796,3926919.85262108,3163011.99212963,"Site_282","scheme_code22"
2020,"Species1",32,389557.644931796,3926919.85262108,3163011.99212963,"Site_282","scheme_code22"
2017,"Species1",24,389557.644931796,3926919.85262108,3163011.99212963,"Site_282","scheme_code22"
2012,"Species1",8,389557.644931796,3926919.85262108,3163011.99212963,"Site_282","scheme_code22"
2016,"Species1",28,389557.644931796,3926919.85262108,3163011.99212963,"Site_282","scheme_code22"
2008,"Species1",8,389557.644931796,3926919.85262108,3163011.99212963,"Site_282","scheme_code22"
2006,"Species1",8,389557.644931796,3926919.85262108,3163011.99212963,"Site_282","scheme_code22"
2021,"Species1",40,389557.644931796,3926919.85262108,3163011.99212963,"Site_282","scheme_code22"
2015,"Species1",18,389557.644931796,3926919.85262108,3163011.99212963,"Site_282","scheme_code22"
2010,"Species1",14,389557.644931796,3926919.85262108,3163011.99212963,"Site_282","scheme_code22"
2020,"Species1",6,1302523.20300001,4071316.98608645,3309631.54260989,"Site_283","scheme_code22"
2019,"Species1",2,1302523.20300001,4071316.98608645,3309631.54260989,"Site_283","scheme_code22"
2013,"Species1",6,1302523.20300001,4071316.98608645,3309631.54260989,"Site_283","scheme_code22"
2014,"Species1",6,1302523.20300001,4071316.98608645,3309631.54260989,"Site_283","scheme_code22"
2016,"Species1",10,1302523.20300001,4071316.98608645,3309631.54260989,"Site_283","scheme_code22"
2017,"Species1",8,1302523.20300001,4071316.98608645,3309631.54260989,"Site_283","scheme_code22"
2015,"Species1",10,1302523.20300001,4071316.98608645,3309631.54260989,"Site_283","scheme_code22"
2018,"Species1",8,1302523.20300001,4071316.98608645,3309631.54260989,"Site_283","scheme_code22"
2016,"Species1",4,457438.2364029,3872762.46398414,3168265.5077112,"Site_284","scheme_code22"
2020,"Species1",6,457438.2364029,3872762.46398414,3168265.5077112,"Site_284","scheme_code22"
2005,"Species1",0,544187.889130526,3883942.61039882,3207179.60493794,"Site_285","scheme_code22"
2020,"Species1",2,544187.889130526,3883942.61039882,3207179.60493794,"Site_285","scheme_code22"
2021,"Species1",2,104341.903442608,3924637.63972282,3209063.99807829,"Site_286","scheme_code22"
2019,"Species1",0,104341.903442608,3924637.63972282,3209063.99807829,"Site_286","scheme_code22"
2014,"Species1",0,104341.903442608,3924637.63972282,3209063.99807829,"Site_286","scheme_code22"
2002,"Species1",4,1133789.84171651,4088878.08279331,3325357.63123447,"Site_287","scheme_code22"
2000,"Species1",0,1133789.84171651,4088878.08279331,3325357.63123447,"Site_287","scheme_code22"
2003,"Species1",0,1133789.84171651,4088878.08279331,3325357.63123447,"Site_287","scheme_code22"
2006,"Species1",0,390957.299671217,4064317.63450143,3352234.27535316,"Site_288","scheme_code22"
2007,"Species1",0,390957.299671217,4064317.63450143,3352234.27535316,"Site_288","scheme_code22"
2008,"Species1",2,390957.299671217,4064317.63450143,3352234.27535316,"Site_288","scheme_code22"
2009,"Species1",0,390957.299671217,4064317.63450143,3352234.27535316,"Site_288","scheme_code22"
2021,"Species1",8,750000,4030418.09160261,3324103.13719487,"Site_289","scheme_code22"
2018,"Species1",12,953281.7735559,4018323.00911057,3328561.2966068,"Site_290","scheme_code22"
2010,"Species1",2,2391121.64230073,3974300.67774955,3159757.39940545,"Site_291","scheme_code22"
2016,"Species1",2,2391121.64230073,3974300.67774955,3159757.39940545,"Site_291","scheme_code22"
2021,"Species1",10,2391121.64230073,3974300.67774955,3159757.39940545,"Site_291","scheme_code22"
2020,"Species1",2,1470994.53240676,4012827.4062484,3197669.83462614,"Site_292","scheme_code22"
2014,"Species1",0,642298.122816967,3971437.63301056,3323604.82264154,"Site_293","scheme_code22"
2019,"Species1",2,642298.122816967,3971437.63301056,3323604.82264154,"Site_293","scheme_code22"
2021,"Species1",32,749698.192339577,4054710.00959939,3354716.08743444,"Site_294","scheme_code22"
2020,"Species1",28,749698.192339577,4054710.00959939,3354716.08743444,"Site_294","scheme_code22"
2007,"Species1",55,2727294.36322783,4100701.05437131,3350572.51941804,"Site_295","scheme_code22"
2012,"Species1",32,2727294.36322783,4100701.05437131,3350572.51941804,"Site_295","scheme_code22"
2017,"Species1",8,2727294.36322783,4100701.05437131,3350572.51941804,"Site_295","scheme_code22"
2021,"Species1",2,750000,4093903.90427126,3336347.89666428,"Site_296","scheme_code22"
2021,"Species1",8,750000,4060221.4206908,3373358.118949,"Site_297","scheme_code22"
2021,"Species1",14,750000,4042790.20735723,3368236.8356561,"Site_298","scheme_code22"
2016,"Species1",0,1028920.20330006,4007352.39007513,3252231.40160787,"Site_299","scheme_code22"
2014,"Species1",6,1028920.20330006,4007352.39007513,3252231.40160787,"Site_299","scheme_code22"
2013,"Species1",4,1028920.20330006,4007352.39007513,3252231.40160787,"Site_299","scheme_code22"
2017,"Species1",4,1028920.20330006,4007352.39007513,3252231.40160787,"Site_299","scheme_code22"
2019,"Species1",50,1115471.54839897,3895593.09795994,3215944.75244182,"Site_300","scheme_code22"
2014,"Species1",6,1092716.85349739,4014340.07709942,3215854.45593619,"Site_301","scheme_code22"
2015,"Species1",6,1092716.85349739,4014340.07709942,3215854.45593619,"Site_301","scheme_code22"
2016,"Species1",4,1092716.85349739,4014340.07709942,3215854.45593619,"Site_301","scheme_code22"
2019,"Species1",12,1053149.81446592,3933650.13159493,3201871.47752909,"Site_302","scheme_code22"
2017,"Species1",14,1053149.81446592,3933650.13159493,3201871.47752909,"Site_302","scheme_code22"
2015,"Species1",16,1053149.81446592,3933650.13159493,3201871.47752909,"Site_302","scheme_code22"
2020,"Species1",20,1053149.81446592,3933650.13159493,3201871.47752909,"Site_302","scheme_code22"
2018,"Species1",14,1053149.81446592,3933650.13159493,3201871.47752909,"Site_302","scheme_code22"
2021,"Species1",16,1053149.81446592,3933650.13159493,3201871.47752909,"Site_302","scheme_code22"
2014,"Species1",14,1053149.81446592,3933650.13159493,3201871.47752909,"Site_302","scheme_code22"
2016,"Species1",22,1053149.81446592,3933650.13159493,3201871.47752909,"Site_302","scheme_code22"
2002,"Species1",0,1101630.45193819,3941379.99205816,3244260.24603453,"Site_303","scheme_code22"
2001,"Species1",0,1101630.45193819,3941379.99205816,3244260.24603453,"Site_303","scheme_code22"
2000,"Species1",0,1101630.45193819,3941379.99205816,3244260.24603453,"Site_303","scheme_code22"
2016,"Species1",0,218176.995150001,4045464.83995524,3359329.24902235,"Site_304","scheme_code22"
2017,"Species1",0,218176.995150001,4045464.83995524,3359329.24902235,"Site_304","scheme_code22"
2015,"Species1",0,218176.995150001,4045464.83995524,3359329.24902235,"Site_304","scheme_code22"
2020,"Species1",0,218176.995150001,4045464.83995524,3359329.24902235,"Site_304","scheme_code22"
2021,"Species1",4,218176.995150001,4045464.83995524,3359329.24902235,"Site_304","scheme_code22"
2019,"Species1",0,218176.995150001,4045464.83995524,3359329.24902235,"Site_304","scheme_code22"
2018,"Species1",0,218176.995150001,4045464.83995524,3359329.24902235,"Site_304","scheme_code22"
2018,"Species1",0,316469.075300005,3943211.22388001,3218342.72546978,"Site_305","scheme_code22"
2019,"Species1",0,316469.075300005,3943211.22388001,3218342.72546978,"Site_305","scheme_code22"
2017,"Species1",0,316469.075300005,3943211.22388001,3218342.72546978,"Site_305","scheme_code22"
2021,"Species1",0,316469.075300005,3943211.22388001,3218342.72546978,"Site_305","scheme_code22"
2016,"Species1",2,316469.075300005,3943211.22388001,3218342.72546978,"Site_305","scheme_code22"
2020,"Species1",0,316469.075300005,3943211.22388001,3218342.72546978,"Site_305","scheme_code22"
2012,"Species1",2,494836.729113503,4032128.91183792,3353290.15671923,"Site_306","scheme_code22"
2004,"Species1",0,494836.729113503,4032128.91183792,3353290.15671923,"Site_306","scheme_code22"
2021,"Species1",4,494836.729113503,4032128.91183792,3353290.15671923,"Site_306","scheme_code22"
2006,"Species1",2,494836.729113503,4032128.91183792,3353290.15671923,"Site_306","scheme_code22"
2010,"Species1",0,494836.729113503,4032128.91183792,3353290.15671923,"Site_306","scheme_code22"
2005,"Species1",2,494836.729113503,4032128.91183792,3353290.15671923,"Site_306","scheme_code22"
2008,"Species1",0,494836.729113503,4032128.91183792,3353290.15671923,"Site_306","scheme_code22"
2002,"Species1",0,494836.729113503,4032128.91183792,3353290.15671923,"Site_306","scheme_code22"
2000,"Species1",0,494836.729113503,4032128.91183792,3353290.15671923,"Site_306","scheme_code22"
2007,"Species1",0,494836.729113503,4032128.91183792,3353290.15671923,"Site_306","scheme_code22"
2020,"Species1",2,494836.729113503,4032128.91183792,3353290.15671923,"Site_306","scheme_code22"
2014,"Species1",0,494836.729113503,4032128.91183792,3353290.15671923,"Site_306","scheme_code22"
2009,"Species1",0,494836.729113503,4032128.91183792,3353290.15671923,"Site_306","scheme_code22"
2017,"Species1",0,494836.729113503,4032128.91183792,3353290.15671923,"Site_306","scheme_code22"
2015,"Species1",0,494836.729113503,4032128.91183792,3353290.15671923,"Site_306","scheme_code22"
2019,"Species1",2,494836.729113503,4032128.91183792,3353290.15671923,"Site_306","scheme_code22"
2013,"Species1",0,494836.729113503,4032128.91183792,3353290.15671923,"Site_306","scheme_code22"
2016,"Species1",2,494836.729113503,4032128.91183792,3353290.15671923,"Site_306","scheme_code22"
2018,"Species1",0,494836.729113503,4032128.91183792,3353290.15671923,"Site_306","scheme_code22"
2003,"Species1",2,494836.729113503,4032128.91183792,3353290.15671923,"Site_306","scheme_code22"
2011,"Species1",0,494836.729113503,4032128.91183792,3353290.15671923,"Site_306","scheme_code22"
2017,"Species1",2,805422.957957232,4035388.7922059,3200532.4263327,"Site_307","scheme_code22"
2021,"Species1",0,805422.957957232,4035388.7922059,3200532.4263327,"Site_307","scheme_code22"
2018,"Species1",0,805422.957957232,4035388.7922059,3200532.4263327,"Site_307","scheme_code22"
2019,"Species1",0,805422.957957232,4035388.7922059,3200532.4263327,"Site_307","scheme_code22"
2020,"Species1",2,805422.957957232,4035388.7922059,3200532.4263327,"Site_307","scheme_code22"
2014,"Species1",0,546073.35879993,4082421.62462448,3297274.02007386,"Site_308","scheme_code22"
2013,"Species1",0,546073.35879993,4082421.62462448,3297274.02007386,"Site_308","scheme_code22"
2015,"Species1",0,546073.35879993,4082421.62462448,3297274.02007386,"Site_308","scheme_code22"
2012,"Species1",0,546073.35879993,4082421.62462448,3297274.02007386,"Site_308","scheme_code22"
2011,"Species1",0,546073.35879993,4082421.62462448,3297274.02007386,"Site_308","scheme_code22"
2009,"Species1",0,546073.35879993,4082421.62462448,3297274.02007386,"Site_308","scheme_code22"
2010,"Species1",0,546073.35879993,4082421.62462448,3297274.02007386,"Site_308","scheme_code22"
2000,"Species1",4,546073.35879993,4082421.62462448,3297274.02007386,"Site_308","scheme_code22"
2008,"Species1",2,1884960,4318382.19734179,4198536.37062571,"Site_309","scheme_code23"
2013,"Species1",0,1884960,4318382.19734179,4198536.37062571,"Site_309","scheme_code23"
2019,"Species1",0,1884960,4318382.19734179,4198536.37062571,"Site_309","scheme_code23"
2021,"Species1",0,1884960,4318382.19734179,4198536.37062571,"Site_309","scheme_code23"
2009,"Species1",0,1884960,4318382.19734179,4198536.37062571,"Site_309","scheme_code23"
2012,"Species1",0,1884960,4318382.19734179,4198536.37062571,"Site_309","scheme_code23"
2014,"Species1",0,1884960,4318382.19734179,4198536.37062571,"Site_309","scheme_code23"
2016,"Species1",0,1884960,4318382.19734179,4198536.37062571,"Site_309","scheme_code23"
2011,"Species1",2,1884960,4318382.19734179,4198536.37062571,"Site_309","scheme_code23"
2015,"Species1",0,1884960,4318382.19734179,4198536.37062571,"Site_309","scheme_code23"
2020,"Species1",0,1884960,4318382.19734179,4198536.37062571,"Site_309","scheme_code23"
2010,"Species1",0,1884960,4318382.19734179,4198536.37062571,"Site_309","scheme_code23"
2020,"Species1",12,4e+05,4790325.69675288,3125800.48110221,"Site_310","scheme_code24"
2021,"Species1",10,4e+05,4790325.69675288,3125800.48110221,"Site_310","scheme_code24"
2011,"Species1",22,4e+05,4989653.10549341,3129325.71700282,"Site_311","scheme_code24"
2002,"Species1",18,4e+05,4989653.10549341,3129325.71700282,"Site_311","scheme_code24"
2013,"Species1",24,4e+05,4989653.10549341,3129325.71700282,"Site_311","scheme_code24"
2015,"Species1",18,4e+05,4989653.10549341,3129325.71700282,"Site_311","scheme_code24"
2009,"Species1",26,4e+05,4989653.10549341,3129325.71700282,"Site_311","scheme_code24"
2018,"Species1",21,4e+05,4989653.10549341,3129325.71700282,"Site_311","scheme_code24"
2008,"Species1",15,4e+05,4989653.10549341,3129325.71700282,"Site_311","scheme_code24"
2016,"Species1",22,4e+05,4989653.10549341,3129325.71700282,"Site_311","scheme_code24"
2010,"Species1",26,4e+05,4989653.10549341,3129325.71700282,"Site_311","scheme_code24"
2001,"Species1",18,4e+05,4989653.10549341,3129325.71700282,"Site_311","scheme_code24"
2007,"Species1",17,4e+05,4989653.10549341,3129325.71700282,"Site_311","scheme_code24"
2020,"Species1",22,4e+05,4989653.10549341,3129325.71700282,"Site_311","scheme_code24"
2005,"Species1",14,4e+05,4989653.10549341,3129325.71700282,"Site_311","scheme_code24"
2004,"Species1",14,4e+05,4989653.10549341,3129325.71700282,"Site_311","scheme_code24"
2012,"Species1",21,4e+05,4989653.10549341,3129325.71700282,"Site_311","scheme_code24"
2014,"Species1",37,4e+05,4989653.10549341,3129325.71700282,"Site_311","scheme_code24"
2019,"Species1",37,4e+05,4989653.10549341,3129325.71700282,"Site_311","scheme_code24"
2006,"Species1",18,4e+05,4989653.10549341,3129325.71700282,"Site_311","scheme_code24"
2003,"Species1",14,4e+05,4989653.10549341,3129325.71700282,"Site_311","scheme_code24"
2017,"Species1",22,4e+05,4989653.10549341,3129325.71700282,"Site_311","scheme_code24"
2021,"Species1",40,4e+05,4989653.10549341,3129325.71700282,"Site_311","scheme_code24"
2008,"Species1",5,4e+05,4951987.94972476,3045333.90152691,"Site_312","scheme_code24"
2020,"Species1",3,4e+05,4951987.94972476,3045333.90152691,"Site_312","scheme_code24"
2010,"Species1",2,4e+05,4951987.94972476,3045333.90152691,"Site_312","scheme_code24"
2005,"Species1",4,4e+05,4951987.94972476,3045333.90152691,"Site_312","scheme_code24"
2014,"Species1",1,4e+05,4951987.94972476,3045333.90152691,"Site_312","scheme_code24"
2004,"Species1",3,4e+05,4951987.94972476,3045333.90152691,"Site_312","scheme_code24"
2012,"Species1",11,4e+05,4951987.94972476,3045333.90152691,"Site_312","scheme_code24"
2015,"Species1",2,4e+05,4951987.94972476,3045333.90152691,"Site_312","scheme_code24"
2011,"Species1",2,4e+05,4951987.94972476,3045333.90152691,"Site_312","scheme_code24"
2009,"Species1",11,4e+05,4951987.94972476,3045333.90152691,"Site_312","scheme_code24"
2021,"Species1",3,4e+05,4951987.94972476,3045333.90152691,"Site_312","scheme_code24"
2013,"Species1",2,4e+05,4951987.94972476,3045333.90152691,"Site_312","scheme_code24"
2011,"Species1",23,4e+05,4952192.51272969,3145934.56500217,"Site_313","scheme_code24"
2009,"Species1",22,4e+05,4952192.51272969,3145934.56500217,"Site_313","scheme_code24"
2020,"Species1",22,4e+05,4952192.51272969,3145934.56500217,"Site_313","scheme_code24"
2002,"Species1",20,4e+05,4952192.51272969,3145934.56500217,"Site_313","scheme_code24"
2015,"Species1",21,4e+05,4952192.51272969,3145934.56500217,"Site_313","scheme_code24"
2005,"Species1",24,4e+05,4952192.51272969,3145934.56500217,"Site_313","scheme_code24"
2014,"Species1",20,4e+05,4952192.51272969,3145934.56500217,"Site_313","scheme_code24"
2010,"Species1",31,4e+05,4952192.51272969,3145934.56500217,"Site_313","scheme_code24"
2017,"Species1",21,4e+05,4952192.51272969,3145934.56500217,"Site_313","scheme_code24"
2007,"Species1",35,4e+05,4952192.51272969,3145934.56500217,"Site_313","scheme_code24"
2003,"Species1",29,4e+05,4952192.51272969,3145934.56500217,"Site_313","scheme_code24"
2004,"Species1",19,4e+05,4952192.51272969,3145934.56500217,"Site_313","scheme_code24"
2018,"Species1",31,4e+05,4952192.51272969,3145934.56500217,"Site_313","scheme_code24"
2008,"Species1",33,4e+05,4952192.51272969,3145934.56500217,"Site_313","scheme_code24"
2006,"Species1",33,4e+05,4952192.51272969,3145934.56500217,"Site_313","scheme_code24"
2021,"Species1",24,4e+05,4952192.51272969,3145934.56500217,"Site_313","scheme_code24"
2012,"Species1",28,4e+05,4952192.51272969,3145934.56500217,"Site_313","scheme_code24"
2013,"Species1",23,4e+05,4952192.51272969,3145934.56500217,"Site_313","scheme_code24"
2009,"Species1",12,4e+05,4913427.62664971,3111967.36680465,"Site_314","scheme_code24"
2017,"Species1",15,4e+05,4913427.62664971,3111967.36680465,"Site_314","scheme_code24"
2016,"Species1",6,4e+05,4913427.62664971,3111967.36680465,"Site_314","scheme_code24"
2004,"Species1",3,4e+05,4913427.62664971,3111967.36680465,"Site_314","scheme_code24"
2008,"Species1",12,4e+05,4913427.62664971,3111967.36680465,"Site_314","scheme_code24"
2007,"Species1",8,4e+05,4913427.62664971,3111967.36680465,"Site_314","scheme_code24"
2002,"Species1",8,4e+05,4913427.62664971,3111967.36680465,"Site_314","scheme_code24"
2005,"Species1",13,4e+05,4913427.62664971,3111967.36680465,"Site_314","scheme_code24"
2011,"Species1",15,4e+05,4913427.62664971,3111967.36680465,"Site_314","scheme_code24"
2019,"Species1",14,4e+05,4913427.62664971,3111967.36680465,"Site_314","scheme_code24"
2010,"Species1",8,4e+05,4913427.62664971,3111967.36680465,"Site_314","scheme_code24"
2018,"Species1",11,4e+05,4913427.62664971,3111967.36680465,"Site_314","scheme_code24"
2006,"Species1",12,4e+05,4913427.62664971,3111967.36680465,"Site_314","scheme_code24"
2003,"Species1",11,4e+05,4913427.62664971,3111967.36680465,"Site_314","scheme_code24"
2008,"Species1",13,4e+05,4927000.30540244,3026168.13495382,"Site_315","scheme_code24"
2013,"Species1",2,4e+05,4927000.30540244,3026168.13495382,"Site_315","scheme_code24"
2011,"Species1",5,4e+05,4927000.30540244,3026168.13495382,"Site_315","scheme_code24"
2006,"Species1",11,4e+05,4927000.30540244,3026168.13495382,"Site_315","scheme_code24"
2007,"Species1",12,4e+05,4927000.30540244,3026168.13495382,"Site_315","scheme_code24"
2010,"Species1",9,4e+05,4939428.0986743,3312632.64130462,"Site_316","scheme_code24"
2003,"Species1",13,4e+05,4939428.0986743,3312632.64130462,"Site_316","scheme_code24"
2015,"Species1",14,4e+05,4939428.0986743,3312632.64130462,"Site_316","scheme_code24"
2001,"Species1",25,4e+05,4939428.0986743,3312632.64130462,"Site_316","scheme_code24"
2007,"Species1",4,4e+05,4939428.0986743,3312632.64130462,"Site_316","scheme_code24"
2006,"Species1",11,4e+05,4939428.0986743,3312632.64130462,"Site_316","scheme_code24"
2016,"Species1",16,4e+05,4939428.0986743,3312632.64130462,"Site_316","scheme_code24"
2021,"Species1",10,4e+05,4939428.0986743,3312632.64130462,"Site_316","scheme_code24"
2013,"Species1",14,4e+05,4939428.0986743,3312632.64130462,"Site_316","scheme_code24"
2012,"Species1",21,4e+05,4939428.0986743,3312632.64130462,"Site_316","scheme_code24"
2020,"Species1",12,4e+05,4939428.0986743,3312632.64130462,"Site_316","scheme_code24"
2000,"Species1",17,4e+05,4939428.0986743,3312632.64130462,"Site_316","scheme_code24"
2019,"Species1",13,4e+05,4939428.0986743,3312632.64130462,"Site_316","scheme_code24"
2002,"Species1",10,4e+05,4939428.0986743,3312632.64130462,"Site_316","scheme_code24"
2018,"Species1",15,4e+05,4939428.0986743,3312632.64130462,"Site_316","scheme_code24"
2014,"Species1",11,4e+05,4939428.0986743,3312632.64130462,"Site_316","scheme_code24"
2005,"Species1",11,4e+05,4939428.0986743,3312632.64130462,"Site_316","scheme_code24"
2017,"Species1",17,4e+05,4939428.0986743,3312632.64130462,"Site_316","scheme_code24"
2011,"Species1",13,4e+05,4939428.0986743,3312632.64130462,"Site_316","scheme_code24"
2017,"Species1",55,4e+05,4799522.48030728,3377470.9220436,"Site_317","scheme_code24"
2008,"Species1",55,4e+05,4799522.48030728,3377470.9220436,"Site_317","scheme_code24"
2011,"Species1",55,4e+05,4799522.48030728,3377470.9220436,"Site_317","scheme_code24"
2013,"Species1",55,4e+05,4799522.48030728,3377470.9220436,"Site_317","scheme_code24"
2010,"Species1",55,4e+05,4799522.48030728,3377470.9220436,"Site_317","scheme_code24"
2018,"Species1",55,4e+05,4799522.48030728,3377470.9220436,"Site_317","scheme_code24"
2021,"Species1",52,4e+05,4799522.48030728,3377470.9220436,"Site_317","scheme_code24"
2020,"Species1",55,4e+05,4799522.48030728,3377470.9220436,"Site_317","scheme_code24"
2012,"Species1",55,4e+05,4799522.48030728,3377470.9220436,"Site_317","scheme_code24"
2009,"Species1",55,4e+05,4799522.48030728,3377470.9220436,"Site_317","scheme_code24"
2019,"Species1",55,4e+05,4799522.48030728,3377470.9220436,"Site_317","scheme_code24"
2015,"Species1",55,4e+05,4799522.48030728,3377470.9220436,"Site_317","scheme_code24"
2007,"Species1",55,4e+05,4799522.48030728,3377470.9220436,"Site_317","scheme_code24"
2014,"Species1",55,4e+05,4799522.48030728,3377470.9220436,"Site_317","scheme_code24"
2010,"Species1",18,4e+05,5016245.95729126,3250596.08374362,"Site_318","scheme_code24"
2008,"Species1",55,4e+05,5016245.95729126,3250596.08374362,"Site_318","scheme_code24"
2014,"Species1",28,4e+05,5016245.95729126,3250596.08374362,"Site_318","scheme_code24"
2018,"Species1",17,4e+05,5016245.95729126,3250596.08374362,"Site_318","scheme_code24"
2009,"Species1",32,4e+05,5016245.95729126,3250596.08374362,"Site_318","scheme_code24"
2020,"Species1",24,4e+05,5016245.95729126,3250596.08374362,"Site_318","scheme_code24"
2015,"Species1",20,4e+05,5016245.95729126,3250596.08374362,"Site_318","scheme_code24"
2019,"Species1",28,4e+05,5016245.95729126,3250596.08374362,"Site_318","scheme_code24"
2011,"Species1",22,4e+05,5016245.95729126,3250596.08374362,"Site_318","scheme_code24"
2021,"Species1",19,4e+05,5016245.95729126,3250596.08374362,"Site_318","scheme_code24"
2017,"Species1",29,4e+05,5016245.95729126,3250596.08374362,"Site_318","scheme_code24"
2012,"Species1",21,4e+05,5016245.95729126,3250596.08374362,"Site_318","scheme_code24"
2007,"Species1",55,4e+05,5016245.95729126,3250596.08374362,"Site_318","scheme_code24"
2006,"Species1",33,4e+05,5016245.95729126,3250596.08374362,"Site_318","scheme_code24"
2013,"Species1",22,4e+05,5016245.95729126,3250596.08374362,"Site_318","scheme_code24"
2016,"Species1",32,4e+05,5016245.95729126,3250596.08374362,"Site_318","scheme_code24"
2019,"Species1",12,4e+05,5190301.03405884,3156119.62989479,"Site_319","scheme_code24"
2017,"Species1",18,4e+05,5190301.03405884,3156119.62989479,"Site_319","scheme_code24"
2014,"Species1",14,4e+05,5190301.03405884,3156119.62989479,"Site_319","scheme_code24"
2002,"Species1",32,4e+05,5190301.03405884,3156119.62989479,"Site_319","scheme_code24"
2013,"Species1",22,4e+05,5190301.03405884,3156119.62989479,"Site_319","scheme_code24"
2012,"Species1",26,4e+05,5190301.03405884,3156119.62989479,"Site_319","scheme_code24"
2011,"Species1",16,4e+05,5190301.03405884,3156119.62989479,"Site_319","scheme_code24"
2009,"Species1",30,4e+05,5190301.03405884,3156119.62989479,"Site_319","scheme_code24"
2010,"Species1",20,4e+05,5190301.03405884,3156119.62989479,"Site_319","scheme_code24"
2016,"Species1",11,4e+05,5190301.03405884,3156119.62989479,"Site_319","scheme_code24"
2018,"Species1",17,4e+05,5190301.03405884,3156119.62989479,"Site_319","scheme_code24"
2000,"Species1",22,4e+05,5190301.03405884,3156119.62989479,"Site_319","scheme_code24"
2001,"Species1",31,4e+05,5190301.03405884,3156119.62989479,"Site_319","scheme_code24"
2020,"Species1",15,4e+05,5190301.03405884,3156119.62989479,"Site_319","scheme_code24"
2021,"Species1",8,4e+05,5190301.03405884,3156119.62989479,"Site_319","scheme_code24"
2007,"Species1",34,4e+05,5215571.59345124,3182067.02495588,"Site_320","scheme_code24"
2006,"Species1",36,4e+05,5215571.59345124,3182067.02495588,"Site_320","scheme_code24"
2018,"Species1",23,4e+05,5215571.59345124,3182067.02495588,"Site_320","scheme_code24"
2005,"Species1",30,4e+05,5215571.59345124,3182067.02495588,"Site_320","scheme_code24"
2002,"Species1",32,4e+05,5215571.59345124,3182067.02495588,"Site_320","scheme_code24"
2004,"Species1",40,4e+05,5215571.59345124,3182067.02495588,"Site_320","scheme_code24"
2016,"Species1",21,4e+05,5215571.59345124,3182067.02495588,"Site_320","scheme_code24"
2012,"Species1",30,4e+05,5215571.59345124,3182067.02495588,"Site_320","scheme_code24"
2001,"Species1",34,4e+05,5215571.59345124,3182067.02495588,"Site_320","scheme_code24"
2014,"Species1",22,4e+05,5215571.59345124,3182067.02495588,"Site_320","scheme_code24"
2015,"Species1",24,4e+05,5215571.59345124,3182067.02495588,"Site_320","scheme_code24"
2011,"Species1",27,4e+05,5215571.59345124,3182067.02495588,"Site_320","scheme_code24"
2000,"Species1",31,4e+05,5215571.59345124,3182067.02495588,"Site_320","scheme_code24"
2017,"Species1",24,4e+05,5215571.59345124,3182067.02495588,"Site_320","scheme_code24"
2021,"Species1",28,4e+05,5215571.59345124,3182067.02495588,"Site_320","scheme_code24"
2003,"Species1",35,4e+05,5215571.59345124,3182067.02495588,"Site_320","scheme_code24"
2010,"Species1",52,4e+05,5215571.59345124,3182067.02495588,"Site_320","scheme_code24"
2009,"Species1",37,4e+05,5215571.59345124,3182067.02495588,"Site_320","scheme_code24"
2013,"Species1",31,4e+05,5215571.59345124,3182067.02495588,"Site_320","scheme_code24"
2020,"Species1",42,4e+05,5215571.59345124,3182067.02495588,"Site_320","scheme_code24"
2020,"Species1",14,4e+05,5253206.45503698,3258757.99385455,"Site_321","scheme_code24"
2021,"Species1",12,4e+05,5253206.45503698,3258757.99385455,"Site_321","scheme_code24"
2013,"Species1",16,4e+05,5253206.45503698,3258757.99385455,"Site_321","scheme_code24"
2017,"Species1",10,4e+05,5253206.45503698,3258757.99385455,"Site_321","scheme_code24"
2019,"Species1",15,4e+05,5253206.45503698,3258757.99385455,"Site_321","scheme_code24"
2018,"Species1",12,4e+05,5253206.45503698,3258757.99385455,"Site_321","scheme_code24"
2011,"Species1",55,4e+05,5261709.58869136,3162531.40786357,"Site_322","scheme_code24"
2008,"Species1",55,4e+05,5261709.58869136,3162531.40786357,"Site_322","scheme_code24"
2014,"Species1",55,4e+05,5261709.58869136,3162531.40786357,"Site_322","scheme_code24"
2017,"Species1",55,4e+05,5261709.58869136,3162531.40786357,"Site_322","scheme_code24"
2021,"Species1",55,4e+05,5261709.58869136,3162531.40786357,"Site_322","scheme_code24"
2009,"Species1",55,4e+05,5261709.58869136,3162531.40786357,"Site_322","scheme_code24"
2019,"Species1",55,4e+05,5261709.58869136,3162531.40786357,"Site_322","scheme_code24"
2006,"Species1",35,4e+05,5261709.58869136,3162531.40786357,"Site_322","scheme_code24"
2007,"Species1",23,4e+05,5261709.58869136,3162531.40786357,"Site_322","scheme_code24"
2010,"Species1",55,4e+05,5261709.58869136,3162531.40786357,"Site_322","scheme_code24"
2012,"Species1",55,4e+05,5261709.58869136,3162531.40786357,"Site_322","scheme_code24"
2013,"Species1",55,4e+05,5261709.58869136,3162531.40786357,"Site_322","scheme_code24"
2020,"Species1",55,4e+05,5261709.58869136,3162531.40786357,"Site_322","scheme_code24"
2016,"Species1",55,4e+05,5261709.58869136,3162531.40786357,"Site_322","scheme_code24"
2005,"Species1",48,4e+05,5261709.58869136,3162531.40786357,"Site_322","scheme_code24"
2013,"Species1",2,4e+05,5144842.32488395,3208762.19940107,"Site_323","scheme_code24"
2004,"Species1",9,4e+05,5144842.32488395,3208762.19940107,"Site_323","scheme_code24"
2012,"Species1",3,4e+05,5144842.32488395,3208762.19940107,"Site_323","scheme_code24"
2020,"Species1",0,4e+05,5144842.32488395,3208762.19940107,"Site_323","scheme_code24"
2005,"Species1",10,4e+05,5144842.32488395,3208762.19940107,"Site_323","scheme_code24"
2021,"Species1",0,4e+05,5144842.32488395,3208762.19940107,"Site_323","scheme_code24"
2018,"Species1",1,4e+05,5144842.32488395,3208762.19940107,"Site_323","scheme_code24"
2016,"Species1",0,4e+05,5144842.32488395,3208762.19940107,"Site_323","scheme_code24"
2007,"Species1",9,4e+05,5144842.32488395,3208762.19940107,"Site_323","scheme_code24"
2017,"Species1",1,4e+05,5144842.32488395,3208762.19940107,"Site_323","scheme_code24"
2008,"Species1",8,4e+05,5144842.32488395,3208762.19940107,"Site_323","scheme_code24"
2014,"Species1",2,4e+05,5144842.32488395,3208762.19940107,"Site_323","scheme_code24"
2011,"Species1",0,4e+05,5144842.32488395,3208762.19940107,"Site_323","scheme_code24"
2019,"Species1",1,4e+05,5144842.32488395,3208762.19940107,"Site_323","scheme_code24"
2003,"Species1",9,4e+05,5144842.32488395,3208762.19940107,"Site_323","scheme_code24"
2006,"Species1",9,4e+05,5144842.32488395,3208762.19940107,"Site_323","scheme_code24"
2015,"Species1",0,4e+05,5144842.32488395,3208762.19940107,"Site_323","scheme_code24"
2010,"Species1",6,4e+05,5144842.32488395,3208762.19940107,"Site_323","scheme_code24"
2011,"Species1",31,4e+05,5058721.80829161,3502127.27998765,"Site_324","scheme_code24"
2008,"Species1",30,4e+05,5058721.80829161,3502127.27998765,"Site_324","scheme_code24"
2014,"Species1",0,4e+05,5030438.37998542,3405796.05243275,"Site_325","scheme_code24"
2019,"Species1",0,4e+05,5030438.37998542,3405796.05243275,"Site_325","scheme_code24"
2021,"Species1",0,4e+05,5030438.37998542,3405796.05243275,"Site_325","scheme_code24"
2016,"Species1",0,4e+05,5030438.37998542,3405796.05243275,"Site_325","scheme_code24"
2015,"Species1",0,4e+05,5030438.37998542,3405796.05243275,"Site_325","scheme_code24"
2011,"Species1",0,4e+05,5030438.37998542,3405796.05243275,"Site_325","scheme_code24"
2012,"Species1",0,4e+05,5030438.37998542,3405796.05243275,"Site_325","scheme_code24"
2009,"Species1",1,4e+05,5030438.37998542,3405796.05243275,"Site_325","scheme_code24"
2018,"Species1",0,4e+05,5030438.37998542,3405796.05243275,"Site_325","scheme_code24"
2020,"Species1",0,4e+05,5030438.37998542,3405796.05243275,"Site_325","scheme_code24"
2013,"Species1",0,4e+05,5030438.37998542,3405796.05243275,"Site_325","scheme_code24"
2017,"Species1",1,4e+05,5030438.37998542,3405796.05243275,"Site_325","scheme_code24"
2008,"Species1",0,4e+05,5030438.37998542,3405796.05243275,"Site_325","scheme_code24"
2007,"Species1",0,4e+05,5049006.17505444,3320934.63798519,"Site_326","scheme_code24"
2011,"Species1",0,4e+05,5049006.17505444,3320934.63798519,"Site_326","scheme_code24"
2006,"Species1",0,4e+05,5049006.17505444,3320934.63798519,"Site_326","scheme_code24"
2021,"Species1",0,4e+05,5049006.17505444,3320934.63798519,"Site_326","scheme_code24"
2014,"Species1",1,4e+05,5049006.17505444,3320934.63798519,"Site_326","scheme_code24"
2012,"Species1",0,4e+05,5049006.17505444,3320934.63798519,"Site_326","scheme_code24"
2019,"Species1",0,4e+05,5049006.17505444,3320934.63798519,"Site_326","scheme_code24"
2013,"Species1",0,4e+05,5049006.17505444,3320934.63798519,"Site_326","scheme_code24"
2017,"Species1",0,4e+05,5049006.17505444,3320934.63798519,"Site_326","scheme_code24"
2001,"Species1",1,4e+05,5049006.17505444,3320934.63798519,"Site_326","scheme_code24"
2009,"Species1",0,4e+05,5049006.17505444,3320934.63798519,"Site_326","scheme_code24"
2015,"Species1",0,4e+05,5049006.17505444,3320934.63798519,"Site_326","scheme_code24"
2008,"Species1",0,4e+05,5049006.17505444,3320934.63798519,"Site_326","scheme_code24"
2010,"Species1",0,4e+05,5049006.17505444,3320934.63798519,"Site_326","scheme_code24"
2005,"Species1",1,4e+05,5049006.17505444,3320934.63798519,"Site_326","scheme_code24"
2018,"Species1",1,4e+05,5049006.17505444,3320934.63798519,"Site_326","scheme_code24"
2016,"Species1",0,4e+05,5049006.17505444,3320934.63798519,"Site_326","scheme_code24"
2012,"Species1",15,4e+05,5084784.82705383,3329018.78606421,"Site_327","scheme_code24"
2020,"Species1",7,4e+05,5084784.82705383,3329018.78606421,"Site_327","scheme_code24"
2021,"Species1",7,4e+05,5084784.82705383,3329018.78606421,"Site_327","scheme_code24"
2016,"Species1",6,4e+05,5084784.82705383,3329018.78606421,"Site_327","scheme_code24"
2018,"Species1",6,4e+05,5084784.82705383,3329018.78606421,"Site_327","scheme_code24"
2019,"Species1",13,4e+05,5084784.82705383,3329018.78606421,"Site_327","scheme_code24"
2017,"Species1",6,4e+05,5084784.82705383,3329018.78606421,"Site_327","scheme_code24"
2015,"Species1",7,4e+05,5084784.82705383,3329018.78606421,"Site_327","scheme_code24"
2014,"Species1",6,4e+05,5084784.82705383,3329018.78606421,"Site_327","scheme_code24"
2011,"Species1",11,4e+05,5084784.82705383,3329018.78606421,"Site_327","scheme_code24"
2014,"Species1",42,4e+05,5206543.38129073,3303100.32410759,"Site_328","scheme_code24"
2016,"Species1",45,4e+05,5206543.38129073,3303100.32410759,"Site_328","scheme_code24"
2008,"Species1",53,4e+05,5206543.38129073,3303100.32410759,"Site_328","scheme_code24"
2009,"Species1",46,4e+05,5206543.38129073,3303100.32410759,"Site_328","scheme_code24"
2019,"Species1",55,4e+05,5206543.38129073,3303100.32410759,"Site_328","scheme_code24"
2018,"Species1",46,4e+05,5206543.38129073,3303100.32410759,"Site_328","scheme_code24"
2007,"Species1",51,4e+05,5206543.38129073,3303100.32410759,"Site_328","scheme_code24"
2020,"Species1",51,4e+05,5206543.38129073,3303100.32410759,"Site_328","scheme_code24"
2011,"Species1",52,4e+05,5206543.38129073,3303100.32410759,"Site_328","scheme_code24"
2021,"Species1",44,4e+05,5206543.38129073,3303100.32410759,"Site_328","scheme_code24"
2012,"Species1",30,4e+05,5206543.38129073,3303100.32410759,"Site_328","scheme_code24"
2017,"Species1",39,4e+05,5206543.38129073,3303100.32410759,"Site_328","scheme_code24"
2010,"Species1",34,4e+05,5206543.38129073,3303100.32410759,"Site_328","scheme_code24"
2021,"Species1",21,4e+05,4831281.14805355,3502769.52401729,"Site_329","scheme_code24"
2014,"Species1",11,4e+05,4877987.56897054,3494846.80343458,"Site_330","scheme_code24"
2016,"Species1",12,4e+05,4877987.56897054,3494846.80343458,"Site_330","scheme_code24"
2008,"Species1",53,4e+05,4930911.16339719,3391359.41993645,"Site_331","scheme_code24"
2021,"Species1",11,4e+05,4930911.16339719,3391359.41993645,"Site_331","scheme_code24"
2007,"Species1",21,4e+05,4930911.16339719,3391359.41993645,"Site_331","scheme_code24"
2014,"Species1",15,4e+05,4930911.16339719,3391359.41993645,"Site_331","scheme_code24"
2016,"Species1",15,4e+05,4930911.16339719,3391359.41993645,"Site_331","scheme_code24"
2012,"Species1",13,4e+05,4930911.16339719,3391359.41993645,"Site_331","scheme_code24"
2015,"Species1",10,4e+05,4930911.16339719,3391359.41993645,"Site_331","scheme_code24"
2010,"Species1",12,4e+05,4930911.16339719,3391359.41993645,"Site_331","scheme_code24"
2019,"Species1",12,4e+05,4930911.16339719,3391359.41993645,"Site_331","scheme_code24"
2017,"Species1",17,4e+05,4930911.16339719,3391359.41993645,"Site_331","scheme_code24"
2013,"Species1",6,4e+05,4930911.16339719,3391359.41993645,"Site_331","scheme_code24"
2011,"Species1",4,4e+05,4930911.16339719,3391359.41993645,"Site_331","scheme_code24"
2020,"Species1",13,4e+05,4930911.16339719,3391359.41993645,"Site_331","scheme_code24"
2018,"Species1",19,4e+05,4930911.16339719,3391359.41993645,"Site_331","scheme_code24"
2009,"Species1",8,4e+05,4930911.16339719,3391359.41993645,"Site_331","scheme_code24"
2016,"Species1",1,4e+05,4897735.40699468,3422437.7902123,"Site_332","scheme_code24"
2011,"Species1",2,4e+05,4897735.40699468,3422437.7902123,"Site_332","scheme_code24"
2008,"Species1",4,4e+05,4897735.40699468,3422437.7902123,"Site_332","scheme_code24"
2005,"Species1",3,4e+05,4897735.40699468,3422437.7902123,"Site_332","scheme_code24"
2006,"Species1",1,4e+05,4897735.40699468,3422437.7902123,"Site_332","scheme_code24"
2020,"Species1",1,4e+05,4897735.40699468,3422437.7902123,"Site_332","scheme_code24"
2007,"Species1",3,4e+05,4897735.40699468,3422437.7902123,"Site_332","scheme_code24"
2003,"Species1",4,4e+05,4897735.40699468,3422437.7902123,"Site_332","scheme_code24"
2021,"Species1",0,4e+05,4897735.40699468,3422437.7902123,"Site_332","scheme_code24"
2018,"Species1",1,4e+05,4897735.40699468,3422437.7902123,"Site_332","scheme_code24"
2004,"Species1",1,4e+05,4897735.40699468,3422437.7902123,"Site_332","scheme_code24"
2012,"Species1",1,4e+05,4897735.40699468,3422437.7902123,"Site_332","scheme_code24"
2014,"Species1",2,4e+05,4897735.40699468,3422437.7902123,"Site_332","scheme_code24"
2019,"Species1",2,4e+05,4897735.40699468,3422437.7902123,"Site_332","scheme_code24"
2015,"Species1",1,4e+05,4897735.40699468,3422437.7902123,"Site_332","scheme_code24"
2017,"Species1",1,4e+05,4897735.40699468,3422437.7902123,"Site_332","scheme_code24"
2013,"Species1",1,4e+05,4897735.40699468,3422437.7902123,"Site_332","scheme_code24"
2008,"Species1",35,4e+05,5159245.1773759,3474527.08786468,"Site_333","scheme_code24"
2010,"Species1",17,4e+05,5159245.1773759,3474527.08786468,"Site_333","scheme_code24"
2011,"Species1",8,4e+05,5159245.1773759,3474527.08786468,"Site_333","scheme_code24"
2002,"Species1",2,4e+05,5159245.1773759,3474527.08786468,"Site_333","scheme_code24"
2003,"Species1",0,4e+05,5159245.1773759,3474527.08786468,"Site_333","scheme_code24"
2005,"Species1",4,4e+05,5159245.1773759,3474527.08786468,"Site_333","scheme_code24"
2009,"Species1",19,4e+05,5159245.1773759,3474527.08786468,"Site_333","scheme_code24"
2004,"Species1",3,4e+05,5159245.1773759,3474527.08786468,"Site_333","scheme_code24"
2017,"Species1",55,4e+05,5200546.39806871,3351250.64597324,"Site_334","scheme_code24"
2019,"Species1",55,4e+05,5200546.39806871,3351250.64597324,"Site_334","scheme_code24"
2020,"Species1",55,4e+05,5200546.39806871,3351250.64597324,"Site_334","scheme_code24"
2013,"Species1",55,4e+05,5200546.39806871,3351250.64597324,"Site_334","scheme_code24"
2015,"Species1",55,4e+05,5200546.39806871,3351250.64597324,"Site_334","scheme_code24"
2014,"Species1",55,4e+05,5200546.39806871,3351250.64597324,"Site_334","scheme_code24"
2018,"Species1",55,4e+05,5200546.39806871,3351250.64597324,"Site_334","scheme_code24"
2016,"Species1",55,4e+05,5200546.39806871,3351250.64597324,"Site_334","scheme_code24"
2021,"Species1",35,4e+05,5204515.95363801,3467230.00854628,"Site_335","scheme_code24"
2003,"Species1",26,4e+05,4774479.5193386,3488431.96023103,"Site_336","scheme_code24"
2016,"Species1",27,4e+05,4774479.5193386,3488431.96023103,"Site_336","scheme_code24"
2017,"Species1",20,4e+05,4774479.5193386,3488431.96023103,"Site_336","scheme_code24"
2006,"Species1",22,4e+05,4774479.5193386,3488431.96023103,"Site_336","scheme_code24"
2009,"Species1",15,4e+05,4774479.5193386,3488431.96023103,"Site_336","scheme_code24"
2001,"Species1",43,4e+05,4774479.5193386,3488431.96023103,"Site_336","scheme_code24"
2008,"Species1",21,4e+05,4774479.5193386,3488431.96023103,"Site_336","scheme_code24"
2015,"Species1",19,4e+05,4774479.5193386,3488431.96023103,"Site_336","scheme_code24"
2012,"Species1",13,4e+05,4774479.5193386,3488431.96023103,"Site_336","scheme_code24"
2011,"Species1",10,4e+05,4774479.5193386,3488431.96023103,"Site_336","scheme_code24"
2004,"Species1",18,4e+05,4774479.5193386,3488431.96023103,"Site_336","scheme_code24"
2005,"Species1",15,4e+05,4774479.5193386,3488431.96023103,"Site_336","scheme_code24"
2000,"Species1",29,4e+05,4774479.5193386,3488431.96023103,"Site_336","scheme_code24"
2002,"Species1",46,4e+05,4774479.5193386,3488431.96023103,"Site_336","scheme_code24"
2007,"Species1",19,4e+05,4774479.5193386,3488431.96023103,"Site_336","scheme_code24"
2013,"Species1",11,4e+05,4774479.5193386,3488431.96023103,"Site_336","scheme_code24"
2010,"Species1",31,4e+05,4770306.81378585,3508120.07494789,"Site_337","scheme_code24"
2021,"Species1",29,4e+05,4770306.81378585,3508120.07494789,"Site_337","scheme_code24"
2020,"Species1",36,4e+05,4770306.81378585,3508120.07494789,"Site_337","scheme_code24"
2009,"Species1",26,4e+05,4770306.81378585,3508120.07494789,"Site_337","scheme_code24"
2019,"Species1",37,4e+05,4770306.81378585,3508120.07494789,"Site_337","scheme_code24"
2012,"Species1",32,4e+05,4770306.81378585,3508120.07494789,"Site_337","scheme_code24"
2017,"Species1",30,4e+05,4770306.81378585,3508120.07494789,"Site_337","scheme_code24"
2018,"Species1",31,4e+05,4770306.81378585,3508120.07494789,"Site_337","scheme_code24"
2014,"Species1",31,4e+05,4770306.81378585,3508120.07494789,"Site_337","scheme_code24"
2015,"Species1",30,4e+05,4770306.81378585,3508120.07494789,"Site_337","scheme_code24"
2013,"Species1",29,4e+05,4770306.81378585,3508120.07494789,"Site_337","scheme_code24"
2016,"Species1",19,4e+05,4770306.81378585,3508120.07494789,"Site_337","scheme_code24"
2011,"Species1",32,4e+05,4770306.81378585,3508120.07494789,"Site_337","scheme_code24"
2008,"Species1",33,4e+05,4770306.81378585,3508120.07494789,"Site_337","scheme_code24"
2019,"Species1",2,4e+05,4713296.65437798,3475323.58264281,"Site_338","scheme_code24"
2018,"Species1",1,4e+05,4713296.65437798,3475323.58264281,"Site_338","scheme_code24"
2014,"Species1",0,4e+05,4713296.65437798,3475323.58264281,"Site_338","scheme_code24"
2017,"Species1",1,4e+05,4713296.65437798,3475323.58264281,"Site_338","scheme_code24"
2015,"Species1",1,4e+05,4713296.65437798,3475323.58264281,"Site_338","scheme_code24"
2016,"Species1",0,4e+05,4713296.65437798,3475323.58264281,"Site_338","scheme_code24"
2012,"Species1",0,4e+05,4713296.65437798,3475323.58264281,"Site_338","scheme_code24"
2011,"Species1",0,4e+05,4713296.65437798,3475323.58264281,"Site_338","scheme_code24"
2020,"Species1",2,4e+05,4713296.65437798,3475323.58264281,"Site_338","scheme_code24"
2013,"Species1",0,4e+05,4713296.65437798,3475323.58264281,"Site_338","scheme_code24"
2021,"Species1",1,4e+05,4713296.65437798,3475323.58264281,"Site_338","scheme_code24"
2004,"Species1",1,4e+05,4623222.82278291,3382368.75957613,"Site_339","scheme_code24"
2014,"Species1",1,4e+05,4623222.82278291,3382368.75957613,"Site_339","scheme_code24"
2002,"Species1",2,4e+05,4623222.82278291,3382368.75957613,"Site_339","scheme_code24"
2007,"Species1",1,4e+05,4623222.82278291,3382368.75957613,"Site_339","scheme_code24"
2018,"Species1",0,4e+05,4623222.82278291,3382368.75957613,"Site_339","scheme_code24"
2001,"Species1",1,4e+05,4623222.82278291,3382368.75957613,"Site_339","scheme_code24"
2013,"Species1",0,4e+05,4623222.82278291,3382368.75957613,"Site_339","scheme_code24"
2020,"Species1",0,4e+05,4623222.82278291,3382368.75957613,"Site_339","scheme_code24"
2011,"Species1",0,4e+05,4623222.82278291,3382368.75957613,"Site_339","scheme_code24"
2015,"Species1",0,4e+05,4623222.82278291,3382368.75957613,"Site_339","scheme_code24"
2019,"Species1",0,4e+05,4623222.82278291,3382368.75957613,"Site_339","scheme_code24"
2012,"Species1",0,4e+05,4623222.82278291,3382368.75957613,"Site_339","scheme_code24"
2010,"Species1",0,4e+05,4623222.82278291,3382368.75957613,"Site_339","scheme_code24"
2017,"Species1",0,4e+05,4623222.82278291,3382368.75957613,"Site_339","scheme_code24"
2016,"Species1",0,4e+05,4623222.82278291,3382368.75957613,"Site_339","scheme_code24"
2008,"Species1",0,4e+05,4623222.82278291,3382368.75957613,"Site_339","scheme_code24"
2021,"Species1",0,4e+05,4623222.82278291,3382368.75957613,"Site_339","scheme_code24"
2003,"Species1",0,4e+05,4623222.82278291,3382368.75957613,"Site_339","scheme_code24"
2009,"Species1",0,4e+05,4623222.82278291,3382368.75957613,"Site_339","scheme_code24"
2005,"Species1",0,4e+05,4623222.82278291,3382368.75957613,"Site_339","scheme_code24"
2006,"Species1",0,4e+05,4623222.82278291,3382368.75957613,"Site_339","scheme_code24"
2018,"Species1",1,4e+05,5077519.26498676,3266677.15298926,"Site_340","scheme_code24"
2013,"Species1",3,4e+05,5077519.26498676,3266677.15298926,"Site_340","scheme_code24"
2016,"Species1",2,4e+05,5077519.26498676,3266677.15298926,"Site_340","scheme_code24"
2014,"Species1",2,4e+05,5077519.26498676,3266677.15298926,"Site_340","scheme_code24"
2012,"Species1",3,4e+05,5077519.26498676,3266677.15298926,"Site_340","scheme_code24"
2011,"Species1",4,4e+05,5077519.26498676,3266677.15298926,"Site_340","scheme_code24"
2019,"Species1",0,4e+05,5077519.26498676,3266677.15298926,"Site_340","scheme_code24"
2021,"Species1",0,4e+05,5077519.26498676,3266677.15298926,"Site_340","scheme_code24"
2015,"Species1",4,4e+05,5077519.26498676,3266677.15298926,"Site_340","scheme_code24"
2017,"Species1",1,4e+05,5077519.26498676,3266677.15298926,"Site_340","scheme_code24"
2011,"Species1",0,4e+05,5103443.12192359,3196965.95850772,"Site_341","scheme_code24"
2009,"Species1",3,4e+05,5103443.12192359,3196965.95850772,"Site_341","scheme_code24"
2010,"Species1",2,4e+05,5103443.12192359,3196965.95850772,"Site_341","scheme_code24"
2012,"Species1",2,4e+05,5103443.12192359,3196965.95850772,"Site_341","scheme_code24"
2008,"Species1",2,4e+05,5103443.12192359,3196965.95850772,"Site_341","scheme_code24"
2019,"Species1",9,4e+05,5103443.12192359,3196965.95850772,"Site_341","scheme_code24"
2006,"Species1",55,4e+05,5054399.82821636,3106981.63071365,"Site_342","scheme_code24"
2007,"Species1",55,4e+05,5054399.82821636,3106981.63071365,"Site_342","scheme_code24"
2011,"Species1",17,4e+05,5054399.82821636,3106981.63071365,"Site_342","scheme_code24"
2003,"Species1",55,4e+05,5054399.82821636,3106981.63071365,"Site_342","scheme_code24"
2017,"Species1",55,4e+05,5054399.82821636,3106981.63071365,"Site_342","scheme_code24"
2010,"Species1",15,4e+05,5054399.82821636,3106981.63071365,"Site_342","scheme_code24"
2001,"Species1",55,4e+05,5054399.82821636,3106981.63071365,"Site_342","scheme_code24"
2005,"Species1",55,4e+05,5054399.82821636,3106981.63071365,"Site_342","scheme_code24"
2020,"Species1",55,4e+05,5054399.82821636,3106981.63071365,"Site_342","scheme_code24"
2000,"Species1",30,4e+05,5054399.82821636,3106981.63071365,"Site_342","scheme_code24"
2009,"Species1",30,4e+05,5054399.82821636,3106981.63071365,"Site_342","scheme_code24"
2019,"Species1",55,4e+05,5054399.82821636,3106981.63071365,"Site_342","scheme_code24"
2018,"Species1",55,4e+05,5054399.82821636,3106981.63071365,"Site_342","scheme_code24"
2021,"Species1",55,4e+05,5054399.82821636,3106981.63071365,"Site_342","scheme_code24"
2015,"Species1",35,4e+05,5054399.82821636,3106981.63071365,"Site_342","scheme_code24"
2016,"Species1",55,4e+05,5054399.82821636,3106981.63071365,"Site_342","scheme_code24"
2014,"Species1",55,4e+05,5054399.82821636,3106981.63071365,"Site_342","scheme_code24"
2004,"Species1",55,4e+05,5054399.82821636,3106981.63071365,"Site_342","scheme_code24"
2017,"Species1",4,4e+05,4802785.73511444,3271584.86944211,"Site_343","scheme_code24"
2019,"Species1",5,4e+05,4802785.73511444,3271584.86944211,"Site_343","scheme_code24"
2020,"Species1",3,4e+05,4802785.73511444,3271584.86944211,"Site_343","scheme_code24"
2018,"Species1",3,4e+05,4802785.73511444,3271584.86944211,"Site_343","scheme_code24"
2021,"Species1",6,4e+05,4802785.73511444,3271584.86944211,"Site_343","scheme_code24"
2020,"Species1",20,4e+05,4718292.76605862,3286498.98750477,"Site_344","scheme_code24"
2017,"Species1",31,4e+05,4718292.76605862,3286498.98750477,"Site_344","scheme_code24"
2018,"Species1",20,4e+05,4718292.76605862,3286498.98750477,"Site_344","scheme_code24"
2019,"Species1",21,4e+05,4718292.76605862,3286498.98750477,"Site_344","scheme_code24"
2021,"Species1",31,4e+05,4718292.76605862,3286498.98750477,"Site_344","scheme_code24"
2010,"Species1",28,4e+05,4783701.87268692,3225955.50021737,"Site_345","scheme_code24"
2011,"Species1",17,4e+05,4783701.87268692,3225955.50021737,"Site_345","scheme_code24"
2002,"Species1",29,4e+05,4783701.87268692,3225955.50021737,"Site_345","scheme_code24"
2008,"Species1",26,4e+05,4783701.87268692,3225955.50021737,"Site_345","scheme_code24"
2016,"Species1",14,4e+05,4783701.87268692,3225955.50021737,"Site_345","scheme_code24"
2018,"Species1",30,4e+05,4783701.87268692,3225955.50021737,"Site_345","scheme_code24"
2021,"Species1",20,4e+05,4783701.87268692,3225955.50021737,"Site_345","scheme_code24"
2015,"Species1",26,4e+05,4783701.87268692,3225955.50021737,"Site_345","scheme_code24"
2019,"Species1",32,4e+05,4783701.87268692,3225955.50021737,"Site_345","scheme_code24"
2009,"Species1",27,4e+05,4783701.87268692,3225955.50021737,"Site_345","scheme_code24"
2003,"Species1",26,4e+05,4783701.87268692,3225955.50021737,"Site_345","scheme_code24"
2005,"Species1",23,4e+05,4783701.87268692,3225955.50021737,"Site_345","scheme_code24"
2013,"Species1",25,4e+05,4783701.87268692,3225955.50021737,"Site_345","scheme_code24"
2000,"Species1",41,4e+05,4783701.87268692,3225955.50021737,"Site_345","scheme_code24"
2012,"Species1",23,4e+05,4783701.87268692,3225955.50021737,"Site_345","scheme_code24"
2004,"Species1",32,4e+05,4783701.87268692,3225955.50021737,"Site_345","scheme_code24"
2007,"Species1",21,4e+05,4783701.87268692,3225955.50021737,"Site_345","scheme_code24"
2020,"Species1",28,4e+05,4783701.87268692,3225955.50021737,"Site_345","scheme_code24"
2014,"Species1",14,4e+05,4783701.87268692,3225955.50021737,"Site_345","scheme_code24"
2006,"Species1",16,4e+05,4783701.87268692,3225955.50021737,"Site_345","scheme_code24"
2014,"Species1",5,4e+05,4641663.32804809,3255626.33340449,"Site_346","scheme_code24"
2015,"Species1",3,4e+05,4641663.32804809,3255626.33340449,"Site_346","scheme_code24"
2013,"Species1",4,4e+05,4641663.32804809,3255626.33340449,"Site_346","scheme_code24"
2011,"Species1",9,4e+05,4641663.32804809,3255626.33340449,"Site_346","scheme_code24"
2017,"Species1",3,4e+05,4641663.32804809,3255626.33340449,"Site_346","scheme_code24"
2016,"Species1",2,4e+05,4641663.32804809,3255626.33340449,"Site_346","scheme_code24"
2012,"Species1",5,4e+05,4641663.32804809,3255626.33340449,"Site_346","scheme_code24"
2010,"Species1",4,4e+05,4641663.32804809,3255626.33340449,"Site_346","scheme_code24"
2007,"Species1",0,1e+08,2649457.67534842,1924164.04455021,"Site_258","scheme_code21"
2006,"Species1",0,1e+08,2649457.67534842,1924164.04455021,"Site_258","scheme_code21"
2005,"Species1",0,1e+08,2649457.67534842,1924164.04455021,"Site_258","scheme_code21"
2008,"Species1",0,1e+08,2649457.67534842,1924164.04455021,"Site_258","scheme_code21"
2004,"Species1",0,1e+08,2745039.96196492,1884317.81493637,"Site_259","scheme_code21"
2004,"Species1",0,1e+08,2748114.11741501,2017660.54997054,"Site_260","scheme_code21"
2004,"Species1",0,1e+08,2782544.87188924,2216341.37700837,"Site_261","scheme_code21"
2005,"Species1",0,1e+08,2782544.87188924,2216341.37700837,"Site_261","scheme_code21"
2010,"Species1",35,1256640,5353322.2601685,2726696.67381494,"Site_347","scheme_code25"
2016,"Species1",13,1256640,5353322.2601685,2726696.67381494,"Site_347","scheme_code25"
2021,"Species1",8,1256640,5353322.2601685,2726696.67381494,"Site_347","scheme_code25"
2013,"Species1",11,1256640,5353322.2601685,2726696.67381494,"Site_347","scheme_code25"
2015,"Species1",14,1256640,5353322.2601685,2726696.67381494,"Site_347","scheme_code25"
2014,"Species1",4,1256640,5353322.2601685,2726696.67381494,"Site_347","scheme_code25"
2013,"Species1",6,1256640,5534094.17964129,2685504.27092142,"Site_348","scheme_code25"
2015,"Species1",2,1256640,5611870.82915587,2664342.51632011,"Site_349","scheme_code25"
2014,"Species1",0,1256640,5611870.82915587,2664342.51632011,"Site_349","scheme_code25"
2021,"Species1",4,1256640,5638580.34897429,2505672.42904999,"Site_350","scheme_code25"
2021,"Species1",1,1256640,5658409.00181543,2622909.65369929,"Site_351","scheme_code25"
2020,"Species1",45,1256640,5736686.67525574,2501220.91148679,"Site_352","scheme_code25"
2015,"Species1",40,1256640,5736686.67525574,2501220.91148679,"Site_352","scheme_code25"
2010,"Species1",41,1256640,5736686.67525574,2501220.91148679,"Site_352","scheme_code25"
2014,"Species1",34,1256640,5736686.67525574,2501220.91148679,"Site_352","scheme_code25"
2010,"Species1",36,1256640,5741837.50430997,2585897.05162733,"Site_353","scheme_code25"
2014,"Species1",41,1256640,5741837.50430997,2585897.05162733,"Site_353","scheme_code25"
2015,"Species1",52,1256640,5741837.50430997,2585897.05162733,"Site_353","scheme_code25"
2020,"Species1",28,1256640,5741837.50430997,2585897.05162733,"Site_353","scheme_code25"
2008,"Species1",0,1256640,5180342.65928139,2569741.93297621,"Site_354","scheme_code25"
2011,"Species1",35,1256640,5180342.65928139,2569741.93297621,"Site_354","scheme_code25"
2020,"Species1",18,1256640,5174867.83548267,2631715.25240107,"Site_355","scheme_code25"
2010,"Species1",44,1256640,5174867.83548267,2631715.25240107,"Site_355","scheme_code25"
2015,"Species1",22,1256640,5174867.83548267,2631715.25240107,"Site_355","scheme_code25"
2011,"Species1",23,1256640,5174867.83548267,2631715.25240107,"Site_355","scheme_code25"
2014,"Species1",26,1256640,5174867.83548267,2631715.25240107,"Site_355","scheme_code25"
2011,"Species1",55,3200000,4581082.69217681,3620722.15996754,"Site_356","scheme_code26"
2000,"Species1",55,3200000,4581082.69217681,3620722.15996754,"Site_356","scheme_code26"
2017,"Species1",55,3200000,4581082.69217681,3620722.15996754,"Site_356","scheme_code26"
2015,"Species1",55,3200000,4581082.69217681,3620722.15996754,"Site_356","scheme_code26"
2018,"Species1",55,3200000,4581082.69217681,3620722.15996754,"Site_356","scheme_code26"
2006,"Species1",17,3200000,4581082.69217681,3620722.15996754,"Site_356","scheme_code26"
2002,"Species1",55,3200000,4581082.69217681,3620722.15996754,"Site_356","scheme_code26"
2014,"Species1",55,3200000,4581082.69217681,3620722.15996754,"Site_356","scheme_code26"
2010,"Species1",55,3200000,4581082.69217681,3620722.15996754,"Site_356","scheme_code26"
2001,"Species1",55,3200000,4581082.69217681,3620722.15996754,"Site_356","scheme_code26"
2016,"Species1",55,3200000,4581082.69217681,3620722.15996754,"Site_356","scheme_code26"
2004,"Species1",55,3200000,4581082.69217681,3620722.15996754,"Site_356","scheme_code26"
2008,"Species1",55,3200000,4581082.69217681,3620722.15996754,"Site_356","scheme_code26"
2019,"Species1",55,3200000,4581082.69217681,3620722.15996754,"Site_356","scheme_code26"
2012,"Species1",51,3200000,4581082.69217681,3620722.15996754,"Site_356","scheme_code26"
2021,"Species1",50,3200000,4581082.69217681,3620722.15996754,"Site_356","scheme_code26"
2009,"Species1",55,3200000,4581082.69217681,3620722.15996754,"Site_356","scheme_code26"
2020,"Species1",53,3200000,4581082.69217681,3620722.15996754,"Site_356","scheme_code26"
2014,"Species1",4,3200000,4441788.17081105,3933766.8650821,"Site_357","scheme_code26"
2018,"Species1",13,3200000,4441788.17081105,3933766.8650821,"Site_357","scheme_code26"
2017,"Species1",8,3200000,4441788.17081105,3933766.8650821,"Site_357","scheme_code26"
2009,"Species1",4,3200000,4441788.17081105,3933766.8650821,"Site_357","scheme_code26"
2000,"Species1",11,3200000,4441788.17081105,3933766.8650821,"Site_357","scheme_code26"
2010,"Species1",2,3200000,4441788.17081105,3933766.8650821,"Site_357","scheme_code26"
2007,"Species1",6,3200000,4441788.17081105,3933766.8650821,"Site_357","scheme_code26"
2015,"Species1",12,3200000,4441788.17081105,3933766.8650821,"Site_357","scheme_code26"
2012,"Species1",8,3200000,4441788.17081105,3933766.8650821,"Site_357","scheme_code26"
2021,"Species1",16,3200000,4441788.17081105,3933766.8650821,"Site_357","scheme_code26"
2011,"Species1",9,3200000,4441788.17081105,3933766.8650821,"Site_357","scheme_code26"
2002,"Species1",11,3200000,4441788.17081105,3933766.8650821,"Site_357","scheme_code26"
2019,"Species1",20,3200000,4441788.17081105,3933766.8650821,"Site_357","scheme_code26"
2020,"Species1",16,3200000,4441788.17081105,3933766.8650821,"Site_357","scheme_code26"
2005,"Species1",7,3200000,4441788.17081105,3933766.8650821,"Site_357","scheme_code26"
2013,"Species1",2,3200000,4441788.17081105,3933766.8650821,"Site_357","scheme_code26"
2016,"Species1",15,3200000,4441788.17081105,3933766.8650821,"Site_357","scheme_code26"
2015,"Species1",30,3200000,4528102.88010725,3911015.85858277,"Site_358","scheme_code26"
2009,"Species1",51,3200000,4528102.88010725,3911015.85858277,"Site_358","scheme_code26"
2006,"Species1",43,3200000,4528102.88010725,3911015.85858277,"Site_358","scheme_code26"
2020,"Species1",50,3200000,4528102.88010725,3911015.85858277,"Site_358","scheme_code26"
2004,"Species1",55,3200000,4528102.88010725,3911015.85858277,"Site_358","scheme_code26"
2016,"Species1",31,3200000,4528102.88010725,3911015.85858277,"Site_358","scheme_code26"
2013,"Species1",45,3200000,4528102.88010725,3911015.85858277,"Site_358","scheme_code26"
2019,"Species1",54,3200000,4528102.88010725,3911015.85858277,"Site_358","scheme_code26"
2000,"Species1",55,3200000,4528102.88010725,3911015.85858277,"Site_358","scheme_code26"
2017,"Species1",43,3200000,4528102.88010725,3911015.85858277,"Site_358","scheme_code26"
2014,"Species1",42,3200000,4528102.88010725,3911015.85858277,"Site_358","scheme_code26"
2011,"Species1",37,3200000,4528102.88010725,3911015.85858277,"Site_358","scheme_code26"
2021,"Species1",45,3200000,4528102.88010725,3911015.85858277,"Site_358","scheme_code26"
2018,"Species1",37,3200000,4528102.88010725,3911015.85858277,"Site_358","scheme_code26"
2003,"Species1",55,3200000,4528102.88010725,3911015.85858277,"Site_358","scheme_code26"
2002,"Species1",55,3200000,4528102.88010725,3911015.85858277,"Site_358","scheme_code26"
2007,"Species1",38,3200000,4528102.88010725,3911015.85858277,"Site_358","scheme_code26"
2005,"Species1",55,3200000,4528102.88010725,3911015.85858277,"Site_358","scheme_code26"
2012,"Species1",55,3200000,4528102.88010725,3911015.85858277,"Site_358","scheme_code26"
2001,"Species1",55,3200000,4528102.88010725,3911015.85858277,"Site_358","scheme_code26"
2004,"Species1",20,3200000,4538966.71015335,3937670.29013906,"Site_359","scheme_code26"
2000,"Species1",19,3200000,4538966.71015335,3937670.29013906,"Site_359","scheme_code26"
2001,"Species1",32,3200000,4538966.71015335,3937670.29013906,"Site_359","scheme_code26"
2007,"Species1",26,3200000,4538966.71015335,3937670.29013906,"Site_359","scheme_code26"
2018,"Species1",30,3200000,4538966.71015335,3937670.29013906,"Site_359","scheme_code26"
2015,"Species1",27,3200000,4538966.71015335,3937670.29013906,"Site_359","scheme_code26"
2003,"Species1",35,3200000,4538966.71015335,3937670.29013906,"Site_359","scheme_code26"
2011,"Species1",26,3200000,4538966.71015335,3937670.29013906,"Site_359","scheme_code26"
2019,"Species1",37,3200000,4538966.71015335,3937670.29013906,"Site_359","scheme_code26"
2005,"Species1",31,3200000,4538966.71015335,3937670.29013906,"Site_359","scheme_code26"
2008,"Species1",28,3200000,4538966.71015335,3937670.29013906,"Site_359","scheme_code26"
2012,"Species1",23,3200000,4538966.71015335,3937670.29013906,"Site_359","scheme_code26"
2009,"Species1",27,3200000,4538966.71015335,3937670.29013906,"Site_359","scheme_code26"
2020,"Species1",43,3200000,4538966.71015335,3937670.29013906,"Site_359","scheme_code26"
2014,"Species1",20,3200000,4538966.71015335,3937670.29013906,"Site_359","scheme_code26"
2021,"Species1",37,3200000,4538966.71015335,3937670.29013906,"Site_359","scheme_code26"
2002,"Species1",32,3200000,4538966.71015335,3937670.29013906,"Site_359","scheme_code26"
2016,"Species1",31,3200000,4538966.71015335,3937670.29013906,"Site_359","scheme_code26"
2013,"Species1",28,3200000,4538966.71015335,3937670.29013906,"Site_359","scheme_code26"
2006,"Species1",32,3200000,4538966.71015335,3937670.29013906,"Site_359","scheme_code26"
2010,"Species1",26,3200000,4538966.71015335,3937670.29013906,"Site_359","scheme_code26"
2017,"Species1",32,3200000,4538966.71015335,3937670.29013906,"Site_359","scheme_code26"
2020,"Species1",0,3200000,4637202.82328793,4123028.10380273,"Site_360","scheme_code26"
2016,"Species1",0,3200000,4637202.82328793,4123028.10380273,"Site_360","scheme_code26"
2012,"Species1",0,3200000,4637202.82328793,4123028.10380273,"Site_360","scheme_code26"
2003,"Species1",1,3200000,4637202.82328793,4123028.10380273,"Site_360","scheme_code26"
2014,"Species1",0,3200000,4637202.82328793,4123028.10380273,"Site_360","scheme_code26"
2017,"Species1",0,3200000,4637202.82328793,4123028.10380273,"Site_360","scheme_code26"
2009,"Species1",0,3200000,4637202.82328793,4123028.10380273,"Site_360","scheme_code26"
2010,"Species1",0,3200000,4637202.82328793,4123028.10380273,"Site_360","scheme_code26"
2008,"Species1",0,3200000,4637202.82328793,4123028.10380273,"Site_360","scheme_code26"
2013,"Species1",0,3200000,4637202.82328793,4123028.10380273,"Site_360","scheme_code26"
2019,"Species1",0,3200000,4637202.82328793,4123028.10380273,"Site_360","scheme_code26"
2006,"Species1",2,3200000,4637202.82328793,4123028.10380273,"Site_360","scheme_code26"
2015,"Species1",0,3200000,4637202.82328793,4123028.10380273,"Site_360","scheme_code26"
2011,"Species1",0,3200000,4637202.82328793,4123028.10380273,"Site_360","scheme_code26"
2018,"Species1",0,3200000,4637202.82328793,4123028.10380273,"Site_360","scheme_code26"
2010,"Species1",2,8e+05,4625336.58295764,2506067.71920756,"Site_361","scheme_code27"
2020,"Species1",0,8e+05,4625336.58295764,2506067.71920756,"Site_361","scheme_code27"
2018,"Species1",0,8e+05,4625336.58295764,2506067.71920756,"Site_361","scheme_code27"
2014,"Species1",0,8e+05,4625336.58295764,2506067.71920756,"Site_361","scheme_code27"
2009,"Species1",4,8e+05,4625336.58295764,2506067.71920756,"Site_361","scheme_code27"
2008,"Species1",6,8e+05,4625336.58295764,2506067.71920756,"Site_361","scheme_code27"
2017,"Species1",0,8e+05,4625336.58295764,2506067.71920756,"Site_361","scheme_code27"
2012,"Species1",0,8e+05,4625336.58295764,2506067.71920756,"Site_361","scheme_code27"
2013,"Species1",0,8e+05,4625336.58295764,2506067.71920756,"Site_361","scheme_code27"
2021,"Species1",0,8e+05,4625336.58295764,2506067.71920756,"Site_361","scheme_code27"
2019,"Species1",0,8e+05,4625336.58295764,2506067.71920756,"Site_361","scheme_code27"
2011,"Species1",2,8e+05,4625336.58295764,2506067.71920756,"Site_361","scheme_code27"
2015,"Species1",0,8e+05,4625336.58295764,2506067.71920756,"Site_361","scheme_code27"
2021,"Species1",10,8e+05,4666079.96978383,2526946.33270524,"Site_362","scheme_code27"
2020,"Species1",6,8e+05,4666079.96978383,2526946.33270524,"Site_362","scheme_code27"
2010,"Species1",18,8e+05,4666079.96978383,2526946.33270524,"Site_362","scheme_code27"
2013,"Species1",12,8e+05,4666079.96978383,2526946.33270524,"Site_362","scheme_code27"
2012,"Species1",10,8e+05,4666079.96978383,2526946.33270524,"Site_362","scheme_code27"
2014,"Species1",14,8e+05,4666079.96978383,2526946.33270524,"Site_362","scheme_code27"
2011,"Species1",14,8e+05,4666079.96978383,2526946.33270524,"Site_362","scheme_code27"
2019,"Species1",16,8e+05,4666079.96978383,2526946.33270524,"Site_362","scheme_code27"
2009,"Species1",8,8e+05,4666079.96978383,2526946.33270524,"Site_362","scheme_code27"
2015,"Species1",4,8e+05,4666079.96978383,2526946.33270524,"Site_362","scheme_code27"
2018,"Species1",4,8e+05,4666079.96978383,2526946.33270524,"Site_362","scheme_code27"
2008,"Species1",6,8e+05,4666079.96978383,2526946.33270524,"Site_362","scheme_code27"
2017,"Species1",8,8e+05,4666079.96978383,2526946.33270524,"Site_362","scheme_code27"
2016,"Species1",8,8e+05,4666079.96978383,2526946.33270524,"Site_362","scheme_code27"
2009,"Species1",2,8e+05,3695237.34091594,4168002.99896702,"Site_363","scheme_code28"
2007,"Species1",3,8e+05,3695237.34091594,4168002.99896702,"Site_363","scheme_code28"
2008,"Species1",2,8e+05,3695237.34091594,4168002.99896702,"Site_363","scheme_code28"
2008,"Species1",0,8e+05,3184676.59631388,3627996.40516218,"Site_364","scheme_code28"
2000,"Species1",0,8e+05,3184676.59631388,3627996.40516218,"Site_364","scheme_code28"
2013,"Species1",0,8e+05,3184676.59631388,3627996.40516218,"Site_364","scheme_code28"
2005,"Species1",0,8e+05,3184676.59631388,3627996.40516218,"Site_364","scheme_code28"
2002,"Species1",0,8e+05,3184676.59631388,3627996.40516218,"Site_364","scheme_code28"
2006,"Species1",0,8e+05,3184676.59631388,3627996.40516218,"Site_364","scheme_code28"
2007,"Species1",0,8e+05,3184676.59631388,3627996.40516218,"Site_364","scheme_code28"
2012,"Species1",0,8e+05,3184676.59631388,3627996.40516218,"Site_364","scheme_code28"
2003,"Species1",0,8e+05,3184676.59631388,3627996.40516218,"Site_364","scheme_code28"
2004,"Species1",0,8e+05,3184676.59631388,3627996.40516218,"Site_364","scheme_code28"
2004,"Species1",0,8e+05,3262715.65138685,3604172.88359704,"Site_365","scheme_code28"
2005,"Species1",0,8e+05,3262715.65138685,3604172.88359704,"Site_365","scheme_code28"
2006,"Species1",0,8e+05,3262715.65138685,3604172.88359704,"Site_365","scheme_code28"
2021,"Species1",0,8e+05,3262715.65138685,3604172.88359704,"Site_365","scheme_code28"
2003,"Species1",0,8e+05,3262715.65138685,3604172.88359704,"Site_365","scheme_code28"
2019,"Species1",0,8e+05,3262715.65138685,3604172.88359704,"Site_365","scheme_code28"
2015,"Species1",0,8e+05,3285746.53125536,3630695.37649196,"Site_366","scheme_code28"
2014,"Species1",0,8e+05,3285746.53125536,3630695.37649196,"Site_366","scheme_code28"
2016,"Species1",1,8e+05,3285746.53125536,3630695.37649196,"Site_366","scheme_code28"
2018,"Species1",0,8e+05,3291757.78254072,3600897.73841902,"Site_367","scheme_code28"
2016,"Species1",0,8e+05,3291757.78254072,3600897.73841902,"Site_367","scheme_code28"
2017,"Species1",0,8e+05,3291757.78254072,3600897.73841902,"Site_367","scheme_code28"
2019,"Species1",1,8e+05,3291757.78254072,3600897.73841902,"Site_367","scheme_code28"
2021,"Species1",0,8e+05,3291757.78254072,3600897.73841902,"Site_367","scheme_code28"
2015,"Species1",0,8e+05,3291757.78254072,3600897.73841902,"Site_367","scheme_code28"
2010,"Species1",0,8e+05,3314609.33612527,3603014.31683264,"Site_368","scheme_code28"
2008,"Species1",0,8e+05,3314609.33612527,3603014.31683264,"Site_368","scheme_code28"
2013,"Species1",0,8e+05,3314609.33612527,3603014.31683264,"Site_368","scheme_code28"
2011,"Species1",0,8e+05,3314609.33612527,3603014.31683264,"Site_368","scheme_code28"
2021,"Species1",0,8e+05,3314609.33612527,3603014.31683264,"Site_368","scheme_code28"
2009,"Species1",0,8e+05,3314609.33612527,3603014.31683264,"Site_368","scheme_code28"
2007,"Species1",2,8e+05,3314609.33612527,3603014.31683264,"Site_368","scheme_code28"
2021,"Species1",12,8e+05,3385827.83206565,3947771.29909629,"Site_369","scheme_code28"
2017,"Species1",4,8e+05,3385827.83206565,3947771.29909629,"Site_369","scheme_code28"
2019,"Species1",1,8e+05,3398521.74114083,3904724.18407874,"Site_370","scheme_code28"
2021,"Species1",0,8e+05,3398521.74114083,3904724.18407874,"Site_370","scheme_code28"
2013,"Species1",0,8e+05,3398521.74114083,3904724.18407874,"Site_370","scheme_code28"
2018,"Species1",0,8e+05,3398521.74114083,3904724.18407874,"Site_370","scheme_code28"
2015,"Species1",1,8e+05,3351716.31872352,3832891.4379734,"Site_371","scheme_code28"
2008,"Species1",2,8e+05,3351716.31872352,3832891.4379734,"Site_371","scheme_code28"
2018,"Species1",0,8e+05,3351716.31872352,3832891.4379734,"Site_371","scheme_code28"
2017,"Species1",0,8e+05,3351716.31872352,3832891.4379734,"Site_371","scheme_code28"
2016,"Species1",0,8e+05,3351716.31872352,3832891.4379734,"Site_371","scheme_code28"
2021,"Species1",0,8e+05,3351716.31872352,3832891.4379734,"Site_371","scheme_code28"
2009,"Species1",0,8e+05,3351716.31872352,3832891.4379734,"Site_371","scheme_code28"
2007,"Species1",4,8e+05,3351716.31872352,3832891.4379734,"Site_371","scheme_code28"
2003,"Species1",1,8e+05,3423911.1953279,3851580.2615317,"Site_372","scheme_code28"
2006,"Species1",0,8e+05,3423911.1953279,3851580.2615317,"Site_372","scheme_code28"
2018,"Species1",0,8e+05,3423911.1953279,3851580.2615317,"Site_372","scheme_code28"
2012,"Species1",0,8e+05,3423911.1953279,3851580.2615317,"Site_372","scheme_code28"
2017,"Species1",0,8e+05,3423911.1953279,3851580.2615317,"Site_372","scheme_code28"
2000,"Species1",0,8e+05,3423911.1953279,3851580.2615317,"Site_372","scheme_code28"
2016,"Species1",0,8e+05,3423911.1953279,3851580.2615317,"Site_372","scheme_code28"
2002,"Species1",0,8e+05,3423911.1953279,3851580.2615317,"Site_372","scheme_code28"
2015,"Species1",0,8e+05,3423911.1953279,3851580.2615317,"Site_372","scheme_code28"
2004,"Species1",0,8e+05,3423911.1953279,3851580.2615317,"Site_372","scheme_code28"
2019,"Species1",0,8e+05,3423911.1953279,3851580.2615317,"Site_372","scheme_code28"
2021,"Species1",0,8e+05,3423911.1953279,3851580.2615317,"Site_372","scheme_code28"
2013,"Species1",0,8e+05,3423911.1953279,3851580.2615317,"Site_372","scheme_code28"
2014,"Species1",0,8e+05,3423911.1953279,3851580.2615317,"Site_372","scheme_code28"
2019,"Species1",8,8e+05,3453055.70756431,3848729.37503823,"Site_373","scheme_code28"
2021,"Species1",13,8e+05,3453055.70756431,3848729.37503823,"Site_373","scheme_code28"
2005,"Species1",3,8e+05,3453055.70756431,3848729.37503823,"Site_373","scheme_code28"
2018,"Species1",4,8e+05,3453055.70756431,3848729.37503823,"Site_373","scheme_code28"
2006,"Species1",0,8e+05,3453055.70756431,3848729.37503823,"Site_373","scheme_code28"
2017,"Species1",6,8e+05,3453055.70756431,3848729.37503823,"Site_373","scheme_code28"
2003,"Species1",3,8e+05,3453055.70756431,3848729.37503823,"Site_373","scheme_code28"
2004,"Species1",0,8e+05,3453055.70756431,3848729.37503823,"Site_373","scheme_code28"
2004,"Species1",0,8e+05,3458227.64510777,3766965.43176821,"Site_374","scheme_code28"
2017,"Species1",1,8e+05,3458227.64510777,3766965.43176821,"Site_374","scheme_code28"
2013,"Species1",0,8e+05,3458227.64510777,3766965.43176821,"Site_374","scheme_code28"
2009,"Species1",4,8e+05,3458227.64510777,3766965.43176821,"Site_374","scheme_code28"
2006,"Species1",3,8e+05,3458227.64510777,3766965.43176821,"Site_374","scheme_code28"
2014,"Species1",0,8e+05,3458227.64510777,3766965.43176821,"Site_374","scheme_code28"
2012,"Species1",0,8e+05,3458227.64510777,3766965.43176821,"Site_374","scheme_code28"
2003,"Species1",0,8e+05,3458227.64510777,3766965.43176821,"Site_374","scheme_code28"
2021,"Species1",0,8e+05,3458227.64510777,3766965.43176821,"Site_374","scheme_code28"
2010,"Species1",0,8e+05,3458227.64510777,3766965.43176821,"Site_374","scheme_code28"
2007,"Species1",4,8e+05,3458227.64510777,3766965.43176821,"Site_374","scheme_code28"
2019,"Species1",0,8e+05,3458227.64510777,3766965.43176821,"Site_374","scheme_code28"
2000,"Species1",0,8e+05,3458227.64510777,3766965.43176821,"Site_374","scheme_code28"
2015,"Species1",0,8e+05,3458227.64510777,3766965.43176821,"Site_374","scheme_code28"
2002,"Species1",0,8e+05,3458227.64510777,3766965.43176821,"Site_374","scheme_code28"
2008,"Species1",2,8e+05,3458227.64510777,3766965.43176821,"Site_374","scheme_code28"
2015,"Species1",1,8e+05,3376916.69089478,3739159.74695819,"Site_375","scheme_code28"
2016,"Species1",0,8e+05,3376916.69089478,3739159.74695819,"Site_375","scheme_code28"
2018,"Species1",0,8e+05,3376916.69089478,3739159.74695819,"Site_375","scheme_code28"
2017,"Species1",3,8e+05,3376916.69089478,3739159.74695819,"Site_375","scheme_code28"
2014,"Species1",0,8e+05,3376916.69089478,3739159.74695819,"Site_375","scheme_code28"
2007,"Species1",21,8e+05,3416821.11735525,3755064.63321652,"Site_376","scheme_code28"
2011,"Species1",17,8e+05,3416821.11735525,3755064.63321652,"Site_376","scheme_code28"
2002,"Species1",16,8e+05,3416821.11735525,3755064.63321652,"Site_376","scheme_code28"
2000,"Species1",12,8e+05,3416821.11735525,3755064.63321652,"Site_376","scheme_code28"
2012,"Species1",19,8e+05,3416821.11735525,3755064.63321652,"Site_376","scheme_code28"
2018,"Species1",27,8e+05,3416821.11735525,3755064.63321652,"Site_376","scheme_code28"
2021,"Species1",13,8e+05,3416821.11735525,3755064.63321652,"Site_376","scheme_code28"
2015,"Species1",18,8e+05,3416821.11735525,3755064.63321652,"Site_376","scheme_code28"
2005,"Species1",15,8e+05,3416821.11735525,3755064.63321652,"Site_376","scheme_code28"
2009,"Species1",17,8e+05,3416821.11735525,3755064.63321652,"Site_376","scheme_code28"
2006,"Species1",21,8e+05,3416821.11735525,3755064.63321652,"Site_376","scheme_code28"
2010,"Species1",5,8e+05,3416821.11735525,3755064.63321652,"Site_376","scheme_code28"
2019,"Species1",17,8e+05,3416821.11735525,3755064.63321652,"Site_376","scheme_code28"
2013,"Species1",13,8e+05,3416821.11735525,3755064.63321652,"Site_376","scheme_code28"
2008,"Species1",23,8e+05,3416821.11735525,3755064.63321652,"Site_376","scheme_code28"
2021,"Species1",8,8e+05,3435915.62108511,3659337.02245891,"Site_377","scheme_code28"
2017,"Species1",10,8e+05,3435915.62108511,3659337.02245891,"Site_377","scheme_code28"
2019,"Species1",8,8e+05,3435915.62108511,3659337.02245891,"Site_377","scheme_code28"
2018,"Species1",11,8e+05,3435915.62108511,3659337.02245891,"Site_377","scheme_code28"
2021,"Species1",0,8e+05,3468511.34846926,3742156.57039084,"Site_378","scheme_code28"
2017,"Species1",2,8e+05,3468511.34846926,3742156.57039084,"Site_378","scheme_code28"
2012,"Species1",0,8e+05,3468511.34846926,3742156.57039084,"Site_378","scheme_code28"
2009,"Species1",1,8e+05,3468511.34846926,3742156.57039084,"Site_378","scheme_code28"
2010,"Species1",0,8e+05,3468511.34846926,3742156.57039084,"Site_378","scheme_code28"
2011,"Species1",0,8e+05,3468511.34846926,3742156.57039084,"Site_378","scheme_code28"
2019,"Species1",1,8e+05,3468511.34846926,3742156.57039084,"Site_378","scheme_code28"
2015,"Species1",0,8e+05,3468511.34846926,3742156.57039084,"Site_378","scheme_code28"
2013,"Species1",0,8e+05,3468511.34846926,3742156.57039084,"Site_378","scheme_code28"
2016,"Species1",0,8e+05,3468511.34846926,3742156.57039084,"Site_378","scheme_code28"
2018,"Species1",0,8e+05,3468511.34846926,3742156.57039084,"Site_378","scheme_code28"
2008,"Species1",0,8e+05,3507910.0172854,3684484.13569934,"Site_379","scheme_code28"
2006,"Species1",0,8e+05,3507910.0172854,3684484.13569934,"Site_379","scheme_code28"
2011,"Species1",2,8e+05,3507910.0172854,3684484.13569934,"Site_379","scheme_code28"
2010,"Species1",1,8e+05,3507910.0172854,3684484.13569934,"Site_379","scheme_code28"
2005,"Species1",0,8e+05,3507910.0172854,3684484.13569934,"Site_379","scheme_code28"
2015,"Species1",6,8e+05,3507910.0172854,3684484.13569934,"Site_379","scheme_code28"
2007,"Species1",0,8e+05,3507910.0172854,3684484.13569934,"Site_379","scheme_code28"
2014,"Species1",11,8e+05,3507910.0172854,3684484.13569934,"Site_379","scheme_code28"
2018,"Species1",10,8e+05,3507910.0172854,3684484.13569934,"Site_379","scheme_code28"
2013,"Species1",9,8e+05,3507910.0172854,3684484.13569934,"Site_379","scheme_code28"
2016,"Species1",11,8e+05,3507910.0172854,3684484.13569934,"Site_379","scheme_code28"
2004,"Species1",0,8e+05,3507910.0172854,3684484.13569934,"Site_379","scheme_code28"
2021,"Species1",5,8e+05,3507910.0172854,3684484.13569934,"Site_379","scheme_code28"
2012,"Species1",8,8e+05,3507910.0172854,3684484.13569934,"Site_379","scheme_code28"
2019,"Species1",6,8e+05,3507910.0172854,3684484.13569934,"Site_379","scheme_code28"
2017,"Species1",6,8e+05,3507910.0172854,3684484.13569934,"Site_379","scheme_code28"
2009,"Species1",0,8e+05,3507910.0172854,3684484.13569934,"Site_379","scheme_code28"
2017,"Species1",9,8e+05,3529220.3092269,3675384.27731102,"Site_380","scheme_code28"
2019,"Species1",7,8e+05,3529220.3092269,3675384.27731102,"Site_380","scheme_code28"
2015,"Species1",9,8e+05,3529220.3092269,3675384.27731102,"Site_380","scheme_code28"
2013,"Species1",4,8e+05,3529220.3092269,3675384.27731102,"Site_380","scheme_code28"
2018,"Species1",6,8e+05,3529220.3092269,3675384.27731102,"Site_380","scheme_code28"
2021,"Species1",4,8e+05,3529220.3092269,3675384.27731102,"Site_380","scheme_code28"
2014,"Species1",4,8e+05,3529220.3092269,3675384.27731102,"Site_380","scheme_code28"
2016,"Species1",5,8e+05,3529220.3092269,3675384.27731102,"Site_380","scheme_code28"
2009,"Species1",7,8e+05,3541398.67263068,3723455.60431057,"Site_381","scheme_code28"
2015,"Species1",5,8e+05,3541398.67263068,3723455.60431057,"Site_381","scheme_code28"
2012,"Species1",4,8e+05,3541398.67263068,3723455.60431057,"Site_381","scheme_code28"
2019,"Species1",10,8e+05,3541398.67263068,3723455.60431057,"Site_381","scheme_code28"
2018,"Species1",3,8e+05,3541398.67263068,3723455.60431057,"Site_381","scheme_code28"
2008,"Species1",5,8e+05,3541398.67263068,3723455.60431057,"Site_381","scheme_code28"
2016,"Species1",10,8e+05,3541398.67263068,3723455.60431057,"Site_381","scheme_code28"
2007,"Species1",7,8e+05,3541398.67263068,3723455.60431057,"Site_381","scheme_code28"
2010,"Species1",5,8e+05,3541398.67263068,3723455.60431057,"Site_381","scheme_code28"
2011,"Species1",0,8e+05,3541398.67263068,3723455.60431057,"Site_381","scheme_code28"
2005,"Species1",4,8e+05,3541398.67263068,3723455.60431057,"Site_381","scheme_code28"
2006,"Species1",11,8e+05,3541398.67263068,3723455.60431057,"Site_381","scheme_code28"
2014,"Species1",5,8e+05,3541398.67263068,3723455.60431057,"Site_381","scheme_code28"
2017,"Species1",3,8e+05,3541398.67263068,3723455.60431057,"Site_381","scheme_code28"
2013,"Species1",5,8e+05,3541398.67263068,3723455.60431057,"Site_381","scheme_code28"
2018,"Species1",1,8e+05,3542216.23589467,3665084.52784033,"Site_382","scheme_code28"
2010,"Species1",0,8e+05,3542216.23589467,3665084.52784033,"Site_382","scheme_code28"
2021,"Species1",4,8e+05,3542216.23589467,3665084.52784033,"Site_382","scheme_code28"
2019,"Species1",1,8e+05,3542216.23589467,3665084.52784033,"Site_382","scheme_code28"
2011,"Species1",1,8e+05,3542216.23589467,3665084.52784033,"Site_382","scheme_code28"
2015,"Species1",8,8e+05,3541843.32461232,3671976.83018086,"Site_383","scheme_code28"
2018,"Species1",7,8e+05,3541843.32461232,3671976.83018086,"Site_383","scheme_code28"
2013,"Species1",7,8e+05,3541843.32461232,3671976.83018086,"Site_383","scheme_code28"
2011,"Species1",8,8e+05,3541843.32461232,3671976.83018086,"Site_383","scheme_code28"
2009,"Species1",9,8e+05,3541843.32461232,3671976.83018086,"Site_383","scheme_code28"
2006,"Species1",6,8e+05,3541843.32461232,3671976.83018086,"Site_383","scheme_code28"
2021,"Species1",7,8e+05,3541843.32461232,3671976.83018086,"Site_383","scheme_code28"
2014,"Species1",10,8e+05,3541843.32461232,3671976.83018086,"Site_383","scheme_code28"
2008,"Species1",9,8e+05,3541843.32461232,3671976.83018086,"Site_383","scheme_code28"
2012,"Species1",9,8e+05,3541843.32461232,3671976.83018086,"Site_383","scheme_code28"
2016,"Species1",11,8e+05,3541843.32461232,3671976.83018086,"Site_383","scheme_code28"
2017,"Species1",5,8e+05,3541843.32461232,3671976.83018086,"Site_383","scheme_code28"
2007,"Species1",8,8e+05,3541843.32461232,3671976.83018086,"Site_383","scheme_code28"
2019,"Species1",11,8e+05,3541843.32461232,3671976.83018086,"Site_383","scheme_code28"
2010,"Species1",9,8e+05,3541843.32461232,3671976.83018086,"Site_383","scheme_code28"
2017,"Species1",7,8e+05,3584332.15624702,3660313.38075563,"Site_384","scheme_code28"
2019,"Species1",7,8e+05,3584332.15624702,3660313.38075563,"Site_384","scheme_code28"
2012,"Species1",3,8e+05,3584332.15624702,3660313.38075563,"Site_384","scheme_code28"
2018,"Species1",8,8e+05,3584332.15624702,3660313.38075563,"Site_384","scheme_code28"
2021,"Species1",16,8e+05,3584332.15624702,3660313.38075563,"Site_384","scheme_code28"
2006,"Species1",5,8e+05,3584332.15624702,3660313.38075563,"Site_384","scheme_code28"
2014,"Species1",3,8e+05,3584332.15624702,3660313.38075563,"Site_384","scheme_code28"
2009,"Species1",4,8e+05,3391172.26159888,3664654.35889883,"Site_385","scheme_code28"
2008,"Species1",3,8e+05,3391172.26159888,3664654.35889883,"Site_385","scheme_code28"
2007,"Species1",5,8e+05,3391172.26159888,3664654.35889883,"Site_385","scheme_code28"
2017,"Species1",0,8e+05,3519110.14295723,3602981.13657626,"Site_386","scheme_code28"
2019,"Species1",2,8e+05,3519110.14295723,3602981.13657626,"Site_386","scheme_code28"
2018,"Species1",3,8e+05,3519110.14295723,3602981.13657626,"Site_386","scheme_code28"
2021,"Species1",4,8e+05,3519110.14295723,3602981.13657626,"Site_386","scheme_code28"
2008,"Species1",0,8e+05,3510461.34055829,3569506.61757462,"Site_387","scheme_code28"
2000,"Species1",0,8e+05,3510461.34055829,3569506.61757462,"Site_387","scheme_code28"
2006,"Species1",0,8e+05,3510461.34055829,3569506.61757462,"Site_387","scheme_code28"
2011,"Species1",0,8e+05,3510461.34055829,3569506.61757462,"Site_387","scheme_code28"
2007,"Species1",0,8e+05,3510461.34055829,3569506.61757462,"Site_387","scheme_code28"
2002,"Species1",0,8e+05,3510461.34055829,3569506.61757462,"Site_387","scheme_code28"
2005,"Species1",0,8e+05,3510461.34055829,3569506.61757462,"Site_387","scheme_code28"
2010,"Species1",0,8e+05,3510461.34055829,3569506.61757462,"Site_387","scheme_code28"
2003,"Species1",0,8e+05,3510461.34055829,3569506.61757462,"Site_387","scheme_code28"
2009,"Species1",0,8e+05,3510461.34055829,3569506.61757462,"Site_387","scheme_code28"
2004,"Species1",0,8e+05,3510461.34055829,3569506.61757462,"Site_387","scheme_code28"
2011,"Species1",0,8e+05,3569845.04242657,3602837.01250554,"Site_388","scheme_code28"
2007,"Species1",2,8e+05,3569845.04242657,3602837.01250554,"Site_388","scheme_code28"
2017,"Species1",0,8e+05,3569845.04242657,3602837.01250554,"Site_388","scheme_code28"
2016,"Species1",0,8e+05,3569845.04242657,3602837.01250554,"Site_388","scheme_code28"
2005,"Species1",0,8e+05,3569845.04242657,3602837.01250554,"Site_388","scheme_code28"
2019,"Species1",0,8e+05,3569845.04242657,3602837.01250554,"Site_388","scheme_code28"
2012,"Species1",0,8e+05,3569845.04242657,3602837.01250554,"Site_388","scheme_code28"
2018,"Species1",0,8e+05,3569845.04242657,3602837.01250554,"Site_388","scheme_code28"
2013,"Species1",0,8e+05,3569845.04242657,3602837.01250554,"Site_388","scheme_code28"
2003,"Species1",0,8e+05,3569845.04242657,3602837.01250554,"Site_388","scheme_code28"
2014,"Species1",0,8e+05,3569845.04242657,3602837.01250554,"Site_388","scheme_code28"
2009,"Species1",0,8e+05,3569845.04242657,3602837.01250554,"Site_388","scheme_code28"
2021,"Species1",0,8e+05,3569845.04242657,3602837.01250554,"Site_388","scheme_code28"
2006,"Species1",0,8e+05,3569845.04242657,3602837.01250554,"Site_388","scheme_code28"
2015,"Species1",0,8e+05,3569845.04242657,3602837.01250554,"Site_388","scheme_code28"
2008,"Species1",0,8e+05,3569845.04242657,3602837.01250554,"Site_388","scheme_code28"
2004,"Species1",0,8e+05,3569845.04242657,3602837.01250554,"Site_388","scheme_code28"
2010,"Species1",0,8e+05,3569845.04242657,3602837.01250554,"Site_388","scheme_code28"
2011,"Species1",9,8e+05,3589947.1193136,3616468.26238521,"Site_389","scheme_code28"
2019,"Species1",9,8e+05,3589947.1193136,3616468.26238521,"Site_389","scheme_code28"
2009,"Species1",9,8e+05,3589947.1193136,3616468.26238521,"Site_389","scheme_code28"
2006,"Species1",11,8e+05,3589947.1193136,3616468.26238521,"Site_389","scheme_code28"
2003,"Species1",13,8e+05,3589947.1193136,3616468.26238521,"Site_389","scheme_code28"
2013,"Species1",5,8e+05,3589947.1193136,3616468.26238521,"Site_389","scheme_code28"
2000,"Species1",22,8e+05,3589947.1193136,3616468.26238521,"Site_389","scheme_code28"
2015,"Species1",5,8e+05,3589947.1193136,3616468.26238521,"Site_389","scheme_code28"
2014,"Species1",5,8e+05,3589947.1193136,3616468.26238521,"Site_389","scheme_code28"
2008,"Species1",13,8e+05,3589947.1193136,3616468.26238521,"Site_389","scheme_code28"
2012,"Species1",11,8e+05,3589947.1193136,3616468.26238521,"Site_389","scheme_code28"
2021,"Species1",15,8e+05,3589947.1193136,3616468.26238521,"Site_389","scheme_code28"
2004,"Species1",11,8e+05,3589947.1193136,3616468.26238521,"Site_389","scheme_code28"
2010,"Species1",9,8e+05,3589947.1193136,3616468.26238521,"Site_389","scheme_code28"
2017,"Species1",9,8e+05,3589947.1193136,3616468.26238521,"Site_389","scheme_code28"
2007,"Species1",10,8e+05,3589947.1193136,3616468.26238521,"Site_389","scheme_code28"
2018,"Species1",7,8e+05,3589947.1193136,3616468.26238521,"Site_389","scheme_code28"
2002,"Species1",14,8e+05,3589947.1193136,3616468.26238521,"Site_389","scheme_code28"
2005,"Species1",14,8e+05,3589947.1193136,3616468.26238521,"Site_389","scheme_code28"
2016,"Species1",7,8e+05,3589947.1193136,3616468.26238521,"Site_389","scheme_code28"
2019,"Species1",4,8e+05,3569177.24907944,3579455.62116027,"Site_390","scheme_code28"
2021,"Species1",6,8e+05,3569177.24907944,3579455.62116027,"Site_390","scheme_code28"
2013,"Species1",4,8e+05,3581845.5209535,3550052.41104767,"Site_391","scheme_code28"
2018,"Species1",2,8e+05,3581845.5209535,3550052.41104767,"Site_391","scheme_code28"
2017,"Species1",4,8e+05,3581845.5209535,3550052.41104767,"Site_391","scheme_code28"
2019,"Species1",3,8e+05,3581845.5209535,3550052.41104767,"Site_391","scheme_code28"
2012,"Species1",4,8e+05,3581845.5209535,3550052.41104767,"Site_391","scheme_code28"
2021,"Species1",5,8e+05,3581845.5209535,3550052.41104767,"Site_391","scheme_code28"
2017,"Species1",1,8e+05,3593150.79743004,3615936.84762484,"Site_392","scheme_code28"
2019,"Species1",0,8e+05,3593150.79743004,3615936.84762484,"Site_392","scheme_code28"
2014,"Species1",1,8e+05,3593150.79743004,3615936.84762484,"Site_392","scheme_code28"
2021,"Species1",1,8e+05,3593150.79743004,3615936.84762484,"Site_392","scheme_code28"
2009,"Species1",0,8e+05,3593150.79743004,3615936.84762484,"Site_392","scheme_code28"
2016,"Species1",1,8e+05,3593150.79743004,3615936.84762484,"Site_392","scheme_code28"
2010,"Species1",0,8e+05,3593150.79743004,3615936.84762484,"Site_392","scheme_code28"
2019,"Species1",10,8e+05,3471475.06199628,3480166.79041364,"Site_393","scheme_code28"
2018,"Species1",6,8e+05,3471475.06199628,3480166.79041364,"Site_393","scheme_code28"
2016,"Species1",2,8e+05,3467396.99352358,3488093.32227759,"Site_394","scheme_code28"
2012,"Species1",0,8e+05,3467396.99352358,3488093.32227759,"Site_394","scheme_code28"
2011,"Species1",0,8e+05,3467396.99352358,3488093.32227759,"Site_394","scheme_code28"
2010,"Species1",0,8e+05,3467396.99352358,3488093.32227759,"Site_394","scheme_code28"
2006,"Species1",7,8e+05,3467396.99352358,3488093.32227759,"Site_394","scheme_code28"
2015,"Species1",2,8e+05,3467396.99352358,3488093.32227759,"Site_394","scheme_code28"
2009,"Species1",1,8e+05,3467396.99352358,3488093.32227759,"Site_394","scheme_code28"
2007,"Species1",0,8e+05,3467396.99352358,3488093.32227759,"Site_394","scheme_code28"
2008,"Species1",3,8e+05,3467396.99352358,3488093.32227759,"Site_394","scheme_code28"
2010,"Species1",1,8e+05,3513959.70826878,3489328.29017929,"Site_395","scheme_code28"
2018,"Species1",0,8e+05,3513959.70826878,3489328.29017929,"Site_395","scheme_code28"
2007,"Species1",4,8e+05,3513959.70826878,3489328.29017929,"Site_395","scheme_code28"
2011,"Species1",0,8e+05,3513959.70826878,3489328.29017929,"Site_395","scheme_code28"
2006,"Species1",2,8e+05,3513959.70826878,3489328.29017929,"Site_395","scheme_code28"
2019,"Species1",0,8e+05,3513959.70826878,3489328.29017929,"Site_395","scheme_code28"
2008,"Species1",1,8e+05,3513959.70826878,3489328.29017929,"Site_395","scheme_code28"
2017,"Species1",0,8e+05,3513959.70826878,3489328.29017929,"Site_395","scheme_code28"
2009,"Species1",0,8e+05,3513959.70826878,3489328.29017929,"Site_395","scheme_code28"
2005,"Species1",2,8e+05,3513959.70826878,3489328.29017929,"Site_395","scheme_code28"
2014,"Species1",1,8e+05,3522526.16513372,3469306.72436105,"Site_396","scheme_code28"
2012,"Species1",0,8e+05,3522526.16513372,3469306.72436105,"Site_396","scheme_code28"
2011,"Species1",5,8e+05,3522526.16513372,3469306.72436105,"Site_396","scheme_code28"
2005,"Species1",5,8e+05,3522526.16513372,3469306.72436105,"Site_396","scheme_code28"
2009,"Species1",5,8e+05,3522526.16513372,3469306.72436105,"Site_396","scheme_code28"
2013,"Species1",0,8e+05,3522526.16513372,3469306.72436105,"Site_396","scheme_code28"
2015,"Species1",0,8e+05,3522526.16513372,3469306.72436105,"Site_396","scheme_code28"
2008,"Species1",2,8e+05,3522526.16513372,3469306.72436105,"Site_396","scheme_code28"
2007,"Species1",7,8e+05,3522526.16513372,3469306.72436105,"Site_396","scheme_code28"
2006,"Species1",5,8e+05,3522526.16513372,3469306.72436105,"Site_396","scheme_code28"
2003,"Species1",6,8e+05,3522526.16513372,3469306.72436105,"Site_396","scheme_code28"
2002,"Species1",4,8e+05,3522526.16513372,3469306.72436105,"Site_396","scheme_code28"
2000,"Species1",10,8e+05,3522526.16513372,3469306.72436105,"Site_396","scheme_code28"
2010,"Species1",1,8e+05,3522526.16513372,3469306.72436105,"Site_396","scheme_code28"
2004,"Species1",6,8e+05,3522526.16513372,3469306.72436105,"Site_396","scheme_code28"
2016,"Species1",5,8e+05,3566614.36417759,3524881.72798573,"Site_397","scheme_code28"
2014,"Species1",7,8e+05,3566614.36417759,3524881.72798573,"Site_397","scheme_code28"
2008,"Species1",5,8e+05,3566614.36417759,3524881.72798573,"Site_397","scheme_code28"
2012,"Species1",4,8e+05,3566614.36417759,3524881.72798573,"Site_397","scheme_code28"
2011,"Species1",4,8e+05,3566614.36417759,3524881.72798573,"Site_397","scheme_code28"
2021,"Species1",3,8e+05,3566614.36417759,3524881.72798573,"Site_397","scheme_code28"
2017,"Species1",1,8e+05,3566614.36417759,3524881.72798573,"Site_397","scheme_code28"
2018,"Species1",3,8e+05,3566614.36417759,3524881.72798573,"Site_397","scheme_code28"
2013,"Species1",6,8e+05,3566614.36417759,3524881.72798573,"Site_397","scheme_code28"
2007,"Species1",8,8e+05,3566614.36417759,3524881.72798573,"Site_397","scheme_code28"
2010,"Species1",4,8e+05,3566614.36417759,3524881.72798573,"Site_397","scheme_code28"
2005,"Species1",1,8e+05,3566614.36417759,3524881.72798573,"Site_397","scheme_code28"
2009,"Species1",5,8e+05,3566614.36417759,3524881.72798573,"Site_397","scheme_code28"
2006,"Species1",4,8e+05,3566614.36417759,3524881.72798573,"Site_397","scheme_code28"
2019,"Species1",0,8e+05,3566614.36417759,3524881.72798573,"Site_397","scheme_code28"
2015,"Species1",2,8e+05,3566614.36417759,3524881.72798573,"Site_397","scheme_code28"
2004,"Species1",2,8e+05,3566614.36417759,3524881.72798573,"Site_397","scheme_code28"
2021,"Species1",7,8e+05,3570204.17186027,3476703.68733907,"Site_398","scheme_code28"
2013,"Species1",6,8e+05,3570204.17186027,3476703.68733907,"Site_398","scheme_code28"
2016,"Species1",4,8e+05,3570204.17186027,3476703.68733907,"Site_398","scheme_code28"
2019,"Species1",3,8e+05,3570204.17186027,3476703.68733907,"Site_398","scheme_code28"
2010,"Species1",7,8e+05,3570204.17186027,3476703.68733907,"Site_398","scheme_code28"
2011,"Species1",4,8e+05,3570204.17186027,3476703.68733907,"Site_398","scheme_code28"
2012,"Species1",5,8e+05,3570204.17186027,3476703.68733907,"Site_398","scheme_code28"
2018,"Species1",4,8e+05,3570204.17186027,3476703.68733907,"Site_398","scheme_code28"
2014,"Species1",5,8e+05,3570204.17186027,3476703.68733907,"Site_398","scheme_code28"
2015,"Species1",4,8e+05,3570204.17186027,3476703.68733907,"Site_398","scheme_code28"
2017,"Species1",4,8e+05,3570204.17186027,3476703.68733907,"Site_398","scheme_code28"
2011,"Species1",7,8e+05,3579025.20693464,3477561.94601,"Site_399","scheme_code28"
2010,"Species1",15,8e+05,3579025.20693464,3477561.94601,"Site_399","scheme_code28"
2014,"Species1",6,8e+05,3579025.20693464,3477561.94601,"Site_399","scheme_code28"
2012,"Species1",12,8e+05,3579025.20693464,3477561.94601,"Site_399","scheme_code28"
2013,"Species1",6,8e+05,3579025.20693464,3477561.94601,"Site_399","scheme_code28"
2008,"Species1",4,8e+05,3606204.43585567,3505741.51748204,"Site_400","scheme_code28"
2011,"Species1",2,8e+05,3606204.43585567,3505741.51748204,"Site_400","scheme_code28"
2005,"Species1",1,8e+05,3606204.43585567,3505741.51748204,"Site_400","scheme_code28"
2015,"Species1",1,8e+05,3606204.43585567,3505741.51748204,"Site_400","scheme_code28"
2017,"Species1",2,8e+05,3606204.43585567,3505741.51748204,"Site_400","scheme_code28"
2009,"Species1",3,8e+05,3606204.43585567,3505741.51748204,"Site_400","scheme_code28"
2014,"Species1",1,8e+05,3606204.43585567,3505741.51748204,"Site_400","scheme_code28"
2016,"Species1",2,8e+05,3606204.43585567,3505741.51748204,"Site_400","scheme_code28"
2006,"Species1",2,8e+05,3606204.43585567,3505741.51748204,"Site_400","scheme_code28"
2018,"Species1",2,8e+05,3606204.43585567,3505741.51748204,"Site_400","scheme_code28"
2007,"Species1",8,8e+05,3606204.43585567,3505741.51748204,"Site_400","scheme_code28"
2010,"Species1",2,8e+05,3606204.43585567,3505741.51748204,"Site_400","scheme_code28"
2019,"Species1",3,8e+05,3606204.43585567,3505741.51748204,"Site_400","scheme_code28"
2012,"Species1",2,8e+05,3606204.43585567,3505741.51748204,"Site_400","scheme_code28"
2013,"Species1",3,8e+05,3606204.43585567,3505741.51748204,"Site_400","scheme_code28"
2021,"Species1",2,8e+05,3606204.43585567,3505741.51748204,"Site_400","scheme_code28"
2009,"Species1",1,8e+05,3628029.93056046,3518417.24272611,"Site_401","scheme_code28"
2012,"Species1",0,8e+05,3628029.93056046,3518417.24272611,"Site_401","scheme_code28"
2013,"Species1",0,8e+05,3628029.93056046,3518417.24272611,"Site_401","scheme_code28"
2008,"Species1",5,8e+05,3628029.93056046,3518417.24272611,"Site_401","scheme_code28"
2010,"Species1",1,8e+05,3628029.93056046,3518417.24272611,"Site_401","scheme_code28"
2018,"Species1",4,8e+05,3625341.47057837,3487002.04021958,"Site_402","scheme_code28"
2013,"Species1",8,8e+05,3625341.47057837,3487002.04021958,"Site_402","scheme_code28"
2017,"Species1",7,8e+05,3625341.47057837,3487002.04021958,"Site_402","scheme_code28"
2014,"Species1",11,8e+05,3625341.47057837,3487002.04021958,"Site_402","scheme_code28"
2015,"Species1",12,8e+05,3625341.47057837,3487002.04021958,"Site_402","scheme_code28"
2019,"Species1",5,8e+05,3625341.47057837,3487002.04021958,"Site_402","scheme_code28"
2016,"Species1",8,8e+05,3625341.47057837,3487002.04021958,"Site_402","scheme_code28"
2013,"Species1",0,8e+05,3363655.10789768,3442568.52492569,"Site_403","scheme_code28"
2007,"Species1",2,8e+05,3363655.10789768,3442568.52492569,"Site_403","scheme_code28"
2010,"Species1",0,8e+05,3363655.10789768,3442568.52492569,"Site_403","scheme_code28"
2019,"Species1",2,8e+05,3363655.10789768,3442568.52492569,"Site_403","scheme_code28"
2011,"Species1",0,8e+05,3363655.10789768,3442568.52492569,"Site_403","scheme_code28"
2017,"Species1",6,8e+05,3363655.10789768,3442568.52492569,"Site_403","scheme_code28"
2008,"Species1",0,8e+05,3363655.10789768,3442568.52492569,"Site_403","scheme_code28"
2018,"Species1",2,8e+05,3363655.10789768,3442568.52492569,"Site_403","scheme_code28"
2021,"Species1",5,8e+05,3363655.10789768,3442568.52492569,"Site_403","scheme_code28"
2012,"Species1",0,8e+05,3363655.10789768,3442568.52492569,"Site_403","scheme_code28"
2016,"Species1",2,8e+05,3363655.10789768,3442568.52492569,"Site_403","scheme_code28"
2015,"Species1",2,8e+05,3363655.10789768,3442568.52492569,"Site_403","scheme_code28"
2011,"Species1",0,8e+05,3406404.16810261,3441904.38266479,"Site_404","scheme_code28"
2000,"Species1",0,8e+05,3406404.16810261,3441904.38266479,"Site_404","scheme_code28"
2005,"Species1",0,8e+05,3406404.16810261,3441904.38266479,"Site_404","scheme_code28"
2019,"Species1",0,8e+05,3406404.16810261,3441904.38266479,"Site_404","scheme_code28"
2003,"Species1",0,8e+05,3406404.16810261,3441904.38266479,"Site_404","scheme_code28"
2012,"Species1",0,8e+05,3406404.16810261,3441904.38266479,"Site_404","scheme_code28"
2018,"Species1",0,8e+05,3406404.16810261,3441904.38266479,"Site_404","scheme_code28"
2016,"Species1",0,8e+05,3406404.16810261,3441904.38266479,"Site_404","scheme_code28"
2010,"Species1",0,8e+05,3406404.16810261,3441904.38266479,"Site_404","scheme_code28"
2004,"Species1",0,8e+05,3406404.16810261,3441904.38266479,"Site_404","scheme_code28"
2017,"Species1",0,8e+05,3406404.16810261,3441904.38266479,"Site_404","scheme_code28"
2007,"Species1",0,8e+05,3406404.16810261,3441904.38266479,"Site_404","scheme_code28"
2014,"Species1",0,8e+05,3406404.16810261,3441904.38266479,"Site_404","scheme_code28"
2021,"Species1",0,8e+05,3406404.16810261,3441904.38266479,"Site_404","scheme_code28"
2006,"Species1",0,8e+05,3406404.16810261,3441904.38266479,"Site_404","scheme_code28"
2009,"Species1",0,8e+05,3406404.16810261,3441904.38266479,"Site_404","scheme_code28"
2015,"Species1",0,8e+05,3406404.16810261,3441904.38266479,"Site_404","scheme_code28"
2002,"Species1",2,8e+05,3406404.16810261,3441904.38266479,"Site_404","scheme_code28"
2013,"Species1",0,8e+05,3406404.16810261,3441904.38266479,"Site_404","scheme_code28"
2008,"Species1",0,8e+05,3406404.16810261,3441904.38266479,"Site_404","scheme_code28"
2007,"Species1",1,8e+05,3397598.43865656,3371871.98454137,"Site_405","scheme_code28"
2006,"Species1",3,8e+05,3397598.43865656,3371871.98454137,"Site_405","scheme_code28"
2003,"Species1",6,8e+05,3397598.43865656,3371871.98454137,"Site_405","scheme_code28"
2005,"Species1",5,8e+05,3397598.43865656,3371871.98454137,"Site_405","scheme_code28"
2002,"Species1",7,8e+05,3397598.43865656,3371871.98454137,"Site_405","scheme_code28"
2019,"Species1",7,8e+05,3397598.43865656,3371871.98454137,"Site_405","scheme_code28"
2004,"Species1",8,8e+05,3397598.43865656,3371871.98454137,"Site_405","scheme_code28"
2000,"Species1",7,8e+05,3397598.43865656,3371871.98454137,"Site_405","scheme_code28"
2013,"Species1",0,8e+05,3487467.3709495,3434520.49671224,"Site_406","scheme_code28"
2000,"Species1",0,8e+05,3487467.3709495,3434520.49671224,"Site_406","scheme_code28"
2009,"Species1",0,8e+05,3487467.3709495,3434520.49671224,"Site_406","scheme_code28"
2010,"Species1",0,8e+05,3487467.3709495,3434520.49671224,"Site_406","scheme_code28"
2011,"Species1",0,8e+05,3487467.3709495,3434520.49671224,"Site_406","scheme_code28"
2005,"Species1",0,8e+05,3487467.3709495,3434520.49671224,"Site_406","scheme_code28"
2012,"Species1",0,8e+05,3487467.3709495,3434520.49671224,"Site_406","scheme_code28"
2002,"Species1",0,8e+05,3487467.3709495,3434520.49671224,"Site_406","scheme_code28"
2006,"Species1",0,8e+05,3487467.3709495,3434520.49671224,"Site_406","scheme_code28"
2015,"Species1",0,8e+05,3487467.3709495,3434520.49671224,"Site_406","scheme_code28"
2004,"Species1",0,8e+05,3487467.3709495,3434520.49671224,"Site_406","scheme_code28"
2007,"Species1",0,8e+05,3487467.3709495,3434520.49671224,"Site_406","scheme_code28"
2003,"Species1",0,8e+05,3487467.3709495,3434520.49671224,"Site_406","scheme_code28"
2008,"Species1",0,8e+05,3487467.3709495,3434520.49671224,"Site_406","scheme_code28"
2015,"Species1",0,8e+05,3481824.60734786,3410007.64783988,"Site_407","scheme_code28"
2007,"Species1",0,8e+05,3481824.60734786,3410007.64783988,"Site_407","scheme_code28"
2004,"Species1",1,8e+05,3481824.60734786,3410007.64783988,"Site_407","scheme_code28"
2009,"Species1",0,8e+05,3481824.60734786,3410007.64783988,"Site_407","scheme_code28"
2012,"Species1",0,8e+05,3481824.60734786,3410007.64783988,"Site_407","scheme_code28"
2008,"Species1",1,8e+05,3481824.60734786,3410007.64783988,"Site_407","scheme_code28"
2000,"Species1",0,8e+05,3481824.60734786,3410007.64783988,"Site_407","scheme_code28"
2002,"Species1",0,8e+05,3481824.60734786,3410007.64783988,"Site_407","scheme_code28"
2006,"Species1",0,8e+05,3481824.60734786,3410007.64783988,"Site_407","scheme_code28"
2011,"Species1",0,8e+05,3481824.60734786,3410007.64783988,"Site_407","scheme_code28"
2003,"Species1",1,8e+05,3481824.60734786,3410007.64783988,"Site_407","scheme_code28"
2005,"Species1",0,8e+05,3481824.60734786,3410007.64783988,"Site_407","scheme_code28"
2012,"Species1",4,8e+05,3480869.60951838,3397098.20827583,"Site_408","scheme_code28"
2016,"Species1",0,8e+05,3480869.60951838,3397098.20827583,"Site_408","scheme_code28"
2006,"Species1",3,8e+05,3480869.60951838,3397098.20827583,"Site_408","scheme_code28"
2010,"Species1",9,8e+05,3480869.60951838,3397098.20827583,"Site_408","scheme_code28"
2009,"Species1",4,8e+05,3480869.60951838,3397098.20827583,"Site_408","scheme_code28"
2017,"Species1",0,8e+05,3480869.60951838,3397098.20827583,"Site_408","scheme_code28"
2008,"Species1",2,8e+05,3480869.60951838,3397098.20827583,"Site_408","scheme_code28"
2007,"Species1",2,8e+05,3480869.60951838,3397098.20827583,"Site_408","scheme_code28"
2010,"Species1",0,8e+05,3483469.31572581,3381157.91867868,"Site_409","scheme_code28"
2006,"Species1",0,8e+05,3483469.31572581,3381157.91867868,"Site_409","scheme_code28"
2014,"Species1",0,8e+05,3483469.31572581,3381157.91867868,"Site_409","scheme_code28"
2015,"Species1",1,8e+05,3483469.31572581,3381157.91867868,"Site_409","scheme_code28"
2013,"Species1",0,8e+05,3483469.31572581,3381157.91867868,"Site_409","scheme_code28"
2016,"Species1",2,8e+05,3483469.31572581,3381157.91867868,"Site_409","scheme_code28"
2000,"Species1",0,8e+05,3483469.31572581,3381157.91867868,"Site_409","scheme_code28"
2018,"Species1",0,8e+05,3483469.31572581,3381157.91867868,"Site_409","scheme_code28"
2004,"Species1",0,8e+05,3483469.31572581,3381157.91867868,"Site_409","scheme_code28"
2008,"Species1",1,8e+05,3483469.31572581,3381157.91867868,"Site_409","scheme_code28"
2021,"Species1",0,8e+05,3483469.31572581,3381157.91867868,"Site_409","scheme_code28"
2009,"Species1",0,8e+05,3483469.31572581,3381157.91867868,"Site_409","scheme_code28"
2019,"Species1",0,8e+05,3483469.31572581,3381157.91867868,"Site_409","scheme_code28"
2002,"Species1",1,8e+05,3483469.31572581,3381157.91867868,"Site_409","scheme_code28"
2017,"Species1",2,8e+05,3483469.31572581,3381157.91867868,"Site_409","scheme_code28"
2003,"Species1",2,8e+05,3483469.31572581,3381157.91867868,"Site_409","scheme_code28"
2011,"Species1",0,8e+05,3483469.31572581,3381157.91867868,"Site_409","scheme_code28"
2007,"Species1",0,8e+05,3483469.31572581,3381157.91867868,"Site_409","scheme_code28"
2005,"Species1",0,8e+05,3483469.31572581,3381157.91867868,"Site_409","scheme_code28"
2017,"Species1",1,8e+05,3498331.50082005,3423669.11972465,"Site_410","scheme_code28"
2021,"Species1",0,8e+05,3498331.50082005,3423669.11972465,"Site_410","scheme_code28"
2018,"Species1",0,8e+05,3498331.50082005,3423669.11972465,"Site_410","scheme_code28"
2006,"Species1",0,8e+05,3498331.50082005,3423669.11972465,"Site_410","scheme_code28"
2013,"Species1",0,8e+05,3498331.50082005,3423669.11972465,"Site_410","scheme_code28"
2010,"Species1",0,8e+05,3498331.50082005,3423669.11972465,"Site_410","scheme_code28"
2012,"Species1",0,8e+05,3498331.50082005,3423669.11972465,"Site_410","scheme_code28"
2005,"Species1",0,8e+05,3498331.50082005,3423669.11972465,"Site_410","scheme_code28"
2011,"Species1",0,8e+05,3498331.50082005,3423669.11972465,"Site_410","scheme_code28"
2008,"Species1",1,8e+05,3498331.50082005,3423669.11972465,"Site_410","scheme_code28"
2007,"Species1",0,8e+05,3498331.50082005,3423669.11972465,"Site_410","scheme_code28"
2009,"Species1",1,8e+05,3498331.50082005,3423669.11972465,"Site_410","scheme_code28"
2011,"Species1",0,8e+05,3518067.52107755,3451600.42807855,"Site_411","scheme_code28"
2005,"Species1",0,8e+05,3518067.52107755,3451600.42807855,"Site_411","scheme_code28"
2003,"Species1",0,8e+05,3518067.52107755,3451600.42807855,"Site_411","scheme_code28"
2002,"Species1",0,8e+05,3518067.52107755,3451600.42807855,"Site_411","scheme_code28"
2009,"Species1",0,8e+05,3518067.52107755,3451600.42807855,"Site_411","scheme_code28"
2012,"Species1",0,8e+05,3518067.52107755,3451600.42807855,"Site_411","scheme_code28"
2000,"Species1",0,8e+05,3518067.52107755,3451600.42807855,"Site_411","scheme_code28"
2007,"Species1",0,8e+05,3518067.52107755,3451600.42807855,"Site_411","scheme_code28"
2006,"Species1",0,8e+05,3518067.52107755,3451600.42807855,"Site_411","scheme_code28"
2008,"Species1",1,8e+05,3518067.52107755,3451600.42807855,"Site_411","scheme_code28"
2004,"Species1",0,8e+05,3518067.52107755,3451600.42807855,"Site_411","scheme_code28"
2010,"Species1",2,8e+05,3515524.76632282,3426483.98200448,"Site_412","scheme_code28"
2007,"Species1",31,8e+05,3515524.76632282,3426483.98200448,"Site_412","scheme_code28"
2013,"Species1",5,8e+05,3515524.76632282,3426483.98200448,"Site_412","scheme_code28"
2008,"Species1",1,8e+05,3515524.76632282,3426483.98200448,"Site_412","scheme_code28"
2009,"Species1",1,8e+05,3515524.76632282,3426483.98200448,"Site_412","scheme_code28"
2012,"Species1",3,8e+05,3515524.76632282,3426483.98200448,"Site_412","scheme_code28"
2011,"Species1",5,8e+05,3530750.54016347,3432660.50662479,"Site_413","scheme_code28"
2013,"Species1",0,8e+05,3530750.54016347,3432660.50662479,"Site_413","scheme_code28"
2010,"Species1",0,8e+05,3530750.54016347,3432660.50662479,"Site_413","scheme_code28"
2003,"Species1",0,8e+05,3530750.54016347,3432660.50662479,"Site_413","scheme_code28"
2000,"Species1",0,8e+05,3530750.54016347,3432660.50662479,"Site_413","scheme_code28"
2009,"Species1",0,8e+05,3530750.54016347,3432660.50662479,"Site_413","scheme_code28"
2012,"Species1",0,8e+05,3530750.54016347,3432660.50662479,"Site_413","scheme_code28"
2007,"Species1",0,8e+05,3530750.54016347,3432660.50662479,"Site_413","scheme_code28"
2006,"Species1",0,8e+05,3530750.54016347,3432660.50662479,"Site_413","scheme_code28"
2008,"Species1",0,8e+05,3530750.54016347,3432660.50662479,"Site_413","scheme_code28"
2004,"Species1",0,8e+05,3530750.54016347,3432660.50662479,"Site_413","scheme_code28"
2005,"Species1",0,8e+05,3530750.54016347,3432660.50662479,"Site_413","scheme_code28"
2019,"Species1",1,8e+05,3530750.54016347,3432660.50662479,"Site_413","scheme_code28"
2021,"Species1",4,8e+05,3530750.54016347,3432660.50662479,"Site_413","scheme_code28"
2015,"Species1",0,8e+05,3530750.54016347,3432660.50662479,"Site_413","scheme_code28"
2016,"Species1",2,8e+05,3530750.54016347,3432660.50662479,"Site_413","scheme_code28"
2014,"Species1",2,8e+05,3530750.54016347,3432660.50662479,"Site_413","scheme_code28"
2018,"Species1",2,8e+05,3530750.54016347,3432660.50662479,"Site_413","scheme_code28"
2017,"Species1",3,8e+05,3530750.54016347,3432660.50662479,"Site_413","scheme_code28"
2002,"Species1",8,8e+05,3554742.69652375,3397996.28594076,"Site_414","scheme_code28"
2013,"Species1",2,8e+05,3554742.69652375,3397996.28594076,"Site_414","scheme_code28"
2008,"Species1",8,8e+05,3554742.69652375,3397996.28594076,"Site_414","scheme_code28"
2015,"Species1",4,8e+05,3554742.69652375,3397996.28594076,"Site_414","scheme_code28"
2006,"Species1",7,8e+05,3554742.69652375,3397996.28594076,"Site_414","scheme_code28"
2004,"Species1",8,8e+05,3554742.69652375,3397996.28594076,"Site_414","scheme_code28"
2000,"Species1",7,8e+05,3554742.69652375,3397996.28594076,"Site_414","scheme_code28"
2016,"Species1",8,8e+05,3554742.69652375,3397996.28594076,"Site_414","scheme_code28"
2014,"Species1",6,8e+05,3554742.69652375,3397996.28594076,"Site_414","scheme_code28"
2007,"Species1",11,8e+05,3554742.69652375,3397996.28594076,"Site_414","scheme_code28"
2010,"Species1",12,8e+05,3554742.69652375,3397996.28594076,"Site_414","scheme_code28"
2005,"Species1",12,8e+05,3554742.69652375,3397996.28594076,"Site_414","scheme_code28"
2003,"Species1",7,8e+05,3554742.69652375,3397996.28594076,"Site_414","scheme_code28"
2021,"Species1",4,8e+05,3576491.63775469,3351685.65100383,"Site_415","scheme_code28"
2021,"Species1",4,8e+05,3598449.94167868,3402362.19572058,"Site_416","scheme_code28"
2009,"Species1",10,8e+05,3598449.94167868,3402362.19572058,"Site_416","scheme_code28"
2019,"Species1",3,8e+05,3598449.94167868,3402362.19572058,"Site_416","scheme_code28"
2018,"Species1",1,8e+05,3598449.94167868,3402362.19572058,"Site_416","scheme_code28"
2012,"Species1",12,8e+05,3599246.04707764,3366786.23948229,"Site_417","scheme_code28"
2019,"Species1",5,8e+05,3599246.04707764,3366786.23948229,"Site_417","scheme_code28"
2009,"Species1",7,8e+05,3599246.04707764,3366786.23948229,"Site_417","scheme_code28"
2016,"Species1",16,8e+05,3599246.04707764,3366786.23948229,"Site_417","scheme_code28"
2005,"Species1",0,8e+05,3599246.04707764,3366786.23948229,"Site_417","scheme_code28"
2013,"Species1",26,8e+05,3599246.04707764,3366786.23948229,"Site_417","scheme_code28"
2007,"Species1",2,8e+05,3599246.04707764,3366786.23948229,"Site_417","scheme_code28"
2006,"Species1",1,8e+05,3599246.04707764,3366786.23948229,"Site_417","scheme_code28"
2021,"Species1",15,8e+05,3599246.04707764,3366786.23948229,"Site_417","scheme_code28"
2014,"Species1",8,8e+05,3599246.04707764,3366786.23948229,"Site_417","scheme_code28"
2017,"Species1",16,8e+05,3599246.04707764,3366786.23948229,"Site_417","scheme_code28"
2008,"Species1",3,8e+05,3599246.04707764,3366786.23948229,"Site_417","scheme_code28"
2015,"Species1",11,8e+05,3599246.04707764,3366786.23948229,"Site_417","scheme_code28"
2009,"Species1",0,8e+05,3285586.07037814,3282517.3895091,"Site_418","scheme_code28"
2004,"Species1",0,8e+05,3285586.07037814,3282517.3895091,"Site_418","scheme_code28"
2021,"Species1",2,8e+05,3285586.07037814,3282517.3895091,"Site_418","scheme_code28"
2005,"Species1",2,8e+05,3285586.07037814,3282517.3895091,"Site_418","scheme_code28"
2006,"Species1",0,8e+05,3285586.07037814,3282517.3895091,"Site_418","scheme_code28"
2008,"Species1",2,8e+05,3285586.07037814,3282517.3895091,"Site_418","scheme_code28"
2003,"Species1",1,8e+05,3285586.07037814,3282517.3895091,"Site_418","scheme_code28"
2007,"Species1",1,8e+05,3285586.07037814,3282517.3895091,"Site_418","scheme_code28"
2010,"Species1",0,8e+05,3285586.07037814,3282517.3895091,"Site_418","scheme_code28"
2006,"Species1",2,8e+05,3294083.00339959,3306752.40167519,"Site_419","scheme_code28"
2012,"Species1",1,8e+05,3294083.00339959,3306752.40167519,"Site_419","scheme_code28"
2015,"Species1",0,8e+05,3294083.00339959,3306752.40167519,"Site_419","scheme_code28"
2016,"Species1",1,8e+05,3294083.00339959,3306752.40167519,"Site_419","scheme_code28"
2014,"Species1",0,8e+05,3294083.00339959,3306752.40167519,"Site_419","scheme_code28"
2017,"Species1",2,8e+05,3294083.00339959,3306752.40167519,"Site_419","scheme_code28"
2010,"Species1",1,8e+05,3294083.00339959,3306752.40167519,"Site_419","scheme_code28"
2007,"Species1",2,8e+05,3294083.00339959,3306752.40167519,"Site_419","scheme_code28"
2013,"Species1",1,8e+05,3294083.00339959,3306752.40167519,"Site_419","scheme_code28"
2003,"Species1",2,8e+05,3294083.00339959,3306752.40167519,"Site_419","scheme_code28"
2002,"Species1",2,8e+05,3294083.00339959,3306752.40167519,"Site_419","scheme_code28"
2018,"Species1",1,8e+05,3294083.00339959,3306752.40167519,"Site_419","scheme_code28"
2011,"Species1",1,8e+05,3294083.00339959,3306752.40167519,"Site_419","scheme_code28"
2021,"Species1",2,8e+05,3294083.00339959,3306752.40167519,"Site_419","scheme_code28"
2005,"Species1",2,8e+05,3294083.00339959,3306752.40167519,"Site_419","scheme_code28"
2004,"Species1",0,8e+05,3294083.00339959,3306752.40167519,"Site_419","scheme_code28"
2019,"Species1",2,8e+05,3294083.00339959,3306752.40167519,"Site_419","scheme_code28"
2008,"Species1",1,8e+05,3294083.00339959,3306752.40167519,"Site_419","scheme_code28"
2009,"Species1",1,8e+05,3294083.00339959,3306752.40167519,"Site_419","scheme_code28"
2004,"Species1",1,8e+05,3296247.84348924,3314819.25272368,"Site_420","scheme_code28"
2015,"Species1",0,8e+05,3296247.84348924,3314819.25272368,"Site_420","scheme_code28"
2006,"Species1",1,8e+05,3296247.84348924,3314819.25272368,"Site_420","scheme_code28"
2021,"Species1",0,8e+05,3296247.84348924,3314819.25272368,"Site_420","scheme_code28"
2019,"Species1",0,8e+05,3296247.84348924,3314819.25272368,"Site_420","scheme_code28"
2009,"Species1",0,8e+05,3296247.84348924,3314819.25272368,"Site_420","scheme_code28"
2017,"Species1",0,8e+05,3296247.84348924,3314819.25272368,"Site_420","scheme_code28"
2016,"Species1",0,8e+05,3296247.84348924,3314819.25272368,"Site_420","scheme_code28"
2010,"Species1",0,8e+05,3366352.05167162,3314755.79191385,"Site_421","scheme_code28"
2004,"Species1",1,8e+05,3366352.05167162,3314755.79191385,"Site_421","scheme_code28"
2014,"Species1",0,8e+05,3366352.05167162,3314755.79191385,"Site_421","scheme_code28"
2009,"Species1",1,8e+05,3366352.05167162,3314755.79191385,"Site_421","scheme_code28"
2005,"Species1",0,8e+05,3366352.05167162,3314755.79191385,"Site_421","scheme_code28"
2008,"Species1",0,8e+05,3366352.05167162,3314755.79191385,"Site_421","scheme_code28"
2021,"Species1",0,8e+05,3366352.05167162,3314755.79191385,"Site_421","scheme_code28"
2018,"Species1",0,8e+05,3366352.05167162,3314755.79191385,"Site_421","scheme_code28"
2006,"Species1",0,8e+05,3366352.05167162,3314755.79191385,"Site_421","scheme_code28"
2003,"Species1",0,8e+05,3366352.05167162,3314755.79191385,"Site_421","scheme_code28"
2019,"Species1",0,8e+05,3366352.05167162,3314755.79191385,"Site_421","scheme_code28"
2007,"Species1",0,8e+05,3366352.05167162,3314755.79191385,"Site_421","scheme_code28"
2002,"Species1",0,8e+05,3366352.05167162,3314755.79191385,"Site_421","scheme_code28"
2017,"Species1",0,8e+05,3366352.05167162,3314755.79191385,"Site_421","scheme_code28"
2013,"Species1",0,8e+05,3366352.05167162,3314755.79191385,"Site_421","scheme_code28"
2016,"Species1",1,8e+05,3366352.05167162,3314755.79191385,"Site_421","scheme_code28"
2012,"Species1",1,8e+05,3366352.05167162,3314755.79191385,"Site_421","scheme_code28"
2015,"Species1",0,8e+05,3366352.05167162,3314755.79191385,"Site_421","scheme_code28"
2011,"Species1",0,8e+05,3366352.05167162,3314755.79191385,"Site_421","scheme_code28"
2005,"Species1",10,8e+05,3365041.34550355,3313158.35489782,"Site_422","scheme_code28"
2003,"Species1",12,8e+05,3365041.34550355,3313158.35489782,"Site_422","scheme_code28"
2000,"Species1",12,8e+05,3365041.34550355,3313158.35489782,"Site_422","scheme_code28"
2002,"Species1",13,8e+05,3365041.34550355,3313158.35489782,"Site_422","scheme_code28"
2004,"Species1",8,8e+05,3365041.34550355,3313158.35489782,"Site_422","scheme_code28"
2008,"Species1",0,8e+05,3443176.11911185,3280603.55383782,"Site_423","scheme_code28"
2007,"Species1",0,8e+05,3443176.11911185,3280603.55383782,"Site_423","scheme_code28"
2018,"Species1",0,8e+05,3443176.11911185,3280603.55383782,"Site_423","scheme_code28"
2009,"Species1",0,8e+05,3443176.11911185,3280603.55383782,"Site_423","scheme_code28"
2017,"Species1",0,8e+05,3443176.11911185,3280603.55383782,"Site_423","scheme_code28"
2000,"Species1",0,8e+05,3443176.11911185,3280603.55383782,"Site_423","scheme_code28"
2005,"Species1",0,8e+05,3443176.11911185,3280603.55383782,"Site_423","scheme_code28"
2006,"Species1",0,8e+05,3443176.11911185,3280603.55383782,"Site_423","scheme_code28"
2019,"Species1",0,8e+05,3443176.11911185,3280603.55383782,"Site_423","scheme_code28"
2021,"Species1",0,8e+05,3443176.11911185,3280603.55383782,"Site_423","scheme_code28"
2010,"Species1",0,8e+05,3443176.11911185,3280603.55383782,"Site_423","scheme_code28"
2016,"Species1",1,8e+05,3443176.11911185,3280603.55383782,"Site_423","scheme_code28"
2012,"Species1",4,8e+05,3473895.23586285,3353203.08599762,"Site_424","scheme_code28"
2014,"Species1",5,8e+05,3473895.23586285,3353203.08599762,"Site_424","scheme_code28"
2013,"Species1",1,8e+05,3473895.23586285,3353203.08599762,"Site_424","scheme_code28"
2015,"Species1",2,8e+05,3473895.23586285,3353203.08599762,"Site_424","scheme_code28"
2017,"Species1",4,8e+05,3473895.23586285,3353203.08599762,"Site_424","scheme_code28"
2016,"Species1",6,8e+05,3473895.23586285,3353203.08599762,"Site_424","scheme_code28"
2018,"Species1",0,8e+05,3462798.26148892,3261190.34065252,"Site_425","scheme_code28"
2021,"Species1",0,8e+05,3462798.26148892,3261190.34065252,"Site_425","scheme_code28"
2015,"Species1",0,8e+05,3462798.26148892,3261190.34065252,"Site_425","scheme_code28"
2017,"Species1",1,8e+05,3462798.26148892,3261190.34065252,"Site_425","scheme_code28"
2016,"Species1",0,8e+05,3462798.26148892,3261190.34065252,"Site_425","scheme_code28"
2019,"Species1",0,8e+05,3462798.26148892,3261190.34065252,"Site_425","scheme_code28"
2016,"Species1",5,8e+05,3481089.34972747,3312015.26003472,"Site_426","scheme_code28"
2007,"Species1",7,8e+05,3481089.34972747,3312015.26003472,"Site_426","scheme_code28"
2000,"Species1",1,8e+05,3481089.34972747,3312015.26003472,"Site_426","scheme_code28"
2004,"Species1",4,8e+05,3481089.34972747,3312015.26003472,"Site_426","scheme_code28"
2002,"Species1",4,8e+05,3481089.34972747,3312015.26003472,"Site_426","scheme_code28"
2006,"Species1",3,8e+05,3481089.34972747,3312015.26003472,"Site_426","scheme_code28"
2017,"Species1",6,8e+05,3481089.34972747,3312015.26003472,"Site_426","scheme_code28"
2003,"Species1",2,8e+05,3481089.34972747,3312015.26003472,"Site_426","scheme_code28"
2012,"Species1",1,8e+05,3464769.61804791,3266055.52532494,"Site_427","scheme_code28"
2019,"Species1",1,8e+05,3464769.61804791,3266055.52532494,"Site_427","scheme_code28"
2011,"Species1",1,8e+05,3464769.61804791,3266055.52532494,"Site_427","scheme_code28"
2007,"Species1",1,8e+05,3464769.61804791,3266055.52532494,"Site_427","scheme_code28"
2021,"Species1",2,8e+05,3464769.61804791,3266055.52532494,"Site_427","scheme_code28"
2014,"Species1",0,8e+05,3464769.61804791,3266055.52532494,"Site_427","scheme_code28"
2010,"Species1",0,8e+05,3464769.61804791,3266055.52532494,"Site_427","scheme_code28"
2013,"Species1",0,8e+05,3464769.61804791,3266055.52532494,"Site_427","scheme_code28"
2009,"Species1",1,8e+05,3464769.61804791,3266055.52532494,"Site_427","scheme_code28"
2018,"Species1",1,8e+05,3464769.61804791,3266055.52532494,"Site_427","scheme_code28"
2016,"Species1",1,8e+05,3464769.61804791,3266055.52532494,"Site_427","scheme_code28"
2008,"Species1",1,8e+05,3464769.61804791,3266055.52532494,"Site_427","scheme_code28"
2015,"Species1",1,8e+05,3464769.61804791,3266055.52532494,"Site_427","scheme_code28"
2017,"Species1",2,8e+05,3464769.61804791,3266055.52532494,"Site_427","scheme_code28"
2006,"Species1",2,8e+05,3487319.47014417,3257947.29593789,"Site_428","scheme_code28"
2009,"Species1",0,8e+05,3487319.47014417,3257947.29593789,"Site_428","scheme_code28"
2018,"Species1",8,8e+05,3487319.47014417,3257947.29593789,"Site_428","scheme_code28"
2008,"Species1",0,8e+05,3487319.47014417,3257947.29593789,"Site_428","scheme_code28"
2011,"Species1",2,8e+05,3487319.47014417,3257947.29593789,"Site_428","scheme_code28"
2013,"Species1",3,8e+05,3487319.47014417,3257947.29593789,"Site_428","scheme_code28"
2007,"Species1",5,8e+05,3487319.47014417,3257947.29593789,"Site_428","scheme_code28"
2015,"Species1",1,8e+05,3487319.47014417,3257947.29593789,"Site_428","scheme_code28"
2014,"Species1",2,8e+05,3487319.47014417,3257947.29593789,"Site_428","scheme_code28"
2010,"Species1",0,8e+05,3487319.47014417,3257947.29593789,"Site_428","scheme_code28"
2017,"Species1",5,8e+05,3487319.47014417,3257947.29593789,"Site_428","scheme_code28"
2016,"Species1",1,8e+05,3487319.47014417,3257947.29593789,"Site_428","scheme_code28"
2006,"Species1",4,8e+05,3495913.83469425,3298446.95037846,"Site_429","scheme_code28"
2018,"Species1",1,8e+05,3495913.83469425,3298446.95037846,"Site_429","scheme_code28"
2007,"Species1",1,8e+05,3495913.83469425,3298446.95037846,"Site_429","scheme_code28"
2016,"Species1",0,8e+05,3495913.83469425,3298446.95037846,"Site_429","scheme_code28"
2004,"Species1",2,8e+05,3495913.83469425,3298446.95037846,"Site_429","scheme_code28"
2000,"Species1",5,8e+05,3495913.83469425,3298446.95037846,"Site_429","scheme_code28"
2012,"Species1",0,8e+05,3495913.83469425,3298446.95037846,"Site_429","scheme_code28"
2010,"Species1",3,8e+05,3495913.83469425,3298446.95037846,"Site_429","scheme_code28"
2014,"Species1",1,8e+05,3495913.83469425,3298446.95037846,"Site_429","scheme_code28"
2011,"Species1",2,8e+05,3495913.83469425,3298446.95037846,"Site_429","scheme_code28"
2017,"Species1",0,8e+05,3495913.83469425,3298446.95037846,"Site_429","scheme_code28"
2013,"Species1",0,8e+05,3495913.83469425,3298446.95037846,"Site_429","scheme_code28"
2008,"Species1",4,8e+05,3495913.83469425,3298446.95037846,"Site_429","scheme_code28"
2002,"Species1",4,8e+05,3495913.83469425,3298446.95037846,"Site_429","scheme_code28"
2003,"Species1",5,8e+05,3495913.83469425,3298446.95037846,"Site_429","scheme_code28"
2005,"Species1",7,8e+05,3495913.83469425,3298446.95037846,"Site_429","scheme_code28"
2009,"Species1",3,8e+05,3495913.83469425,3298446.95037846,"Site_429","scheme_code28"
2006,"Species1",2,8e+05,3504501.77110303,3298609.80895389,"Site_430","scheme_code28"
2007,"Species1",3,8e+05,3504501.77110303,3298609.80895389,"Site_430","scheme_code28"
2008,"Species1",3,8e+05,3504501.77110303,3298609.80895389,"Site_430","scheme_code28"
2021,"Species1",3,8e+05,3504501.77110303,3298609.80895389,"Site_430","scheme_code28"
2007,"Species1",24,8e+05,3513634.95094619,3266533.07691383,"Site_431","scheme_code28"
2008,"Species1",19,8e+05,3513634.95094619,3266533.07691383,"Site_431","scheme_code28"
2010,"Species1",41,8e+05,3513634.95094619,3266533.07691383,"Site_431","scheme_code28"
2013,"Species1",32,8e+05,3513634.95094619,3266533.07691383,"Site_431","scheme_code28"
2009,"Species1",26,8e+05,3513634.95094619,3266533.07691383,"Site_431","scheme_code28"
2012,"Species1",17,8e+05,3513634.95094619,3266533.07691383,"Site_431","scheme_code28"
2021,"Species1",1,8e+05,3512420.07184601,3306376.22876999,"Site_432","scheme_code28"
2019,"Species1",2,8e+05,3512420.07184601,3306376.22876999,"Site_432","scheme_code28"
2021,"Species1",7,8e+05,3524908.11596852,3256582.008032,"Site_433","scheme_code28"
2011,"Species1",3,8e+05,3524908.11596852,3256582.008032,"Site_433","scheme_code28"
2018,"Species1",3,8e+05,3524908.11596852,3256582.008032,"Site_433","scheme_code28"
2012,"Species1",2,8e+05,3524908.11596852,3256582.008032,"Site_433","scheme_code28"
2000,"Species1",4,8e+05,3524908.11596852,3256582.008032,"Site_433","scheme_code28"
2007,"Species1",6,8e+05,3524908.11596852,3256582.008032,"Site_433","scheme_code28"
2010,"Species1",3,8e+05,3524908.11596852,3256582.008032,"Site_433","scheme_code28"
2019,"Species1",7,8e+05,3524908.11596852,3256582.008032,"Site_433","scheme_code28"
2004,"Species1",4,8e+05,3524908.11596852,3256582.008032,"Site_433","scheme_code28"
2003,"Species1",5,8e+05,3524908.11596852,3256582.008032,"Site_433","scheme_code28"
2016,"Species1",5,8e+05,3524908.11596852,3256582.008032,"Site_433","scheme_code28"
2014,"Species1",2,8e+05,3524908.11596852,3256582.008032,"Site_433","scheme_code28"
2009,"Species1",5,8e+05,3524908.11596852,3256582.008032,"Site_433","scheme_code28"
2017,"Species1",7,8e+05,3524908.11596852,3256582.008032,"Site_433","scheme_code28"
2013,"Species1",4,8e+05,3524908.11596852,3256582.008032,"Site_433","scheme_code28"
2011,"Species1",0,8e+05,3572282.43747256,3321125.69014389,"Site_434","scheme_code28"
2010,"Species1",0,8e+05,3572282.43747256,3321125.69014389,"Site_434","scheme_code28"
2008,"Species1",2,8e+05,3572282.43747256,3321125.69014389,"Site_434","scheme_code28"
2014,"Species1",2,8e+05,3572282.43747256,3321125.69014389,"Site_434","scheme_code28"
2009,"Species1",1,8e+05,3572282.43747256,3321125.69014389,"Site_434","scheme_code28"
2006,"Species1",2,8e+05,3572282.43747256,3321125.69014389,"Site_434","scheme_code28"
2013,"Species1",1,8e+05,3572282.43747256,3321125.69014389,"Site_434","scheme_code28"
2007,"Species1",1,8e+05,3572282.43747256,3321125.69014389,"Site_434","scheme_code28"
2012,"Species1",0,8e+05,3572282.43747256,3321125.69014389,"Site_434","scheme_code28"
2005,"Species1",2,8e+05,3572282.43747256,3321125.69014389,"Site_434","scheme_code28"
2021,"Species1",7,8e+05,3558236.86729657,3253169.29688672,"Site_435","scheme_code28"
2019,"Species1",8,8e+05,3558236.86729657,3253169.29688672,"Site_435","scheme_code28"
2007,"Species1",9,8e+05,3567503.75510654,3232013.71552607,"Site_436","scheme_code28"
2000,"Species1",7,8e+05,3567503.75510654,3232013.71552607,"Site_436","scheme_code28"
2015,"Species1",6,8e+05,3567503.75510654,3232013.71552607,"Site_436","scheme_code28"
2017,"Species1",12,8e+05,3567503.75510654,3232013.71552607,"Site_436","scheme_code28"
2021,"Species1",15,8e+05,3567503.75510654,3232013.71552607,"Site_436","scheme_code28"
2002,"Species1",10,8e+05,3567503.75510654,3232013.71552607,"Site_436","scheme_code28"
2004,"Species1",7,8e+05,3567503.75510654,3232013.71552607,"Site_436","scheme_code28"
2005,"Species1",5,8e+05,3567503.75510654,3232013.71552607,"Site_436","scheme_code28"
2018,"Species1",8,8e+05,3567503.75510654,3232013.71552607,"Site_436","scheme_code28"
2003,"Species1",7,8e+05,3567503.75510654,3232013.71552607,"Site_436","scheme_code28"
2012,"Species1",9,8e+05,3567503.75510654,3232013.71552607,"Site_436","scheme_code28"
2019,"Species1",11,8e+05,3567503.75510654,3232013.71552607,"Site_436","scheme_code28"
2016,"Species1",5,8e+05,3567503.75510654,3232013.71552607,"Site_436","scheme_code28"
2002,"Species1",2,8e+05,3574713.38248005,3243297.12134364,"Site_437","scheme_code28"
2011,"Species1",5,8e+05,3574713.38248005,3243297.12134364,"Site_437","scheme_code28"
2006,"Species1",4,8e+05,3574713.38248005,3243297.12134364,"Site_437","scheme_code28"
2021,"Species1",5,8e+05,3574713.38248005,3243297.12134364,"Site_437","scheme_code28"
2014,"Species1",7,8e+05,3574713.38248005,3243297.12134364,"Site_437","scheme_code28"
2004,"Species1",3,8e+05,3574713.38248005,3243297.12134364,"Site_437","scheme_code28"
2008,"Species1",4,8e+05,3574713.38248005,3243297.12134364,"Site_437","scheme_code28"
2000,"Species1",5,8e+05,3574713.38248005,3243297.12134364,"Site_437","scheme_code28"
2013,"Species1",7,8e+05,3574713.38248005,3243297.12134364,"Site_437","scheme_code28"
2010,"Species1",3,8e+05,3574713.38248005,3243297.12134364,"Site_437","scheme_code28"
2005,"Species1",4,8e+05,3574713.38248005,3243297.12134364,"Site_437","scheme_code28"
2018,"Species1",5,8e+05,3574713.38248005,3243297.12134364,"Site_437","scheme_code28"
2015,"Species1",6,8e+05,3574713.38248005,3243297.12134364,"Site_437","scheme_code28"
2009,"Species1",3,8e+05,3574713.38248005,3243297.12134364,"Site_437","scheme_code28"
2019,"Species1",10,8e+05,3574713.38248005,3243297.12134364,"Site_437","scheme_code28"
2016,"Species1",7,8e+05,3574713.38248005,3243297.12134364,"Site_437","scheme_code28"
2017,"Species1",7,8e+05,3574713.38248005,3243297.12134364,"Site_437","scheme_code28"
2003,"Species1",4,8e+05,3574713.38248005,3243297.12134364,"Site_437","scheme_code28"
2012,"Species1",7,8e+05,3574713.38248005,3243297.12134364,"Site_437","scheme_code28"
2007,"Species1",6,8e+05,3574713.38248005,3243297.12134364,"Site_437","scheme_code28"
2021,"Species1",8,8e+05,3587076.61551911,3306301.98165382,"Site_438","scheme_code28"
2017,"Species1",9,8e+05,3587076.61551911,3306301.98165382,"Site_438","scheme_code28"
2007,"Species1",11,8e+05,3587076.61551911,3306301.98165382,"Site_438","scheme_code28"
2016,"Species1",10,8e+05,3587076.61551911,3306301.98165382,"Site_438","scheme_code28"
2019,"Species1",12,8e+05,3587076.61551911,3306301.98165382,"Site_438","scheme_code28"
2015,"Species1",11,8e+05,3587076.61551911,3306301.98165382,"Site_438","scheme_code28"
2018,"Species1",7,8e+05,3587076.61551911,3306301.98165382,"Site_438","scheme_code28"
2014,"Species1",14,8e+05,3587076.61551911,3306301.98165382,"Site_438","scheme_code28"
2009,"Species1",5,8e+05,3597651.91412349,3247505.50014955,"Site_439","scheme_code28"
2016,"Species1",2,8e+05,3597651.91412349,3247505.50014955,"Site_439","scheme_code28"
2011,"Species1",3,8e+05,3597651.91412349,3247505.50014955,"Site_439","scheme_code28"
2012,"Species1",3,8e+05,3597651.91412349,3247505.50014955,"Site_439","scheme_code28"
2008,"Species1",7,8e+05,3597651.91412349,3247505.50014955,"Site_439","scheme_code28"
2000,"Species1",6,8e+05,3597651.91412349,3247505.50014955,"Site_439","scheme_code28"
2015,"Species1",3,8e+05,3597651.91412349,3247505.50014955,"Site_439","scheme_code28"
2010,"Species1",6,8e+05,3597651.91412349,3247505.50014955,"Site_439","scheme_code28"
2019,"Species1",3,8e+05,3597651.91412349,3247505.50014955,"Site_439","scheme_code28"
2018,"Species1",1,8e+05,3597651.91412349,3247505.50014955,"Site_439","scheme_code28"
2013,"Species1",1,8e+05,3597651.91412349,3247505.50014955,"Site_439","scheme_code28"
2017,"Species1",2,8e+05,3597651.91412349,3247505.50014955,"Site_439","scheme_code28"
2007,"Species1",3,8e+05,3602098.99600083,3257216.41632077,"Site_440","scheme_code28"
2016,"Species1",3,8e+05,3602098.99600083,3257216.41632077,"Site_440","scheme_code28"
2008,"Species1",3,8e+05,3602098.99600083,3257216.41632077,"Site_440","scheme_code28"
2018,"Species1",2,8e+05,3602098.99600083,3257216.41632077,"Site_440","scheme_code28"
2002,"Species1",2,8e+05,3602098.99600083,3257216.41632077,"Site_440","scheme_code28"
2004,"Species1",2,8e+05,3602098.99600083,3257216.41632077,"Site_440","scheme_code28"
2012,"Species1",3,8e+05,3602098.99600083,3257216.41632077,"Site_440","scheme_code28"
2006,"Species1",4,8e+05,3602098.99600083,3257216.41632077,"Site_440","scheme_code28"
2014,"Species1",5,8e+05,3602098.99600083,3257216.41632077,"Site_440","scheme_code28"
2019,"Species1",5,8e+05,3602098.99600083,3257216.41632077,"Site_440","scheme_code28"
2000,"Species1",2,8e+05,3602098.99600083,3257216.41632077,"Site_440","scheme_code28"
2005,"Species1",3,8e+05,3602098.99600083,3257216.41632077,"Site_440","scheme_code28"
2013,"Species1",2,8e+05,3602098.99600083,3257216.41632077,"Site_440","scheme_code28"
2010,"Species1",2,8e+05,3602098.99600083,3257216.41632077,"Site_440","scheme_code28"
2017,"Species1",4,8e+05,3602098.99600083,3257216.41632077,"Site_440","scheme_code28"
2011,"Species1",2,8e+05,3602098.99600083,3257216.41632077,"Site_440","scheme_code28"
2021,"Species1",3,8e+05,3602098.99600083,3257216.41632077,"Site_440","scheme_code28"
2015,"Species1",3,8e+05,3602098.99600083,3257216.41632077,"Site_440","scheme_code28"
2003,"Species1",3,8e+05,3602098.99600083,3257216.41632077,"Site_440","scheme_code28"
2015,"Species1",9,8e+05,3303672.80135968,3191900.40183726,"Site_441","scheme_code28"
2017,"Species1",2,8e+05,3303672.80135968,3191900.40183726,"Site_441","scheme_code28"
2019,"Species1",4,8e+05,3303672.80135968,3191900.40183726,"Site_441","scheme_code28"
2016,"Species1",11,8e+05,3303672.80135968,3191900.40183726,"Site_441","scheme_code28"
2014,"Species1",14,8e+05,3303672.80135968,3191900.40183726,"Site_441","scheme_code28"
2018,"Species1",1,8e+05,3303672.80135968,3191900.40183726,"Site_441","scheme_code28"
2003,"Species1",8,8e+05,3324440.20825561,3169769.10005249,"Site_442","scheme_code28"
2000,"Species1",6,8e+05,3324440.20825561,3169769.10005249,"Site_442","scheme_code28"
2018,"Species1",0,8e+05,3324440.20825561,3169769.10005249,"Site_442","scheme_code28"
2019,"Species1",1,8e+05,3324440.20825561,3169769.10005249,"Site_442","scheme_code28"
2021,"Species1",1,8e+05,3324440.20825561,3169769.10005249,"Site_442","scheme_code28"
2002,"Species1",3,8e+05,3324440.20825561,3169769.10005249,"Site_442","scheme_code28"
2004,"Species1",0,8e+05,3370541.60874935,3251501.88272253,"Site_443","scheme_code28"
2019,"Species1",0,8e+05,3370541.60874935,3251501.88272253,"Site_443","scheme_code28"
2008,"Species1",4,8e+05,3370541.60874935,3251501.88272253,"Site_443","scheme_code28"
2011,"Species1",0,8e+05,3370541.60874935,3251501.88272253,"Site_443","scheme_code28"
2016,"Species1",0,8e+05,3370541.60874935,3251501.88272253,"Site_443","scheme_code28"
2000,"Species1",0,8e+05,3370541.60874935,3251501.88272253,"Site_443","scheme_code28"
2021,"Species1",0,8e+05,3370541.60874935,3251501.88272253,"Site_443","scheme_code28"
2002,"Species1",0,8e+05,3370541.60874935,3251501.88272253,"Site_443","scheme_code28"
2018,"Species1",0,8e+05,3370541.60874935,3251501.88272253,"Site_443","scheme_code28"
2006,"Species1",0,8e+05,3370541.60874935,3251501.88272253,"Site_443","scheme_code28"
2009,"Species1",0,8e+05,3370541.60874935,3251501.88272253,"Site_443","scheme_code28"
2005,"Species1",12,8e+05,3370541.60874935,3251501.88272253,"Site_443","scheme_code28"
2017,"Species1",0,8e+05,3370541.60874935,3251501.88272253,"Site_443","scheme_code28"
2005,"Species1",13,8e+05,3375546.25695584,3255933.63355198,"Site_444","scheme_code28"
2004,"Species1",11,8e+05,3375546.25695584,3255933.63355198,"Site_444","scheme_code28"
2003,"Species1",19,8e+05,3375546.25695584,3255933.63355198,"Site_444","scheme_code28"
2006,"Species1",17,8e+05,3375546.25695584,3255933.63355198,"Site_444","scheme_code28"
2010,"Species1",31,8e+05,3375546.25695584,3255933.63355198,"Site_444","scheme_code28"
2007,"Species1",17,8e+05,3375546.25695584,3255933.63355198,"Site_444","scheme_code28"
2008,"Species1",12,8e+05,3375546.25695584,3255933.63355198,"Site_444","scheme_code28"
2002,"Species1",12,8e+05,3375546.25695584,3255933.63355198,"Site_444","scheme_code28"
2000,"Species1",13,8e+05,3375546.25695584,3255933.63355198,"Site_444","scheme_code28"
2012,"Species1",0,8e+05,3382262.06087732,3177183.99686112,"Site_445","scheme_code28"
2013,"Species1",1,8e+05,3382262.06087732,3177183.99686112,"Site_445","scheme_code28"
2007,"Species1",2,8e+05,3382262.06087732,3177183.99686112,"Site_445","scheme_code28"
2014,"Species1",3,8e+05,3382262.06087732,3177183.99686112,"Site_445","scheme_code28"
2017,"Species1",20,8e+05,3388195.1758197,3225155.02466175,"Site_446","scheme_code28"
2015,"Species1",21,8e+05,3388195.1758197,3225155.02466175,"Site_446","scheme_code28"
2004,"Species1",12,8e+05,3388195.1758197,3225155.02466175,"Site_446","scheme_code28"
2012,"Species1",15,8e+05,3388195.1758197,3225155.02466175,"Site_446","scheme_code28"
2010,"Species1",23,8e+05,3388195.1758197,3225155.02466175,"Site_446","scheme_code28"
2011,"Species1",16,8e+05,3388195.1758197,3225155.02466175,"Site_446","scheme_code28"
2003,"Species1",17,8e+05,3388195.1758197,3225155.02466175,"Site_446","scheme_code28"
2021,"Species1",27,8e+05,3388195.1758197,3225155.02466175,"Site_446","scheme_code28"
2018,"Species1",21,8e+05,3388195.1758197,3225155.02466175,"Site_446","scheme_code28"
2014,"Species1",21,8e+05,3388195.1758197,3225155.02466175,"Site_446","scheme_code28"
2016,"Species1",23,8e+05,3388195.1758197,3225155.02466175,"Site_446","scheme_code28"
2005,"Species1",4,8e+05,3388195.1758197,3225155.02466175,"Site_446","scheme_code28"
2013,"Species1",13,8e+05,3388195.1758197,3225155.02466175,"Site_446","scheme_code28"
2002,"Species1",11,8e+05,3388195.1758197,3225155.02466175,"Site_446","scheme_code28"
2000,"Species1",16,8e+05,3388195.1758197,3225155.02466175,"Site_446","scheme_code28"
2019,"Species1",7,8e+05,3388195.1758197,3225155.02466175,"Site_446","scheme_code28"
2017,"Species1",3,8e+05,3424970.71175693,3213420.78711357,"Site_447","scheme_code28"
2006,"Species1",5,8e+05,3424970.71175693,3213420.78711357,"Site_447","scheme_code28"
2009,"Species1",0,8e+05,3424970.71175693,3213420.78711357,"Site_447","scheme_code28"
2010,"Species1",4,8e+05,3424970.71175693,3213420.78711357,"Site_447","scheme_code28"
2018,"Species1",1,8e+05,3424970.71175693,3213420.78711357,"Site_447","scheme_code28"
2015,"Species1",3,8e+05,3424970.71175693,3213420.78711357,"Site_447","scheme_code28"
2019,"Species1",1,8e+05,3424970.71175693,3213420.78711357,"Site_447","scheme_code28"
2021,"Species1",2,8e+05,3424970.71175693,3213420.78711357,"Site_447","scheme_code28"
2013,"Species1",4,8e+05,3424970.71175693,3213420.78711357,"Site_447","scheme_code28"
2008,"Species1",8,8e+05,3424970.71175693,3213420.78711357,"Site_447","scheme_code28"
2014,"Species1",2,8e+05,3424970.71175693,3213420.78711357,"Site_447","scheme_code28"
2016,"Species1",4,8e+05,3424970.71175693,3213420.78711357,"Site_447","scheme_code28"
2011,"Species1",2,8e+05,3424970.71175693,3213420.78711357,"Site_447","scheme_code28"
2012,"Species1",3,8e+05,3424970.71175693,3213420.78711357,"Site_447","scheme_code28"
2007,"Species1",7,8e+05,3424970.71175693,3213420.78711357,"Site_447","scheme_code28"
2017,"Species1",0,8e+05,3429417.34976917,3221908.18195763,"Site_448","scheme_code28"
2018,"Species1",0,8e+05,3429417.34976917,3221908.18195763,"Site_448","scheme_code28"
2016,"Species1",3,8e+05,3429417.34976917,3221908.18195763,"Site_448","scheme_code28"
2019,"Species1",0,8e+05,3429417.34976917,3221908.18195763,"Site_448","scheme_code28"
2013,"Species1",0,8e+05,3429417.34976917,3221908.18195763,"Site_448","scheme_code28"
2021,"Species1",0,8e+05,3429417.34976917,3221908.18195763,"Site_448","scheme_code28"
2011,"Species1",3,8e+05,3444448.20190215,3244272.21817999,"Site_449","scheme_code28"
2012,"Species1",3,8e+05,3444448.20190215,3244272.21817999,"Site_449","scheme_code28"
2008,"Species1",4,8e+05,3444448.20190215,3244272.21817999,"Site_449","scheme_code28"
2019,"Species1",5,8e+05,3444448.20190215,3244272.21817999,"Site_449","scheme_code28"
2010,"Species1",3,8e+05,3444448.20190215,3244272.21817999,"Site_449","scheme_code28"
2015,"Species1",3,8e+05,3444448.20190215,3244272.21817999,"Site_449","scheme_code28"
2009,"Species1",2,8e+05,3444448.20190215,3244272.21817999,"Site_449","scheme_code28"
2018,"Species1",2,8e+05,3444448.20190215,3244272.21817999,"Site_449","scheme_code28"
2017,"Species1",3,8e+05,3444448.20190215,3244272.21817999,"Site_449","scheme_code28"
2006,"Species1",2,8e+05,3444448.20190215,3244272.21817999,"Site_449","scheme_code28"
2014,"Species1",0,8e+05,3444448.20190215,3244272.21817999,"Site_449","scheme_code28"
2005,"Species1",5,8e+05,3444448.20190215,3244272.21817999,"Site_449","scheme_code28"
2007,"Species1",1,8e+05,3444448.20190215,3244272.21817999,"Site_449","scheme_code28"
2016,"Species1",5,8e+05,3444448.20190215,3244272.21817999,"Site_449","scheme_code28"
2021,"Species1",1,8e+05,3446475.02175179,3221700.97089368,"Site_450","scheme_code28"
2014,"Species1",0,8e+05,3446475.02175179,3221700.97089368,"Site_450","scheme_code28"
2004,"Species1",0,8e+05,3446475.02175179,3221700.97089368,"Site_450","scheme_code28"
2011,"Species1",0,8e+05,3446475.02175179,3221700.97089368,"Site_450","scheme_code28"
2006,"Species1",0,8e+05,3446475.02175179,3221700.97089368,"Site_450","scheme_code28"
2003,"Species1",0,8e+05,3446475.02175179,3221700.97089368,"Site_450","scheme_code28"
2007,"Species1",0,8e+05,3446475.02175179,3221700.97089368,"Site_450","scheme_code28"
2000,"Species1",0,8e+05,3446475.02175179,3221700.97089368,"Site_450","scheme_code28"
2005,"Species1",0,8e+05,3446475.02175179,3221700.97089368,"Site_450","scheme_code28"
2017,"Species1",0,8e+05,3446475.02175179,3221700.97089368,"Site_450","scheme_code28"
2008,"Species1",1,8e+05,3446475.02175179,3221700.97089368,"Site_450","scheme_code28"
2013,"Species1",0,8e+05,3446475.02175179,3221700.97089368,"Site_450","scheme_code28"
2010,"Species1",0,8e+05,3446475.02175179,3221700.97089368,"Site_450","scheme_code28"
2016,"Species1",0,8e+05,3446475.02175179,3221700.97089368,"Site_450","scheme_code28"
2002,"Species1",1,8e+05,3446475.02175179,3221700.97089368,"Site_450","scheme_code28"
2015,"Species1",0,8e+05,3446475.02175179,3221700.97089368,"Site_450","scheme_code28"
2009,"Species1",0,8e+05,3446475.02175179,3221700.97089368,"Site_450","scheme_code28"
2019,"Species1",0,8e+05,3446475.02175179,3221700.97089368,"Site_450","scheme_code28"
2018,"Species1",0,8e+05,3446475.02175179,3221700.97089368,"Site_450","scheme_code28"
2012,"Species1",0,8e+05,3446475.02175179,3221700.97089368,"Site_450","scheme_code28"
2008,"Species1",0,8e+05,3463523.92201857,3211724.80946897,"Site_451","scheme_code28"
2017,"Species1",0,8e+05,3463523.92201857,3211724.80946897,"Site_451","scheme_code28"
2011,"Species1",0,8e+05,3463523.92201857,3211724.80946897,"Site_451","scheme_code28"
2021,"Species1",0,8e+05,3463523.92201857,3211724.80946897,"Site_451","scheme_code28"
2009,"Species1",0,8e+05,3463523.92201857,3211724.80946897,"Site_451","scheme_code28"
2019,"Species1",0,8e+05,3463523.92201857,3211724.80946897,"Site_451","scheme_code28"
2014,"Species1",1,8e+05,3463523.92201857,3211724.80946897,"Site_451","scheme_code28"
2012,"Species1",1,8e+05,3463523.92201857,3211724.80946897,"Site_451","scheme_code28"
2005,"Species1",0,8e+05,3463523.92201857,3211724.80946897,"Site_451","scheme_code28"
2007,"Species1",0,8e+05,3463523.92201857,3211724.80946897,"Site_451","scheme_code28"
2015,"Species1",1,8e+05,3463523.92201857,3211724.80946897,"Site_451","scheme_code28"
2006,"Species1",0,8e+05,3463523.92201857,3211724.80946897,"Site_451","scheme_code28"
2003,"Species1",0,8e+05,3463523.92201857,3211724.80946897,"Site_451","scheme_code28"
2018,"Species1",0,8e+05,3463523.92201857,3211724.80946897,"Site_451","scheme_code28"
2000,"Species1",0,8e+05,3463523.92201857,3211724.80946897,"Site_451","scheme_code28"
2016,"Species1",0,8e+05,3463523.92201857,3211724.80946897,"Site_451","scheme_code28"
2004,"Species1",0,8e+05,3463523.92201857,3211724.80946897,"Site_451","scheme_code28"
2013,"Species1",1,8e+05,3463523.92201857,3211724.80946897,"Site_451","scheme_code28"
2002,"Species1",0,8e+05,3463523.92201857,3211724.80946897,"Site_451","scheme_code28"
2007,"Species1",3,8e+05,3448909.00232019,3213576.52999076,"Site_452","scheme_code28"
2009,"Species1",4,8e+05,3448909.00232019,3213576.52999076,"Site_452","scheme_code28"
2003,"Species1",5,8e+05,3448909.00232019,3213576.52999076,"Site_452","scheme_code28"
2010,"Species1",2,8e+05,3448909.00232019,3213576.52999076,"Site_452","scheme_code28"
2004,"Species1",5,8e+05,3448909.00232019,3213576.52999076,"Site_452","scheme_code28"
2013,"Species1",4,8e+05,3448909.00232019,3213576.52999076,"Site_452","scheme_code28"
2016,"Species1",2,8e+05,3448909.00232019,3213576.52999076,"Site_452","scheme_code28"
2006,"Species1",4,8e+05,3448909.00232019,3213576.52999076,"Site_452","scheme_code28"
2018,"Species1",2,8e+05,3448909.00232019,3213576.52999076,"Site_452","scheme_code28"
2008,"Species1",3,8e+05,3448909.00232019,3213576.52999076,"Site_452","scheme_code28"
2005,"Species1",7,8e+05,3448909.00232019,3213576.52999076,"Site_452","scheme_code28"
2014,"Species1",4,8e+05,3448909.00232019,3213576.52999076,"Site_452","scheme_code28"
2019,"Species1",2,8e+05,3448909.00232019,3213576.52999076,"Site_452","scheme_code28"
2002,"Species1",4,8e+05,3448909.00232019,3213576.52999076,"Site_452","scheme_code28"
2012,"Species1",6,8e+05,3448909.00232019,3213576.52999076,"Site_452","scheme_code28"
2000,"Species1",4,8e+05,3448909.00232019,3213576.52999076,"Site_452","scheme_code28"
2015,"Species1",2,8e+05,3448909.00232019,3213576.52999076,"Site_452","scheme_code28"
2011,"Species1",5,8e+05,3448909.00232019,3213576.52999076,"Site_452","scheme_code28"
2017,"Species1",3,8e+05,3448909.00232019,3213576.52999076,"Site_452","scheme_code28"
2016,"Species1",0,8e+05,3497645.94262837,3226140.00153405,"Site_453","scheme_code28"
2018,"Species1",0,8e+05,3497645.94262837,3226140.00153405,"Site_453","scheme_code28"
2009,"Species1",2,8e+05,3497645.94262837,3226140.00153405,"Site_453","scheme_code28"
2015,"Species1",1,8e+05,3497645.94262837,3226140.00153405,"Site_453","scheme_code28"
2000,"Species1",2,8e+05,3497645.94262837,3226140.00153405,"Site_453","scheme_code28"
2007,"Species1",2,8e+05,3497645.94262837,3226140.00153405,"Site_453","scheme_code28"
2017,"Species1",0,8e+05,3497645.94262837,3226140.00153405,"Site_453","scheme_code28"
2008,"Species1",1,8e+05,3497645.94262837,3226140.00153405,"Site_453","scheme_code28"
2011,"Species1",2,8e+05,3497645.94262837,3226140.00153405,"Site_453","scheme_code28"
2019,"Species1",0,8e+05,3497645.94262837,3226140.00153405,"Site_453","scheme_code28"
2003,"Species1",2,8e+05,3497645.94262837,3226140.00153405,"Site_453","scheme_code28"
2013,"Species1",2,8e+05,3497645.94262837,3226140.00153405,"Site_453","scheme_code28"
2006,"Species1",2,8e+05,3497645.94262837,3226140.00153405,"Site_453","scheme_code28"
2013,"Species1",3,8e+05,3503650.88260226,3198921.52199314,"Site_454","scheme_code28"
2008,"Species1",9,8e+05,3503650.88260226,3198921.52199314,"Site_454","scheme_code28"
2014,"Species1",5,8e+05,3503650.88260226,3198921.52199314,"Site_454","scheme_code28"
2009,"Species1",4,8e+05,3503650.88260226,3198921.52199314,"Site_454","scheme_code28"
2018,"Species1",7,8e+05,3503650.88260226,3198921.52199314,"Site_454","scheme_code28"
2005,"Species1",9,8e+05,3503650.88260226,3198921.52199314,"Site_454","scheme_code28"
2016,"Species1",9,8e+05,3503650.88260226,3198921.52199314,"Site_454","scheme_code28"
2015,"Species1",7,8e+05,3503650.88260226,3198921.52199314,"Site_454","scheme_code28"
2010,"Species1",4,8e+05,3503650.88260226,3198921.52199314,"Site_454","scheme_code28"
2007,"Species1",8,8e+05,3503650.88260226,3198921.52199314,"Site_454","scheme_code28"
2019,"Species1",9,8e+05,3503650.88260226,3198921.52199314,"Site_454","scheme_code28"
2011,"Species1",3,8e+05,3503650.88260226,3198921.52199314,"Site_454","scheme_code28"
2012,"Species1",9,8e+05,3503650.88260226,3198921.52199314,"Site_454","scheme_code28"
2017,"Species1",10,8e+05,3503650.88260226,3198921.52199314,"Site_454","scheme_code28"
2006,"Species1",7,8e+05,3503650.88260226,3198921.52199314,"Site_454","scheme_code28"
2004,"Species1",11,8e+05,3503650.88260226,3198921.52199314,"Site_454","scheme_code28"
2012,"Species1",0,8e+05,3509830.26594548,3161051.64820946,"Site_455","scheme_code28"
2010,"Species1",0,8e+05,3509830.26594548,3161051.64820946,"Site_455","scheme_code28"
2013,"Species1",0,8e+05,3509830.26594548,3161051.64820946,"Site_455","scheme_code28"
2000,"Species1",1,8e+05,3509830.26594548,3161051.64820946,"Site_455","scheme_code28"
2014,"Species1",0,8e+05,3509830.26594548,3161051.64820946,"Site_455","scheme_code28"
2007,"Species1",0,8e+05,3509830.26594548,3161051.64820946,"Site_455","scheme_code28"
2015,"Species1",1,8e+05,3509830.26594548,3161051.64820946,"Site_455","scheme_code28"
2019,"Species1",0,8e+05,3509830.26594548,3161051.64820946,"Site_455","scheme_code28"
2003,"Species1",1,8e+05,3509830.26594548,3161051.64820946,"Site_455","scheme_code28"
2018,"Species1",0,8e+05,3509830.26594548,3161051.64820946,"Site_455","scheme_code28"
2017,"Species1",0,8e+05,3509830.26594548,3161051.64820946,"Site_455","scheme_code28"
2005,"Species1",0,8e+05,3509830.26594548,3161051.64820946,"Site_455","scheme_code28"
2002,"Species1",0,8e+05,3509830.26594548,3161051.64820946,"Site_455","scheme_code28"
2006,"Species1",0,8e+05,3509830.26594548,3161051.64820946,"Site_455","scheme_code28"
2016,"Species1",0,8e+05,3509830.26594548,3161051.64820946,"Site_455","scheme_code28"
2008,"Species1",0,8e+05,3509830.26594548,3161051.64820946,"Site_455","scheme_code28"
2004,"Species1",1,8e+05,3509830.26594548,3161051.64820946,"Site_455","scheme_code28"
2009,"Species1",0,8e+05,3509830.26594548,3161051.64820946,"Site_455","scheme_code28"
2021,"Species1",1,8e+05,3509830.26594548,3161051.64820946,"Site_455","scheme_code28"
2011,"Species1",1,8e+05,3509830.26594548,3161051.64820946,"Site_455","scheme_code28"
2006,"Species1",6,8e+05,3539074.98018148,3204384.16969403,"Site_456","scheme_code28"
2005,"Species1",2,8e+05,3539074.98018148,3204384.16969403,"Site_456","scheme_code28"
2004,"Species1",0,8e+05,3539074.98018148,3204384.16969403,"Site_456","scheme_code28"
2003,"Species1",0,8e+05,3539074.98018148,3204384.16969403,"Site_456","scheme_code28"
2007,"Species1",6,8e+05,3528087.20424122,3168953.67013576,"Site_457","scheme_code28"
2006,"Species1",7,8e+05,3528087.20424122,3168953.67013576,"Site_457","scheme_code28"
2002,"Species1",6,8e+05,3528087.20424122,3168953.67013576,"Site_457","scheme_code28"
2015,"Species1",5,8e+05,3528087.20424122,3168953.67013576,"Site_457","scheme_code28"
2000,"Species1",8,8e+05,3528087.20424122,3168953.67013576,"Site_457","scheme_code28"
2021,"Species1",4,8e+05,3528087.20424122,3168953.67013576,"Site_457","scheme_code28"
2016,"Species1",6,8e+05,3528087.20424122,3168953.67013576,"Site_457","scheme_code28"
2017,"Species1",5,8e+05,3528087.20424122,3168953.67013576,"Site_457","scheme_code28"
2008,"Species1",6,8e+05,3528087.20424122,3168953.67013576,"Site_457","scheme_code28"
2018,"Species1",6,8e+05,3528087.20424122,3168953.67013576,"Site_457","scheme_code28"
2003,"Species1",7,8e+05,3528087.20424122,3168953.67013576,"Site_457","scheme_code28"
2005,"Species1",6,8e+05,3528087.20424122,3168953.67013576,"Site_457","scheme_code28"
2014,"Species1",6,8e+05,3528087.20424122,3168953.67013576,"Site_457","scheme_code28"
2012,"Species1",6,8e+05,3528087.20424122,3168953.67013576,"Site_457","scheme_code28"
2011,"Species1",8,8e+05,3528087.20424122,3168953.67013576,"Site_457","scheme_code28"
2019,"Species1",5,8e+05,3528087.20424122,3168953.67013576,"Site_457","scheme_code28"
2013,"Species1",6,8e+05,3528087.20424122,3168953.67013576,"Site_457","scheme_code28"
2010,"Species1",7,8e+05,3528087.20424122,3168953.67013576,"Site_457","scheme_code28"
2009,"Species1",7,8e+05,3528087.20424122,3168953.67013576,"Site_457","scheme_code28"
2004,"Species1",6,8e+05,3528087.20424122,3168953.67013576,"Site_457","scheme_code28"
2021,"Species1",14,8e+05,3530163.21709252,3172612.19769771,"Site_458","scheme_code28"
2009,"Species1",18,8e+05,3530163.21709252,3172612.19769771,"Site_458","scheme_code28"
2005,"Species1",14,8e+05,3530163.21709252,3172612.19769771,"Site_458","scheme_code28"
2011,"Species1",20,8e+05,3530163.21709252,3172612.19769771,"Site_458","scheme_code28"
2003,"Species1",13,8e+05,3530163.21709252,3172612.19769771,"Site_458","scheme_code28"
2010,"Species1",15,8e+05,3530163.21709252,3172612.19769771,"Site_458","scheme_code28"
2004,"Species1",12,8e+05,3530163.21709252,3172612.19769771,"Site_458","scheme_code28"
2006,"Species1",14,8e+05,3530163.21709252,3172612.19769771,"Site_458","scheme_code28"
2007,"Species1",13,8e+05,3530163.21709252,3172612.19769771,"Site_458","scheme_code28"
2008,"Species1",10,8e+05,3530163.21709252,3172612.19769771,"Site_458","scheme_code28"
2014,"Species1",7,8e+05,3549451.60161418,3187864.56003452,"Site_459","scheme_code28"
2010,"Species1",4,8e+05,3549451.60161418,3187864.56003452,"Site_459","scheme_code28"
2011,"Species1",3,8e+05,3549451.60161418,3187864.56003452,"Site_459","scheme_code28"
2012,"Species1",2,8e+05,3549451.60161418,3187864.56003452,"Site_459","scheme_code28"
2013,"Species1",3,8e+05,3549451.60161418,3187864.56003452,"Site_459","scheme_code28"
2003,"Species1",0,8e+05,3551395.6713246,3192061.05881455,"Site_460","scheme_code28"
2005,"Species1",0,8e+05,3551395.6713246,3192061.05881455,"Site_460","scheme_code28"
2012,"Species1",0,8e+05,3551395.6713246,3192061.05881455,"Site_460","scheme_code28"
2004,"Species1",2,8e+05,3551395.6713246,3192061.05881455,"Site_460","scheme_code28"
2008,"Species1",0,8e+05,3551395.6713246,3192061.05881455,"Site_460","scheme_code28"
2013,"Species1",0,8e+05,3551395.6713246,3192061.05881455,"Site_460","scheme_code28"
2011,"Species1",0,8e+05,3551395.6713246,3192061.05881455,"Site_460","scheme_code28"
2007,"Species1",0,8e+05,3551395.6713246,3192061.05881455,"Site_460","scheme_code28"
2006,"Species1",0,8e+05,3551395.6713246,3192061.05881455,"Site_460","scheme_code28"
2009,"Species1",0,8e+05,3551395.6713246,3192061.05881455,"Site_460","scheme_code28"
2002,"Species1",0,8e+05,3551395.6713246,3192061.05881455,"Site_460","scheme_code28"
2010,"Species1",0,8e+05,3551395.6713246,3192061.05881455,"Site_460","scheme_code28"
2019,"Species1",4,8e+05,3543576.28286477,3184310.08997777,"Site_461","scheme_code28"
2015,"Species1",7,8e+05,3543576.28286477,3184310.08997777,"Site_461","scheme_code28"
2018,"Species1",3,8e+05,3543576.28286477,3184310.08997777,"Site_461","scheme_code28"
2014,"Species1",6,8e+05,3543576.28286477,3184310.08997777,"Site_461","scheme_code28"
2021,"Species1",6,8e+05,3543576.28286477,3184310.08997777,"Site_461","scheme_code28"
2016,"Species1",5,8e+05,3543576.28286477,3184310.08997777,"Site_461","scheme_code28"
2017,"Species1",3,8e+05,3543576.28286477,3184310.08997777,"Site_461","scheme_code28"
2017,"Species1",2,8e+05,3567880.40242762,3192793.26178365,"Site_462","scheme_code28"
2007,"Species1",2,8e+05,3567880.40242762,3192793.26178365,"Site_462","scheme_code28"
2003,"Species1",6,8e+05,3567880.40242762,3192793.26178365,"Site_462","scheme_code28"
2000,"Species1",4,8e+05,3567880.40242762,3192793.26178365,"Site_462","scheme_code28"
2021,"Species1",6,8e+05,3567880.40242762,3192793.26178365,"Site_462","scheme_code28"
2018,"Species1",3,8e+05,3567880.40242762,3192793.26178365,"Site_462","scheme_code28"
2019,"Species1",2,8e+05,3567880.40242762,3192793.26178365,"Site_462","scheme_code28"
2013,"Species1",4,8e+05,3567880.40242762,3192793.26178365,"Site_462","scheme_code28"
2002,"Species1",6,8e+05,3567880.40242762,3192793.26178365,"Site_462","scheme_code28"
2011,"Species1",2,8e+05,3567880.40242762,3192793.26178365,"Site_462","scheme_code28"
2014,"Species1",2,8e+05,3567880.40242762,3192793.26178365,"Site_462","scheme_code28"
2010,"Species1",2,8e+05,3567880.40242762,3192793.26178365,"Site_462","scheme_code28"
2016,"Species1",3,8e+05,3567880.40242762,3192793.26178365,"Site_462","scheme_code28"
2008,"Species1",1,8e+05,3567880.40242762,3192793.26178365,"Site_462","scheme_code28"
2005,"Species1",3,8e+05,3567880.40242762,3192793.26178365,"Site_462","scheme_code28"
2015,"Species1",2,8e+05,3567880.40242762,3192793.26178365,"Site_462","scheme_code28"
2012,"Species1",1,8e+05,3567880.40242762,3192793.26178365,"Site_462","scheme_code28"
2009,"Species1",2,8e+05,3567880.40242762,3192793.26178365,"Site_462","scheme_code28"
2004,"Species1",4,8e+05,3567880.40242762,3192793.26178365,"Site_462","scheme_code28"
2006,"Species1",2,8e+05,3567880.40242762,3192793.26178365,"Site_462","scheme_code28"
2016,"Species1",11,8e+05,3576729.40395742,3169075.6209081,"Site_463","scheme_code28"
2015,"Species1",14,8e+05,3576729.40395742,3169075.6209081,"Site_463","scheme_code28"
2018,"Species1",7,8e+05,3576729.40395742,3169075.6209081,"Site_463","scheme_code28"
2021,"Species1",10,8e+05,3576729.40395742,3169075.6209081,"Site_463","scheme_code28"
2017,"Species1",9,8e+05,3576729.40395742,3169075.6209081,"Site_463","scheme_code28"
2019,"Species1",11,8e+05,3576729.40395742,3169075.6209081,"Site_463","scheme_code28"
2021,"Species1",4,8e+05,3269731.93168085,3152269.95718954,"Site_464","scheme_code28"
2018,"Species1",0,8e+05,3269731.93168085,3152269.95718954,"Site_464","scheme_code28"
2011,"Species1",0,8e+05,3269731.93168085,3152269.95718954,"Site_464","scheme_code28"
2000,"Species1",8,8e+05,3269731.93168085,3152269.95718954,"Site_464","scheme_code28"
2009,"Species1",1,8e+05,3269731.93168085,3152269.95718954,"Site_464","scheme_code28"
2008,"Species1",3,8e+05,3269731.93168085,3152269.95718954,"Site_464","scheme_code28"
2007,"Species1",6,8e+05,3269731.93168085,3152269.95718954,"Site_464","scheme_code28"
2019,"Species1",1,8e+05,3269731.93168085,3152269.95718954,"Site_464","scheme_code28"
2008,"Species1",8,8e+05,3361643.20784536,3117909.90450065,"Site_465","scheme_code28"
2005,"Species1",13,8e+05,3361643.20784536,3117909.90450065,"Site_465","scheme_code28"
2018,"Species1",8,8e+05,3361643.20784536,3117909.90450065,"Site_465","scheme_code28"
2006,"Species1",6,8e+05,3361643.20784536,3117909.90450065,"Site_465","scheme_code28"
2010,"Species1",8,8e+05,3361643.20784536,3117909.90450065,"Site_465","scheme_code28"
2004,"Species1",2,8e+05,3361643.20784536,3117909.90450065,"Site_465","scheme_code28"
2000,"Species1",3,8e+05,3361643.20784536,3117909.90450065,"Site_465","scheme_code28"
2007,"Species1",9,8e+05,3361643.20784536,3117909.90450065,"Site_465","scheme_code28"
2019,"Species1",6,8e+05,3361643.20784536,3117909.90450065,"Site_465","scheme_code28"
2009,"Species1",9,8e+05,3361643.20784536,3117909.90450065,"Site_465","scheme_code28"
2003,"Species1",4,8e+05,3361643.20784536,3117909.90450065,"Site_465","scheme_code28"
2002,"Species1",5,8e+05,3361643.20784536,3117909.90450065,"Site_465","scheme_code28"
2012,"Species1",0,8e+05,3631943.18768731,3458375.86234756,"Site_466","scheme_code28"
2018,"Species1",0,8e+05,3631943.18768731,3458375.86234756,"Site_466","scheme_code28"
2004,"Species1",0,8e+05,3631943.18768731,3458375.86234756,"Site_466","scheme_code28"
2010,"Species1",2,8e+05,3631943.18768731,3458375.86234756,"Site_466","scheme_code28"
2005,"Species1",0,8e+05,3631943.18768731,3458375.86234756,"Site_466","scheme_code28"
2017,"Species1",0,8e+05,3631943.18768731,3458375.86234756,"Site_466","scheme_code28"
2019,"Species1",0,8e+05,3631943.18768731,3458375.86234756,"Site_466","scheme_code28"
2021,"Species1",0,8e+05,3631943.18768731,3458375.86234756,"Site_466","scheme_code28"
2015,"Species1",0,8e+05,3631943.18768731,3458375.86234756,"Site_466","scheme_code28"
2013,"Species1",0,8e+05,3631943.18768731,3458375.86234756,"Site_466","scheme_code28"
2006,"Species1",0,8e+05,3631943.18768731,3458375.86234756,"Site_466","scheme_code28"
2011,"Species1",0,8e+05,3631943.18768731,3458375.86234756,"Site_466","scheme_code28"
2016,"Species1",0,8e+05,3631943.18768731,3458375.86234756,"Site_466","scheme_code28"
2009,"Species1",12,8e+05,3631943.18768731,3458375.86234756,"Site_466","scheme_code28"
2014,"Species1",0,8e+05,3631943.18768731,3458375.86234756,"Site_466","scheme_code28"
2018,"Species1",4,8e+05,3638156.08150742,3376120.34593162,"Site_467","scheme_code28"
2014,"Species1",6,8e+05,3638156.08150742,3376120.34593162,"Site_467","scheme_code28"
2000,"Species1",2,8e+05,3638156.08150742,3376120.34593162,"Site_467","scheme_code28"
2006,"Species1",13,8e+05,3638156.08150742,3376120.34593162,"Site_467","scheme_code28"
2008,"Species1",6,8e+05,3638156.08150742,3376120.34593162,"Site_467","scheme_code28"
2003,"Species1",2,8e+05,3638156.08150742,3376120.34593162,"Site_467","scheme_code28"
2019,"Species1",1,8e+05,3638156.08150742,3376120.34593162,"Site_467","scheme_code28"
2011,"Species1",7,8e+05,3638156.08150742,3376120.34593162,"Site_467","scheme_code28"
2004,"Species1",2,8e+05,3638156.08150742,3376120.34593162,"Site_467","scheme_code28"
2007,"Species1",8,8e+05,3638156.08150742,3376120.34593162,"Site_467","scheme_code28"
2010,"Species1",4,8e+05,3638156.08150742,3376120.34593162,"Site_467","scheme_code28"
2013,"Species1",5,8e+05,3638156.08150742,3376120.34593162,"Site_467","scheme_code28"
2012,"Species1",5,8e+05,3638156.08150742,3376120.34593162,"Site_467","scheme_code28"
2016,"Species1",4,8e+05,3638156.08150742,3376120.34593162,"Site_467","scheme_code28"
2009,"Species1",5,8e+05,3638156.08150742,3376120.34593162,"Site_467","scheme_code28"
2017,"Species1",4,8e+05,3638156.08150742,3376120.34593162,"Site_467","scheme_code28"
2015,"Species1",5,8e+05,3638156.08150742,3376120.34593162,"Site_467","scheme_code28"
2002,"Species1",3,8e+05,3638156.08150742,3376120.34593162,"Site_467","scheme_code28"
2007,"Species1",9,8e+05,3636372.60544253,3404550.93114294,"Site_468","scheme_code28"
2000,"Species1",11,8e+05,3636372.60544253,3404550.93114294,"Site_468","scheme_code28"
2015,"Species1",7,8e+05,3636372.60544253,3404550.93114294,"Site_468","scheme_code28"
2011,"Species1",5,8e+05,3636372.60544253,3404550.93114294,"Site_468","scheme_code28"
2008,"Species1",7,8e+05,3636372.60544253,3404550.93114294,"Site_468","scheme_code28"
2006,"Species1",13,8e+05,3636372.60544253,3404550.93114294,"Site_468","scheme_code28"
2014,"Species1",4,8e+05,3636372.60544253,3404550.93114294,"Site_468","scheme_code28"
2018,"Species1",5,8e+05,3636372.60544253,3404550.93114294,"Site_468","scheme_code28"
2016,"Species1",4,8e+05,3636372.60544253,3404550.93114294,"Site_468","scheme_code28"
2005,"Species1",7,8e+05,3636372.60544253,3404550.93114294,"Site_468","scheme_code28"
2003,"Species1",11,8e+05,3636372.60544253,3404550.93114294,"Site_468","scheme_code28"
2019,"Species1",7,8e+05,3636372.60544253,3404550.93114294,"Site_468","scheme_code28"
2021,"Species1",6,8e+05,3636372.60544253,3404550.93114294,"Site_468","scheme_code28"
2004,"Species1",17,8e+05,3636372.60544253,3404550.93114294,"Site_468","scheme_code28"
2002,"Species1",17,8e+05,3636372.60544253,3404550.93114294,"Site_468","scheme_code28"
2009,"Species1",2,8e+05,3636372.60544253,3404550.93114294,"Site_468","scheme_code28"
2017,"Species1",9,8e+05,3636372.60544253,3404550.93114294,"Site_468","scheme_code28"
2010,"Species1",2,8e+05,3636372.60544253,3404550.93114294,"Site_468","scheme_code28"
2012,"Species1",19,8e+05,3635697.66830016,3409923.32017284,"Site_469","scheme_code28"
2000,"Species1",15,8e+05,3635697.66830016,3409923.32017284,"Site_469","scheme_code28"
2004,"Species1",12,8e+05,3635697.66830016,3409923.32017284,"Site_469","scheme_code28"
2003,"Species1",14,8e+05,3635697.66830016,3409923.32017284,"Site_469","scheme_code28"
2014,"Species1",14,8e+05,3635697.66830016,3409923.32017284,"Site_469","scheme_code28"
2013,"Species1",22,8e+05,3635697.66830016,3409923.32017284,"Site_469","scheme_code28"
2007,"Species1",13,8e+05,3635697.66830016,3409923.32017284,"Site_469","scheme_code28"
2002,"Species1",12,8e+05,3635697.66830016,3409923.32017284,"Site_469","scheme_code28"
2005,"Species1",17,8e+05,3635697.66830016,3409923.32017284,"Site_469","scheme_code28"
2016,"Species1",12,8e+05,3635697.66830016,3409923.32017284,"Site_469","scheme_code28"
2015,"Species1",20,8e+05,3635697.66830016,3409923.32017284,"Site_469","scheme_code28"
2006,"Species1",9,8e+05,3635697.66830016,3409923.32017284,"Site_469","scheme_code28"
2017,"Species1",8,8e+05,3641079.63358467,3347031.81084427,"Site_470","scheme_code28"
2010,"Species1",2,8e+05,3641079.63358467,3347031.81084427,"Site_470","scheme_code28"
2006,"Species1",4,8e+05,3641079.63358467,3347031.81084427,"Site_470","scheme_code28"
2016,"Species1",7,8e+05,3641079.63358467,3347031.81084427,"Site_470","scheme_code28"
2007,"Species1",3,8e+05,3641079.63358467,3347031.81084427,"Site_470","scheme_code28"
2003,"Species1",5,8e+05,3641079.63358467,3347031.81084427,"Site_470","scheme_code28"
2012,"Species1",8,8e+05,3641079.63358467,3347031.81084427,"Site_470","scheme_code28"
2013,"Species1",3,8e+05,3641079.63358467,3347031.81084427,"Site_470","scheme_code28"
2015,"Species1",9,8e+05,3641079.63358467,3347031.81084427,"Site_470","scheme_code28"
2004,"Species1",2,8e+05,3641079.63358467,3347031.81084427,"Site_470","scheme_code28"
2005,"Species1",6,8e+05,3641079.63358467,3347031.81084427,"Site_470","scheme_code28"
2008,"Species1",2,8e+05,3641079.63358467,3347031.81084427,"Site_470","scheme_code28"
2000,"Species1",10,8e+05,3641079.63358467,3347031.81084427,"Site_470","scheme_code28"
2002,"Species1",3,8e+05,3641079.63358467,3347031.81084427,"Site_470","scheme_code28"
2014,"Species1",9,8e+05,3641079.63358467,3347031.81084427,"Site_470","scheme_code28"
2009,"Species1",4,8e+05,3641079.63358467,3347031.81084427,"Site_470","scheme_code28"
2007,"Species1",7,8e+05,3681147.04915054,3315913.4828537,"Site_471","scheme_code28"
2017,"Species1",3,8e+05,3681147.04915054,3315913.4828537,"Site_471","scheme_code28"
2008,"Species1",3,8e+05,3681147.04915054,3315913.4828537,"Site_471","scheme_code28"
2005,"Species1",1,8e+05,3681147.04915054,3315913.4828537,"Site_471","scheme_code28"
2009,"Species1",3,8e+05,3681147.04915054,3315913.4828537,"Site_471","scheme_code28"
2003,"Species1",5,8e+05,3681147.04915054,3315913.4828537,"Site_471","scheme_code28"
2006,"Species1",3,8e+05,3681147.04915054,3315913.4828537,"Site_471","scheme_code28"
2004,"Species1",3,8e+05,3681147.04915054,3315913.4828537,"Site_471","scheme_code28"
2002,"Species1",4,8e+05,3705794.31664352,3352352.02499473,"Site_472","scheme_code28"
2009,"Species1",5,8e+05,3705794.31664352,3352352.02499473,"Site_472","scheme_code28"
2008,"Species1",13,8e+05,3705794.31664352,3352352.02499473,"Site_472","scheme_code28"
2003,"Species1",11,8e+05,3705794.31664352,3352352.02499473,"Site_472","scheme_code28"
2005,"Species1",9,8e+05,3705794.31664352,3352352.02499473,"Site_472","scheme_code28"
2004,"Species1",17,8e+05,3705794.31664352,3352352.02499473,"Site_472","scheme_code28"
2000,"Species1",9,8e+05,3705794.31664352,3352352.02499473,"Site_472","scheme_code28"
2013,"Species1",7,8e+05,3710075.45186122,3330022.08591926,"Site_473","scheme_code28"
2011,"Species1",2,8e+05,3710075.45186122,3330022.08591926,"Site_473","scheme_code28"
2018,"Species1",4,8e+05,3710075.45186122,3330022.08591926,"Site_473","scheme_code28"
2010,"Species1",3,8e+05,3710075.45186122,3330022.08591926,"Site_473","scheme_code28"
2006,"Species1",5,8e+05,3710075.45186122,3330022.08591926,"Site_473","scheme_code28"
2008,"Species1",0,8e+05,3710075.45186122,3330022.08591926,"Site_473","scheme_code28"
2019,"Species1",3,8e+05,3710075.45186122,3330022.08591926,"Site_473","scheme_code28"
2003,"Species1",9,8e+05,3710075.45186122,3330022.08591926,"Site_473","scheme_code28"
2016,"Species1",4,8e+05,3710075.45186122,3330022.08591926,"Site_473","scheme_code28"
2015,"Species1",2,8e+05,3710075.45186122,3330022.08591926,"Site_473","scheme_code28"
2017,"Species1",3,8e+05,3710075.45186122,3330022.08591926,"Site_473","scheme_code28"
2004,"Species1",4,8e+05,3710075.45186122,3330022.08591926,"Site_473","scheme_code28"
2002,"Species1",4,8e+05,3710075.45186122,3330022.08591926,"Site_473","scheme_code28"
2009,"Species1",2,8e+05,3710075.45186122,3330022.08591926,"Site_473","scheme_code28"
2005,"Species1",4,8e+05,3710075.45186122,3330022.08591926,"Site_473","scheme_code28"
2012,"Species1",7,8e+05,3710075.45186122,3330022.08591926,"Site_473","scheme_code28"
2014,"Species1",3,8e+05,3710075.45186122,3330022.08591926,"Site_473","scheme_code28"
2000,"Species1",4,8e+05,3710075.45186122,3330022.08591926,"Site_473","scheme_code28"
2015,"Species1",0,8e+05,3746029.51930652,3326944.76994621,"Site_474","scheme_code28"
2017,"Species1",0,8e+05,3746029.51930652,3326944.76994621,"Site_474","scheme_code28"
2013,"Species1",0,8e+05,3746029.51930652,3326944.76994621,"Site_474","scheme_code28"
2016,"Species1",2,8e+05,3746029.51930652,3326944.76994621,"Site_474","scheme_code28"
2006,"Species1",1,8e+05,3746029.51930652,3326944.76994621,"Site_474","scheme_code28"
2009,"Species1",0,8e+05,3746029.51930652,3326944.76994621,"Site_474","scheme_code28"
2004,"Species1",5,8e+05,3746029.51930652,3326944.76994621,"Site_474","scheme_code28"
2018,"Species1",0,8e+05,3746029.51930652,3326944.76994621,"Site_474","scheme_code28"
2007,"Species1",1,8e+05,3746029.51930652,3326944.76994621,"Site_474","scheme_code28"
2012,"Species1",0,8e+05,3746029.51930652,3326944.76994621,"Site_474","scheme_code28"
2008,"Species1",2,8e+05,3746029.51930652,3326944.76994621,"Site_474","scheme_code28"
2010,"Species1",0,8e+05,3746029.51930652,3326944.76994621,"Site_474","scheme_code28"
2003,"Species1",3,8e+05,3746029.51930652,3326944.76994621,"Site_474","scheme_code28"
2011,"Species1",0,8e+05,3746029.51930652,3326944.76994621,"Site_474","scheme_code28"
2021,"Species1",2,8e+05,3746029.51930652,3326944.76994621,"Site_474","scheme_code28"
2019,"Species1",1,8e+05,3746029.51930652,3326944.76994621,"Site_474","scheme_code28"
2005,"Species1",0,8e+05,3746029.51930652,3326944.76994621,"Site_474","scheme_code28"
2014,"Species1",1,8e+05,3746029.51930652,3326944.76994621,"Site_474","scheme_code28"
2016,"Species1",3,8e+05,3605520.35775059,3261405.60331245,"Site_475","scheme_code28"
2012,"Species1",7,8e+05,3605520.35775059,3261405.60331245,"Site_475","scheme_code28"
2014,"Species1",7,8e+05,3605520.35775059,3261405.60331245,"Site_475","scheme_code28"
2019,"Species1",4,8e+05,3605520.35775059,3261405.60331245,"Site_475","scheme_code28"
2007,"Species1",4,8e+05,3605520.35775059,3261405.60331245,"Site_475","scheme_code28"
2017,"Species1",3,8e+05,3605520.35775059,3261405.60331245,"Site_475","scheme_code28"
2006,"Species1",7,8e+05,3605520.35775059,3261405.60331245,"Site_475","scheme_code28"
2005,"Species1",5,8e+05,3605520.35775059,3261405.60331245,"Site_475","scheme_code28"
2018,"Species1",3,8e+05,3605520.35775059,3261405.60331245,"Site_475","scheme_code28"
2013,"Species1",2,8e+05,3605520.35775059,3261405.60331245,"Site_475","scheme_code28"
2015,"Species1",2,8e+05,3605520.35775059,3261405.60331245,"Site_475","scheme_code28"
2011,"Species1",3,8e+05,3605520.35775059,3261405.60331245,"Site_475","scheme_code28"
2021,"Species1",7,8e+05,3605520.35775059,3261405.60331245,"Site_475","scheme_code28"
2019,"Species1",13,8e+05,3629469.09565215,3312932.85622092,"Site_476","scheme_code28"
2008,"Species1",13,8e+05,3629469.09565215,3312932.85622092,"Site_476","scheme_code28"
2013,"Species1",11,8e+05,3629469.09565215,3312932.85622092,"Site_476","scheme_code28"
2014,"Species1",12,8e+05,3629469.09565215,3312932.85622092,"Site_476","scheme_code28"
2012,"Species1",24,8e+05,3629469.09565215,3312932.85622092,"Site_476","scheme_code28"
2010,"Species1",16,8e+05,3629469.09565215,3312932.85622092,"Site_476","scheme_code28"
2015,"Species1",10,8e+05,3629469.09565215,3312932.85622092,"Site_476","scheme_code28"
2018,"Species1",17,8e+05,3629469.09565215,3312932.85622092,"Site_476","scheme_code28"
2007,"Species1",16,8e+05,3629469.09565215,3312932.85622092,"Site_476","scheme_code28"
2011,"Species1",21,8e+05,3629469.09565215,3312932.85622092,"Site_476","scheme_code28"
2009,"Species1",12,8e+05,3629469.09565215,3312932.85622092,"Site_476","scheme_code28"
2016,"Species1",15,8e+05,3629469.09565215,3312932.85622092,"Site_476","scheme_code28"
2017,"Species1",16,8e+05,3629469.09565215,3312932.85622092,"Site_476","scheme_code28"
2006,"Species1",29,8e+05,3629469.09565215,3312932.85622092,"Site_476","scheme_code28"
2021,"Species1",24,8e+05,3629469.09565215,3312932.85622092,"Site_476","scheme_code28"
2012,"Species1",13,8e+05,3626197.53786913,3256716.54465023,"Site_477","scheme_code28"
2006,"Species1",12,8e+05,3626197.53786913,3256716.54465023,"Site_477","scheme_code28"
2004,"Species1",10,8e+05,3626197.53786913,3256716.54465023,"Site_477","scheme_code28"
2005,"Species1",8,8e+05,3626197.53786913,3256716.54465023,"Site_477","scheme_code28"
2010,"Species1",11,8e+05,3626197.53786913,3256716.54465023,"Site_477","scheme_code28"
2013,"Species1",10,8e+05,3626197.53786913,3256716.54465023,"Site_477","scheme_code28"
2008,"Species1",10,8e+05,3626197.53786913,3256716.54465023,"Site_477","scheme_code28"
2009,"Species1",11,8e+05,3626197.53786913,3256716.54465023,"Site_477","scheme_code28"
2007,"Species1",13,8e+05,3626197.53786913,3256716.54465023,"Site_477","scheme_code28"
2011,"Species1",11,8e+05,3626197.53786913,3256716.54465023,"Site_477","scheme_code28"
2002,"Species1",7,8e+05,3626197.53786913,3256716.54465023,"Site_477","scheme_code28"
2000,"Species1",14,8e+05,3626197.53786913,3256716.54465023,"Site_477","scheme_code28"
2003,"Species1",12,8e+05,3626197.53786913,3256716.54465023,"Site_477","scheme_code28"
2019,"Species1",1,8e+05,3624163.98471519,3239619.65174649,"Site_478","scheme_code28"
2000,"Species1",6,8e+05,3624163.98471519,3239619.65174649,"Site_478","scheme_code28"
2017,"Species1",2,8e+05,3624163.98471519,3239619.65174649,"Site_478","scheme_code28"
2006,"Species1",5,8e+05,3624163.98471519,3239619.65174649,"Site_478","scheme_code28"
2014,"Species1",2,8e+05,3624163.98471519,3239619.65174649,"Site_478","scheme_code28"
2007,"Species1",2,8e+05,3624163.98471519,3239619.65174649,"Site_478","scheme_code28"
2013,"Species1",1,8e+05,3624163.98471519,3239619.65174649,"Site_478","scheme_code28"
2009,"Species1",2,8e+05,3624163.98471519,3239619.65174649,"Site_478","scheme_code28"
2016,"Species1",1,8e+05,3624163.98471519,3239619.65174649,"Site_478","scheme_code28"
2002,"Species1",6,8e+05,3624163.98471519,3239619.65174649,"Site_478","scheme_code28"
2012,"Species1",3,8e+05,3624163.98471519,3239619.65174649,"Site_478","scheme_code28"
2003,"Species1",6,8e+05,3624163.98471519,3239619.65174649,"Site_478","scheme_code28"
2004,"Species1",5,8e+05,3624163.98471519,3239619.65174649,"Site_478","scheme_code28"
2005,"Species1",6,8e+05,3624163.98471519,3239619.65174649,"Site_478","scheme_code28"
2008,"Species1",4,8e+05,3624163.98471519,3239619.65174649,"Site_478","scheme_code28"
2014,"Species1",12,8e+05,3650008.19064972,3270062.84670447,"Site_479","scheme_code28"
2009,"Species1",16,8e+05,3650008.19064972,3270062.84670447,"Site_479","scheme_code28"
2000,"Species1",8,8e+05,3650008.19064972,3270062.84670447,"Site_479","scheme_code28"
2010,"Species1",23,8e+05,3650008.19064972,3270062.84670447,"Site_479","scheme_code28"
2017,"Species1",5,8e+05,3650008.19064972,3270062.84670447,"Site_479","scheme_code28"
2004,"Species1",6,8e+05,3650008.19064972,3270062.84670447,"Site_479","scheme_code28"
2021,"Species1",13,8e+05,3650008.19064972,3270062.84670447,"Site_479","scheme_code28"
2005,"Species1",6,8e+05,3650008.19064972,3270062.84670447,"Site_479","scheme_code28"
2016,"Species1",3,8e+05,3650008.19064972,3270062.84670447,"Site_479","scheme_code28"
2002,"Species1",2,8e+05,3650008.19064972,3270062.84670447,"Site_479","scheme_code28"
2003,"Species1",5,8e+05,3650008.19064972,3270062.84670447,"Site_479","scheme_code28"
2015,"Species1",5,8e+05,3650008.19064972,3270062.84670447,"Site_479","scheme_code28"
2018,"Species1",7,8e+05,3650008.19064972,3270062.84670447,"Site_479","scheme_code28"
2008,"Species1",12,8e+05,3650008.19064972,3270062.84670447,"Site_479","scheme_code28"
2007,"Species1",16,8e+05,3650008.19064972,3270062.84670447,"Site_479","scheme_code28"
2006,"Species1",4,8e+05,3650008.19064972,3270062.84670447,"Site_479","scheme_code28"
2019,"Species1",10,8e+05,3650008.19064972,3270062.84670447,"Site_479","scheme_code28"
2013,"Species1",2,8e+05,3650008.19064972,3270062.84670447,"Site_479","scheme_code28"
2000,"Species1",5,8e+05,3650356.05797657,3234400.01266975,"Site_480","scheme_code28"
2010,"Species1",3,8e+05,3650356.05797657,3234400.01266975,"Site_480","scheme_code28"
2005,"Species1",1,8e+05,3650356.05797657,3234400.01266975,"Site_480","scheme_code28"
2011,"Species1",0,8e+05,3650356.05797657,3234400.01266975,"Site_480","scheme_code28"
2009,"Species1",3,8e+05,3650356.05797657,3234400.01266975,"Site_480","scheme_code28"
2014,"Species1",3,8e+05,3650356.05797657,3234400.01266975,"Site_480","scheme_code28"
2007,"Species1",0,8e+05,3650356.05797657,3234400.01266975,"Site_480","scheme_code28"
2017,"Species1",3,8e+05,3650356.05797657,3234400.01266975,"Site_480","scheme_code28"
2012,"Species1",1,8e+05,3650356.05797657,3234400.01266975,"Site_480","scheme_code28"
2015,"Species1",2,8e+05,3650356.05797657,3234400.01266975,"Site_480","scheme_code28"
2006,"Species1",0,8e+05,3650356.05797657,3234400.01266975,"Site_480","scheme_code28"
2016,"Species1",3,8e+05,3650356.05797657,3234400.01266975,"Site_480","scheme_code28"
2008,"Species1",1,8e+05,3650356.05797657,3234400.01266975,"Site_480","scheme_code28"
2013,"Species1",2,8e+05,3650356.05797657,3234400.01266975,"Site_480","scheme_code28"
2018,"Species1",1,8e+05,3650356.05797657,3234400.01266975,"Site_480","scheme_code28"
2004,"Species1",0,8e+05,3650356.05797657,3234400.01266975,"Site_480","scheme_code28"
2019,"Species1",1,8e+05,3650356.05797657,3234400.01266975,"Site_480","scheme_code28"
2007,"Species1",3,8e+05,3664698.03780705,3277036.46181601,"Site_481","scheme_code28"
2012,"Species1",19,8e+05,3664698.03780705,3277036.46181601,"Site_481","scheme_code28"
2010,"Species1",1,8e+05,3672602.6551072,3296003.52170273,"Site_482","scheme_code28"
2005,"Species1",2,8e+05,3672602.6551072,3296003.52170273,"Site_482","scheme_code28"
2004,"Species1",2,8e+05,3672602.6551072,3296003.52170273,"Site_482","scheme_code28"
2007,"Species1",3,8e+05,3672602.6551072,3296003.52170273,"Site_482","scheme_code28"
2008,"Species1",3,8e+05,3672602.6551072,3296003.52170273,"Site_482","scheme_code28"
2012,"Species1",1,8e+05,3672602.6551072,3296003.52170273,"Site_482","scheme_code28"
2006,"Species1",2,8e+05,3672602.6551072,3296003.52170273,"Site_482","scheme_code28"
2018,"Species1",0,8e+05,3666660.59211174,3280626.68025027,"Site_483","scheme_code28"
2007,"Species1",11,8e+05,3666660.59211174,3280626.68025027,"Site_483","scheme_code28"
2019,"Species1",4,8e+05,3666660.59211174,3280626.68025027,"Site_483","scheme_code28"
2021,"Species1",5,8e+05,3666660.59211174,3280626.68025027,"Site_483","scheme_code28"
2017,"Species1",2,8e+05,3666660.59211174,3280626.68025027,"Site_483","scheme_code28"
2010,"Species1",2,8e+05,3663415.21824738,3276298.03850191,"Site_484","scheme_code28"
2005,"Species1",3,8e+05,3663415.21824738,3276298.03850191,"Site_484","scheme_code28"
2012,"Species1",3,8e+05,3663415.21824738,3276298.03850191,"Site_484","scheme_code28"
2009,"Species1",4,8e+05,3663415.21824738,3276298.03850191,"Site_484","scheme_code28"
2021,"Species1",5,8e+05,3663415.21824738,3276298.03850191,"Site_484","scheme_code28"
2007,"Species1",0,8e+05,3663415.21824738,3276298.03850191,"Site_484","scheme_code28"
2008,"Species1",1,8e+05,3663415.21824738,3276298.03850191,"Site_484","scheme_code28"
2011,"Species1",2,8e+05,3663415.21824738,3276298.03850191,"Site_484","scheme_code28"
2013,"Species1",1,8e+05,3673511.44341135,3258305.6371196,"Site_485","scheme_code28"
2015,"Species1",1,8e+05,3673511.44341135,3258305.6371196,"Site_485","scheme_code28"
2007,"Species1",1,8e+05,3673511.44341135,3258305.6371196,"Site_485","scheme_code28"
2014,"Species1",2,8e+05,3673511.44341135,3258305.6371196,"Site_485","scheme_code28"
2005,"Species1",0,8e+05,3673511.44341135,3258305.6371196,"Site_485","scheme_code28"
2018,"Species1",1,8e+05,3673511.44341135,3258305.6371196,"Site_485","scheme_code28"
2009,"Species1",0,8e+05,3673511.44341135,3258305.6371196,"Site_485","scheme_code28"
2016,"Species1",1,8e+05,3673511.44341135,3258305.6371196,"Site_485","scheme_code28"
2008,"Species1",0,8e+05,3673511.44341135,3258305.6371196,"Site_485","scheme_code28"
2021,"Species1",3,8e+05,3673511.44341135,3258305.6371196,"Site_485","scheme_code28"
2019,"Species1",1,8e+05,3673511.44341135,3258305.6371196,"Site_485","scheme_code28"
2012,"Species1",0,8e+05,3673511.44341135,3258305.6371196,"Site_485","scheme_code28"
2011,"Species1",1,8e+05,3673511.44341135,3258305.6371196,"Site_485","scheme_code28"
2017,"Species1",1,8e+05,3673511.44341135,3258305.6371196,"Site_485","scheme_code28"
2006,"Species1",1,8e+05,3673511.44341135,3258305.6371196,"Site_485","scheme_code28"
2010,"Species1",3,8e+05,3673511.44341135,3258305.6371196,"Site_485","scheme_code28"
2019,"Species1",2,8e+05,3677201.05521091,3240205.1709507,"Site_486","scheme_code28"
2007,"Species1",1,8e+05,3677201.05521091,3240205.1709507,"Site_486","scheme_code28"
2021,"Species1",1,8e+05,3677201.05521091,3240205.1709507,"Site_486","scheme_code28"
2005,"Species1",8,8e+05,3696519.29017479,3284008.77553084,"Site_487","scheme_code28"
2006,"Species1",11,8e+05,3696519.29017479,3284008.77553084,"Site_487","scheme_code28"
2016,"Species1",10,8e+05,3696519.29017479,3284008.77553084,"Site_487","scheme_code28"
2018,"Species1",3,8e+05,3696519.29017479,3284008.77553084,"Site_487","scheme_code28"
2019,"Species1",9,8e+05,3696519.29017479,3284008.77553084,"Site_487","scheme_code28"
2017,"Species1",6,8e+05,3696519.29017479,3284008.77553084,"Site_487","scheme_code28"
2007,"Species1",20,8e+05,3696519.29017479,3284008.77553084,"Site_487","scheme_code28"
2015,"Species1",31,8e+05,3701505.00476828,3205979.02560528,"Site_488","scheme_code28"
2019,"Species1",7,8e+05,3701505.00476828,3205979.02560528,"Site_488","scheme_code28"
2021,"Species1",5,8e+05,3701505.00476828,3205979.02560528,"Site_488","scheme_code28"
2018,"Species1",10,8e+05,3701505.00476828,3205979.02560528,"Site_488","scheme_code28"
2013,"Species1",29,8e+05,3701505.00476828,3205979.02560528,"Site_488","scheme_code28"
2017,"Species1",10,8e+05,3701505.00476828,3205979.02560528,"Site_488","scheme_code28"
2014,"Species1",26,8e+05,3701505.00476828,3205979.02560528,"Site_488","scheme_code28"
2012,"Species1",36,8e+05,3701505.00476828,3205979.02560528,"Site_488","scheme_code28"
2016,"Species1",28,8e+05,3701505.00476828,3205979.02560528,"Site_488","scheme_code28"
2019,"Species1",10,8e+05,3717251.65814918,3314197.87323788,"Site_489","scheme_code28"
2016,"Species1",9,8e+05,3717251.65814918,3314197.87323788,"Site_489","scheme_code28"
2018,"Species1",0,8e+05,3717251.65814918,3314197.87323788,"Site_489","scheme_code28"
2007,"Species1",4,8e+05,3717251.65814918,3314197.87323788,"Site_489","scheme_code28"
2019,"Species1",3,8e+05,3737259.77528634,3296552.90753008,"Site_490","scheme_code28"
2014,"Species1",1,8e+05,3737259.77528634,3296552.90753008,"Site_490","scheme_code28"
2021,"Species1",2,8e+05,3737259.77528634,3296552.90753008,"Site_490","scheme_code28"
2015,"Species1",1,8e+05,3737259.77528634,3296552.90753008,"Site_490","scheme_code28"
2002,"Species1",0,8e+05,3589870.72878918,3166274.47124042,"Site_491","scheme_code28"
2021,"Species1",1,8e+05,3589870.72878918,3166274.47124042,"Site_491","scheme_code28"
2007,"Species1",0,8e+05,3589870.72878918,3166274.47124042,"Site_491","scheme_code28"
2005,"Species1",0,8e+05,3589870.72878918,3166274.47124042,"Site_491","scheme_code28"
2003,"Species1",0,8e+05,3589870.72878918,3166274.47124042,"Site_491","scheme_code28"
2018,"Species1",0,8e+05,3589870.72878918,3166274.47124042,"Site_491","scheme_code28"
2000,"Species1",0,8e+05,3589870.72878918,3166274.47124042,"Site_491","scheme_code28"
2019,"Species1",0,8e+05,3589870.72878918,3166274.47124042,"Site_491","scheme_code28"
2017,"Species1",0,8e+05,3589870.72878918,3166274.47124042,"Site_491","scheme_code28"
2004,"Species1",0,8e+05,3589870.72878918,3166274.47124042,"Site_491","scheme_code28"
2006,"Species1",1,8e+05,3589870.72878918,3166274.47124042,"Site_491","scheme_code28"
2012,"Species1",0,8e+05,3589870.72878918,3166274.47124042,"Site_491","scheme_code28"
2015,"Species1",0,8e+05,3589870.72878918,3166274.47124042,"Site_491","scheme_code28"
2003,"Species1",3,8e+05,3615807.98006576,3185098.83618116,"Site_492","scheme_code28"
2004,"Species1",12,8e+05,3615807.98006576,3185098.83618116,"Site_492","scheme_code28"
2005,"Species1",8,8e+05,3615807.98006576,3185098.83618116,"Site_492","scheme_code28"
2007,"Species1",9,8e+05,3615807.98006576,3185098.83618116,"Site_492","scheme_code28"
2002,"Species1",5,8e+05,3615807.98006576,3185098.83618116,"Site_492","scheme_code28"
2006,"Species1",4,8e+05,3615807.98006576,3185098.83618116,"Site_492","scheme_code28"
2000,"Species1",6,8e+05,3615807.98006576,3185098.83618116,"Site_492","scheme_code28"
2008,"Species1",8,8e+05,3615807.98006576,3185098.83618116,"Site_492","scheme_code28"
2012,"Species1",0,8e+05,3614198.67648775,3142534.29057708,"Site_493","scheme_code28"
2015,"Species1",1,8e+05,3614198.67648775,3142534.29057708,"Site_493","scheme_code28"
2013,"Species1",0,8e+05,3614198.67648775,3142534.29057708,"Site_493","scheme_code28"
2003,"Species1",7,8e+05,3632233.00978529,3160536.75623975,"Site_494","scheme_code28"
2002,"Species1",1,8e+05,3632233.00978529,3160536.75623975,"Site_494","scheme_code28"
2009,"Species1",3,8e+05,3632233.00978529,3160536.75623975,"Site_494","scheme_code28"
2005,"Species1",3,8e+05,3632233.00978529,3160536.75623975,"Site_494","scheme_code28"
2007,"Species1",2,8e+05,3632233.00978529,3160536.75623975,"Site_494","scheme_code28"
2011,"Species1",2,8e+05,3632233.00978529,3160536.75623975,"Site_494","scheme_code28"
2010,"Species1",2,8e+05,3632233.00978529,3160536.75623975,"Site_494","scheme_code28"
2008,"Species1",3,8e+05,3632233.00978529,3160536.75623975,"Site_494","scheme_code28"
2004,"Species1",3,8e+05,3632233.00978529,3160536.75623975,"Site_494","scheme_code28"
2006,"Species1",3,8e+05,3632233.00978529,3160536.75623975,"Site_494","scheme_code28"
2000,"Species1",3,8e+05,3632233.00978529,3160536.75623975,"Site_494","scheme_code28"
2016,"Species1",0,8e+05,3644621.42954588,3213112.30003525,"Site_495","scheme_code28"
2011,"Species1",0,8e+05,3644621.42954588,3213112.30003525,"Site_495","scheme_code28"
2014,"Species1",0,8e+05,3644621.42954588,3213112.30003525,"Site_495","scheme_code28"
2000,"Species1",0,8e+05,3644621.42954588,3213112.30003525,"Site_495","scheme_code28"
2005,"Species1",0,8e+05,3644621.42954588,3213112.30003525,"Site_495","scheme_code28"
2007,"Species1",0,8e+05,3644621.42954588,3213112.30003525,"Site_495","scheme_code28"
2012,"Species1",0,8e+05,3644621.42954588,3213112.30003525,"Site_495","scheme_code28"
2017,"Species1",0,8e+05,3644621.42954588,3213112.30003525,"Site_495","scheme_code28"
2004,"Species1",0,8e+05,3644621.42954588,3213112.30003525,"Site_495","scheme_code28"
2021,"Species1",0,8e+05,3644621.42954588,3213112.30003525,"Site_495","scheme_code28"
2006,"Species1",0,8e+05,3644621.42954588,3213112.30003525,"Site_495","scheme_code28"
2003,"Species1",0,8e+05,3644621.42954588,3213112.30003525,"Site_495","scheme_code28"
2013,"Species1",0,8e+05,3644621.42954588,3213112.30003525,"Site_495","scheme_code28"
2019,"Species1",0,8e+05,3644621.42954588,3213112.30003525,"Site_495","scheme_code28"
2018,"Species1",0,8e+05,3644621.42954588,3213112.30003525,"Site_495","scheme_code28"
2002,"Species1",0,8e+05,3644621.42954588,3213112.30003525,"Site_495","scheme_code28"
2015,"Species1",0,8e+05,3644621.42954588,3213112.30003525,"Site_495","scheme_code28"
2009,"Species1",0,8e+05,3644621.42954588,3213112.30003525,"Site_495","scheme_code28"
2010,"Species1",0,8e+05,3644621.42954588,3213112.30003525,"Site_495","scheme_code28"
2008,"Species1",0,8e+05,3644621.42954588,3213112.30003525,"Site_495","scheme_code28"
2016,"Species1",8,8e+05,3645485.02403116,3209987.64303154,"Site_496","scheme_code28"
2017,"Species1",1,8e+05,3645485.02403116,3209987.64303154,"Site_496","scheme_code28"
2005,"Species1",1,8e+05,3645485.02403116,3209987.64303154,"Site_496","scheme_code28"
2015,"Species1",2,8e+05,3645485.02403116,3209987.64303154,"Site_496","scheme_code28"
2014,"Species1",0,8e+05,3645485.02403116,3209987.64303154,"Site_496","scheme_code28"
2013,"Species1",2,8e+05,3645485.02403116,3209987.64303154,"Site_496","scheme_code28"
2007,"Species1",7,8e+05,3645485.02403116,3209987.64303154,"Site_496","scheme_code28"
2012,"Species1",9,8e+05,3645485.02403116,3209987.64303154,"Site_496","scheme_code28"
2006,"Species1",5,8e+05,3645485.02403116,3209987.64303154,"Site_496","scheme_code28"
2004,"Species1",17,8e+05,3636228.34101304,3153807.13399777,"Site_497","scheme_code28"
2003,"Species1",15,8e+05,3636228.34101304,3153807.13399777,"Site_497","scheme_code28"
2018,"Species1",7,8e+05,3636228.34101304,3153807.13399777,"Site_497","scheme_code28"
2008,"Species1",10,8e+05,3636228.34101304,3153807.13399777,"Site_497","scheme_code28"
2017,"Species1",13,8e+05,3636228.34101304,3153807.13399777,"Site_497","scheme_code28"
2010,"Species1",7,8e+05,3636228.34101304,3153807.13399777,"Site_497","scheme_code28"
2002,"Species1",21,8e+05,3636228.34101304,3153807.13399777,"Site_497","scheme_code28"
2013,"Species1",4,8e+05,3636228.34101304,3153807.13399777,"Site_497","scheme_code28"
2019,"Species1",10,8e+05,3636228.34101304,3153807.13399777,"Site_497","scheme_code28"
2012,"Species1",7,8e+05,3636228.34101304,3153807.13399777,"Site_497","scheme_code28"
2014,"Species1",10,8e+05,3636228.34101304,3153807.13399777,"Site_497","scheme_code28"
2000,"Species1",18,8e+05,3636228.34101304,3153807.13399777,"Site_497","scheme_code28"
2015,"Species1",9,8e+05,3636228.34101304,3153807.13399777,"Site_497","scheme_code28"
2021,"Species1",8,8e+05,3636228.34101304,3153807.13399777,"Site_497","scheme_code28"
2011,"Species1",3,8e+05,3636228.34101304,3153807.13399777,"Site_497","scheme_code28"
2009,"Species1",9,8e+05,3636228.34101304,3153807.13399777,"Site_497","scheme_code28"
2016,"Species1",10,8e+05,3636228.34101304,3153807.13399777,"Site_497","scheme_code28"
2005,"Species1",12,8e+05,3636228.34101304,3153807.13399777,"Site_497","scheme_code28"
2006,"Species1",13,8e+05,3636228.34101304,3153807.13399777,"Site_497","scheme_code28"
2007,"Species1",13,8e+05,3636228.34101304,3153807.13399777,"Site_497","scheme_code28"
2002,"Species1",2,8e+05,3654082.19279671,3174901.65155516,"Site_498","scheme_code28"
2008,"Species1",2,8e+05,3654082.19279671,3174901.65155516,"Site_498","scheme_code28"
2005,"Species1",6,8e+05,3654082.19279671,3174901.65155516,"Site_498","scheme_code28"
2004,"Species1",3,8e+05,3654082.19279671,3174901.65155516,"Site_498","scheme_code28"
2003,"Species1",5,8e+05,3654082.19279671,3174901.65155516,"Site_498","scheme_code28"
2007,"Species1",2,8e+05,3654082.19279671,3174901.65155516,"Site_498","scheme_code28"
2006,"Species1",1,8e+05,3654082.19279671,3174901.65155516,"Site_498","scheme_code28"
2010,"Species1",7,8e+05,3654082.19279671,3174901.65155516,"Site_498","scheme_code28"
2019,"Species1",16,8e+05,3687470.10637226,3152710.59599352,"Site_499","scheme_code28"
2018,"Species1",13,8e+05,3687470.10637226,3152710.59599352,"Site_499","scheme_code28"
2015,"Species1",6,8e+05,3687470.10637226,3152710.59599352,"Site_499","scheme_code28"
2010,"Species1",5,8e+05,3687470.10637226,3152710.59599352,"Site_499","scheme_code28"
2014,"Species1",13,8e+05,3687470.10637226,3152710.59599352,"Site_499","scheme_code28"
2013,"Species1",10,8e+05,3687470.10637226,3152710.59599352,"Site_499","scheme_code28"
2021,"Species1",12,8e+05,3687470.10637226,3152710.59599352,"Site_499","scheme_code28"
2012,"Species1",8,8e+05,3687470.10637226,3152710.59599352,"Site_499","scheme_code28"
2009,"Species1",4,8e+05,3687470.10637226,3152710.59599352,"Site_499","scheme_code28"
2008,"Species1",5,8e+05,3687470.10637226,3152710.59599352,"Site_499","scheme_code28"
2011,"Species1",11,8e+05,3687470.10637226,3152710.59599352,"Site_499","scheme_code28"
2007,"Species1",8,8e+05,3687470.10637226,3152710.59599352,"Site_499","scheme_code28"
2017,"Species1",10,8e+05,3687470.10637226,3152710.59599352,"Site_499","scheme_code28"
2016,"Species1",5,8e+05,3687470.10637226,3152710.59599352,"Site_499","scheme_code28"
2015,"Species1",1,8e+05,3689596.27027225,3158614.94250092,"Site_500","scheme_code28"
2005,"Species1",1,8e+05,3689596.27027225,3158614.94250092,"Site_500","scheme_code28"
2021,"Species1",0,8e+05,3689596.27027225,3158614.94250092,"Site_500","scheme_code28"
2002,"Species1",1,8e+05,3689596.27027225,3158614.94250092,"Site_500","scheme_code28"
2007,"Species1",0,8e+05,3689596.27027225,3158614.94250092,"Site_500","scheme_code28"
2010,"Species1",0,8e+05,3689596.27027225,3158614.94250092,"Site_500","scheme_code28"
2004,"Species1",0,8e+05,3689596.27027225,3158614.94250092,"Site_500","scheme_code28"
2016,"Species1",0,8e+05,3689596.27027225,3158614.94250092,"Site_500","scheme_code28"
2012,"Species1",0,8e+05,3689596.27027225,3158614.94250092,"Site_500","scheme_code28"
2011,"Species1",0,8e+05,3689596.27027225,3158614.94250092,"Site_500","scheme_code28"
2009,"Species1",0,8e+05,3689596.27027225,3158614.94250092,"Site_500","scheme_code28"
2006,"Species1",0,8e+05,3689596.27027225,3158614.94250092,"Site_500","scheme_code28"
2018,"Species1",0,8e+05,3689596.27027225,3158614.94250092,"Site_500","scheme_code28"
2017,"Species1",0,8e+05,3689596.27027225,3158614.94250092,"Site_500","scheme_code28"
2003,"Species1",0,8e+05,3689596.27027225,3158614.94250092,"Site_500","scheme_code28"
2019,"Species1",0,8e+05,3689596.27027225,3158614.94250092,"Site_500","scheme_code28"
2014,"Species1",2,8e+05,3689596.27027225,3158614.94250092,"Site_500","scheme_code28"
2000,"Species1",0,8e+05,3689596.27027225,3158614.94250092,"Site_500","scheme_code28"
2013,"Species1",0,8e+05,3689596.27027225,3158614.94250092,"Site_500","scheme_code28"
2008,"Species1",1,8e+05,3689596.27027225,3158614.94250092,"Site_500","scheme_code28"
